payment_id,expected_status,violation_types,primary_violation_types,downstream_violation_types,expected_verified_loss,notes
PAY_PROD_000001,UNRESOLVED_RELATIONSHIP,,,,0.00,Ambiguous bank-settlement relationship; should not be force-matched.
PAY_PROD_000002,UNRESOLVED_RELATIONSHIP,,,,0.00,Ambiguous bank-settlement relationship; should not be force-matched.
PAY_PROD_000003,UNRESOLVED_RELATIONSHIP,,,,0.00,Ambiguous bank-settlement relationship; should not be force-matched.
PAY_PROD_000004,UNRESOLVED_RELATIONSHIP,,,,0.00,Ambiguous bank-settlement relationship; should not be force-matched.
PAY_PROD_000005,UNRESOLVED_RELATIONSHIP,,,,0.00,Ambiguous bank-settlement relationship; should not be force-matched.
PAY_PROD_000006,UNRESOLVED_RELATIONSHIP,,,,0.00,Ambiguous bank-settlement relationship; should not be force-matched.
PAY_PROD_000007,UNRESOLVED_RELATIONSHIP,,,,0.00,Ambiguous bank-settlement relationship; should not be force-matched.
PAY_PROD_000008,UNRESOLVED_RELATIONSHIP,,,,0.00,Ambiguous bank-settlement relationship; should not be force-matched.
PAY_PROD_000009,UNRESOLVED_RELATIONSHIP,,,,0.00,Ambiguous bank-settlement relationship; should not be force-matched.
PAY_PROD_000010,UNRESOLVED_RELATIONSHIP,,,,0.00,Ambiguous bank-settlement relationship; should not be force-matched.
PAY_PROD_000011,UNRESOLVED_RELATIONSHIP,,,,0.00,Ambiguous bank-settlement relationship; should not be force-matched.
PAY_PROD_000012,UNRESOLVED_RELATIONSHIP,,,,0.00,Ambiguous bank-settlement relationship; should not be force-matched.
PAY_PROD_000013,UNRESOLVED_RELATIONSHIP,,,,0.00,Ambiguous bank-settlement relationship; should not be force-matched.
PAY_PROD_000014,UNRESOLVED_RELATIONSHIP,,,,0.00,Ambiguous bank-settlement relationship; should not be force-matched.
PAY_PROD_000015,UNRESOLVED_RELATIONSHIP,,,,0.00,Ambiguous bank-settlement relationship; should not be force-matched.
PAY_PROD_000016,UNRESOLVED_RELATIONSHIP,,,,0.00,Ambiguous bank-settlement relationship; should not be force-matched.
PAY_PROD_000017,PASS,,,,0.00,
PAY_PROD_000018,PASS,,,,0.00,
PAY_PROD_000019,PASS,,,,0.00,
PAY_PROD_000020,PASS,,,,0.00,
PAY_PROD_000021,PASS,,,,0.00,
PAY_PROD_000022,PASS,,,,0.00,
PAY_PROD_000023,PASS,,,,0.00,
PAY_PROD_000024,VIOLATION,SETTLEMENT_SLA,SETTLEMENT_SLA,,0.00,"SLA proven from raw records: captured 2026-08-25T15:20:00, due 2026-08-27T15:20:00, settled 2026-09-01T14:30:00 (3 business days late)."
PAY_PROD_000025,VIOLATION,SETTLEMENT_SLA,SETTLEMENT_SLA,,0.00,"SLA proven from raw records: captured 2026-08-25T15:37:00, due 2026-08-27T15:37:00, settled 2026-09-01T14:30:00 (3 business days late)."
PAY_PROD_000026,VIOLATION,GST_ON_FEE;SETTLEMENT_SLA,GST_ON_FEE;SETTLEMENT_SLA,,2.17,"SLA proven from raw records: captured 2026-08-25T15:50:00, due 2026-08-27T15:50:00, settled 2026-09-01T14:30:00 (3 business days late)."
PAY_PROD_000027,VIOLATION,GST_ON_FEE;MDR_RATE;SETTLEMENT_SLA,MDR_RATE;SETTLEMENT_SLA,GST_ON_FEE,1.89,"SLA proven from raw records: captured 2026-08-25T16:17:00, due 2026-08-27T16:17:00, settled 2026-09-01T14:30:00 (3 business days late)."
PAY_PROD_000028,VIOLATION,SETTLEMENT_SLA,SETTLEMENT_SLA,,0.00,"SLA proven from raw records: captured 2026-08-25T16:34:00, due 2026-08-27T16:34:00, settled 2026-09-01T14:30:00 (3 business days late)."
PAY_PROD_000029,VIOLATION,SETTLEMENT_SLA,SETTLEMENT_SLA,,0.00,"SLA proven from raw records: captured 2026-08-25T16:43:00, due 2026-08-27T16:43:00, settled 2026-09-01T14:30:00 (3 business days late)."
PAY_PROD_000030,VIOLATION,SETTLEMENT_SLA,SETTLEMENT_SLA,,0.00,"SLA proven from raw records: captured 2026-08-25T17:06:00, due 2026-08-27T17:06:00, settled 2026-09-01T14:30:00 (3 business days late)."
PAY_PROD_000031,VIOLATION,DUPLICATE_REFUND_DEDUCTION;SETTLEMENT_SLA,DUPLICATE_REFUND_DEDUCTION;SETTLEMENT_SLA,,1249.90,"SLA proven from raw records: captured 2026-08-25T17:24:00, due 2026-08-27T17:24:00, settled 2026-09-01T14:30:00 (3 business days late)."
PAY_PROD_000032,VIOLATION,SETTLEMENT_SLA,SETTLEMENT_SLA,,0.00,"SLA proven from raw records: captured 2026-08-25T17:42:00, due 2026-08-27T17:42:00, settled 2026-09-01T14:30:00 (3 business days late)."
PAY_PROD_000033,VIOLATION,SETTLEMENT_SLA,SETTLEMENT_SLA,,0.00,
PAY_PROD_000034,PASS,,,,0.00,
PAY_PROD_000035,PASS,,,,0.00,
PAY_PROD_000036,PASS,,,,0.00,
PAY_PROD_000037,PASS,,,,0.00,
PAY_PROD_000038,VIOLATION,GST_ON_FEE;MDR_RATE,MDR_RATE,GST_ON_FEE,11.80,
PAY_PROD_000039,PASS,,,,0.00,
PAY_PROD_000040,PASS,,,,0.00,
PAY_PROD_000041,PASS,,,,0.00,
PAY_PROD_000042,PASS,,,,0.00,
PAY_PROD_000043,PASS,,,,0.00,
PAY_PROD_000044,PASS,,,,0.00,
PAY_PROD_000045,PASS,,,,0.00,
PAY_PROD_000046,PASS,,,,0.00,
PAY_PROD_000047,PASS,,,,0.00,
PAY_PROD_000048,PASS,,,,0.00,
PAY_PROD_000049,PASS,,,,0.00,
PAY_PROD_000050,VIOLATION,SETTLEMENT_SLA,SETTLEMENT_SLA,,0.00,"SLA proven from raw records: captured 2026-08-25T23:03:00, due 2026-08-27T23:03:00, settled 2026-08-28T14:03:00 (1 business days late)."
PAY_PROD_000051,VIOLATION,SETTLEMENT_SLA,SETTLEMENT_SLA,,0.00,"SLA proven from raw records: captured 2026-08-25T23:23:00, due 2026-08-27T23:23:00, settled 2026-08-28T14:03:00 (1 business days late)."
PAY_PROD_000052,VIOLATION,SETTLEMENT_SLA,SETTLEMENT_SLA,,0.00,"SLA proven from raw records: captured 2026-08-25T23:46:00, due 2026-08-27T23:46:00, settled 2026-08-28T14:03:00 (1 business days late)."
PAY_PROD_000053,PASS,,,,0.00,
PAY_PROD_000054,PASS,,,,0.00,
PAY_PROD_000055,PASS,,,,0.00,
PAY_PROD_000056,PASS,,,,0.00,
PAY_PROD_000057,PASS,,,,0.00,
PAY_PROD_000058,PASS,,,,0.00,
PAY_PROD_000059,PASS,,,,0.00,
PAY_PROD_000060,PASS,,,,0.00,
PAY_PROD_000061,VIOLATION,GST_ON_FEE;MDR_RATE,MDR_RATE,GST_ON_FEE,1.89,
PAY_PROD_000062,PASS,,,,0.00,
PAY_PROD_000063,PASS,,,,0.00,
PAY_PROD_000064,PASS,,,,0.00,
PAY_PROD_000065,VIOLATION,DUPLICATE_REFUND_DEDUCTION,DUPLICATE_REFUND_DEDUCTION,,7999.80,
PAY_PROD_000066,PASS,,,,0.00,
PAY_PROD_000067,VIOLATION,GST_ON_FEE;MDR_RATE,MDR_RATE,GST_ON_FEE,5.90,
PAY_PROD_000068,PASS,,,,0.00,
PAY_PROD_000069,PASS,,,,0.00,
PAY_PROD_000070,PASS,,,,0.00,
PAY_PROD_000071,PASS,,,,0.00,
PAY_PROD_000072,PASS,,,,0.00,
PAY_PROD_000073,PASS,,,,0.00,
PAY_PROD_000074,PASS,,,,0.00,
PAY_PROD_000075,PASS,,,,0.00,
PAY_PROD_000076,PASS,,,,0.00,
PAY_PROD_000077,PASS,,,,0.00,
PAY_PROD_000078,PASS,,,,0.00,
PAY_PROD_000079,VIOLATION,UNSUPPORTED_FEE,UNSUPPORTED_FEE,,49.00,
PAY_PROD_000080,PASS,,,,0.00,
PAY_PROD_000081,PASS,,,,0.00,
PAY_PROD_000082,VIOLATION,DUPLICATE_CHARGEBACK_FEE,DUPLICATE_CHARGEBACK_FEE,,250.00,
PAY_PROD_000083,PASS,,,,0.00,
PAY_PROD_000084,PASS,,,,0.00,
PAY_PROD_000085,PASS,,,,0.00,
PAY_PROD_000086,PASS,,,,0.00,
PAY_PROD_000087,PASS,,,,0.00,
PAY_PROD_000088,PASS,,,,0.00,
PAY_PROD_000089,PASS,,,,0.00,
PAY_PROD_000090,PASS,,,,0.00,
PAY_PROD_000091,PASS,,,,0.00,
PAY_PROD_000092,VIOLATION,GST_ON_FEE,GST_ON_FEE,,7.75,
PAY_PROD_000093,PASS,,,,0.00,
PAY_PROD_000094,PASS,,,,0.00,
PAY_PROD_000095,PASS,,,,0.00,
PAY_PROD_000096,PASS,,,,0.00,
PAY_PROD_000097,PASS,,,,0.00,
PAY_PROD_000098,PASS,,,,0.00,
PAY_PROD_000099,PASS,,,,0.00,
PAY_PROD_000100,PASS,,,,0.00,
PAY_PROD_000101,PASS,,,,0.00,
PAY_PROD_000102,VIOLATION,GST_ON_FEE;MDR_RATE,MDR_RATE,GST_ON_FEE,17.70,
PAY_PROD_000103,PASS,,,,0.00,
PAY_PROD_000104,PASS,,,,0.00,
PAY_PROD_000105,PASS,,,,0.00,
PAY_PROD_000106,PASS,,,,0.00,
PAY_PROD_000107,PASS,,,,0.00,
PAY_PROD_000108,PASS,,,,0.00,
PAY_PROD_000109,PASS,,,,0.00,
PAY_PROD_000110,PASS,,,,0.00,
PAY_PROD_000111,PASS,,,,0.00,
PAY_PROD_000112,PASS,,,,0.00,
PAY_PROD_000113,PASS,,,,0.00,
PAY_PROD_000114,PASS,,,,0.00,
PAY_PROD_000115,PASS,,,,0.00,
PAY_PROD_000116,PASS,,,,0.00,
PAY_PROD_000117,PASS,,,,0.00,
PAY_PROD_000118,PASS,,,,0.00,
PAY_PROD_000119,PASS,,,,0.00,
PAY_PROD_000120,PASS,,,,0.00,
PAY_PROD_000121,VIOLATION,SETTLEMENT_SLA,SETTLEMENT_SLA,,0.00,"SLA proven from raw records: captured 2026-08-26T20:29:00, due 2026-08-28T20:29:00, settled 2026-09-02T14:48:00 (3 business days late)."
PAY_PROD_000122,VIOLATION,SETTLEMENT_SLA,SETTLEMENT_SLA,,0.00,"SLA proven from raw records: captured 2026-08-26T20:43:00, due 2026-08-28T20:43:00, settled 2026-09-02T14:48:00 (3 business days late)."
PAY_PROD_000123,VIOLATION,SETTLEMENT_SLA,SETTLEMENT_SLA,,0.00,"SLA proven from raw records: captured 2026-08-26T20:58:00, due 2026-08-28T20:58:00, settled 2026-09-02T14:48:00 (3 business days late)."
PAY_PROD_000124,VIOLATION,SETTLEMENT_SLA,SETTLEMENT_SLA,,0.00,"SLA proven from raw records: captured 2026-08-26T21:12:00, due 2026-08-28T21:12:00, settled 2026-09-02T14:48:00 (3 business days late)."
PAY_PROD_000125,VIOLATION,SETTLEMENT_SLA,SETTLEMENT_SLA,,0.00,
PAY_PROD_000126,VIOLATION,SETTLEMENT_SLA,SETTLEMENT_SLA,,0.00,"SLA proven from raw records: captured 2026-08-26T21:48:00, due 2026-08-28T21:48:00, settled 2026-09-02T14:48:00 (3 business days late)."
PAY_PROD_000127,VIOLATION,SETTLEMENT_SLA,SETTLEMENT_SLA,,0.00,"SLA proven from raw records: captured 2026-08-26T22:10:00, due 2026-08-28T22:10:00, settled 2026-09-02T14:48:00 (3 business days late)."
PAY_PROD_000128,VIOLATION,GST_ON_FEE;SETTLEMENT_SLA,GST_ON_FEE;SETTLEMENT_SLA,,3.10,"SLA proven from raw records: captured 2026-08-26T22:28:00, due 2026-08-28T22:28:00, settled 2026-09-02T14:48:00 (3 business days late)."
PAY_PROD_000129,VIOLATION,SETTLEMENT_SLA,SETTLEMENT_SLA,,0.00,"SLA proven from raw records: captured 2026-08-26T22:46:00, due 2026-08-28T22:46:00, settled 2026-09-02T14:48:00 (3 business days late)."
PAY_PROD_000130,VIOLATION,GST_ON_FEE;MDR_RATE;SETTLEMENT_SLA,MDR_RATE;SETTLEMENT_SLA,GST_ON_FEE,47.20,"SLA proven from raw records: captured 2026-08-26T23:05:00, due 2026-08-28T23:05:00, settled 2026-09-02T14:48:00 (3 business days late)."
PAY_PROD_000131,VIOLATION,SETTLEMENT_SLA,SETTLEMENT_SLA,,0.00,"SLA proven from raw records: captured 2026-08-26T23:28:00, due 2026-08-28T23:28:00, settled 2026-08-31T14:07:00 (1 business days late)."
PAY_PROD_000132,VIOLATION,SETTLEMENT_SLA,SETTLEMENT_SLA,,0.00,"SLA proven from raw records: captured 2026-08-26T23:40:00, due 2026-08-28T23:40:00, settled 2026-08-31T14:07:00 (1 business days late)."
PAY_PROD_000133,VIOLATION,SETTLEMENT_SLA,SETTLEMENT_SLA,,0.00,"SLA proven from raw records: captured 2026-08-26T23:59:00, due 2026-08-28T23:59:00, settled 2026-08-31T14:07:00 (1 business days late)."
PAY_PROD_000134,PASS,,,,0.00,
PAY_PROD_000135,PASS,,,,0.00,
PAY_PROD_000136,PASS,,,,0.00,
PAY_PROD_000137,PASS,,,,0.00,
PAY_PROD_000138,VIOLATION,DUPLICATE_CHARGEBACK_FEE,DUPLICATE_CHARGEBACK_FEE,,250.00,
PAY_PROD_000139,PASS,,,,0.00,
PAY_PROD_000140,PASS,,,,0.00,
PAY_PROD_000141,PASS,,,,0.00,
PAY_PROD_000142,PASS,,,,0.00,
PAY_PROD_000143,PASS,,,,0.00,
PAY_PROD_000144,PASS,,,,0.00,
PAY_PROD_000145,PASS,,,,0.00,
PAY_PROD_000146,PASS,,,,0.00,
PAY_PROD_000147,VIOLATION,GST_ON_FEE;MDR_RATE,MDR_RATE,GST_ON_FEE,29.50,
PAY_PROD_000148,PASS,,,,0.00,
PAY_PROD_000149,PASS,,,,0.00,
PAY_PROD_000150,PASS,,,,0.00,
PAY_PROD_000151,PASS,,,,0.00,
PAY_PROD_000152,PASS,,,,0.00,
PAY_PROD_000153,PASS,,,,0.00,
PAY_PROD_000154,PASS,,,,0.00,
PAY_PROD_000155,PASS,,,,0.00,
PAY_PROD_000156,VIOLATION,GST_ON_FEE;MDR_RATE,MDR_RATE,GST_ON_FEE,29.50,
PAY_PROD_000157,PASS,,,,0.00,
PAY_PROD_000158,PASS,,,,0.00,
PAY_PROD_000159,PASS,,,,0.00,
PAY_PROD_000160,PASS,,,,0.00,
PAY_PROD_000161,PASS,,,,0.00,
PAY_PROD_000162,PASS,,,,0.00,
PAY_PROD_000163,PASS,,,,0.00,
PAY_PROD_000164,PASS,,,,0.00,
PAY_PROD_000165,PASS,,,,0.00,
PAY_PROD_000166,PASS,,,,0.00,
PAY_PROD_000167,VIOLATION,MISSING_BANK_SETTLEMENT;SETTLEMENT_SLA,MISSING_BANK_SETTLEMENT;SETTLEMENT_SLA,,0.00,"SLA proven from raw records: captured 2026-08-27T10:12:00, due 2026-08-31T10:12:00, settled 2026-09-03T14:45:00 (3 business days late)."
PAY_PROD_000168,VIOLATION,MISSING_BANK_SETTLEMENT;SETTLEMENT_SLA,MISSING_BANK_SETTLEMENT;SETTLEMENT_SLA,,0.00,
PAY_PROD_000169,VIOLATION,MISSING_BANK_SETTLEMENT;SETTLEMENT_SLA,MISSING_BANK_SETTLEMENT;SETTLEMENT_SLA,,0.00,"SLA proven from raw records: captured 2026-08-27T10:50:00, due 2026-08-31T10:50:00, settled 2026-09-03T14:45:00 (3 business days late)."
PAY_PROD_000170,VIOLATION,MISSING_BANK_SETTLEMENT;SETTLEMENT_SLA,MISSING_BANK_SETTLEMENT;SETTLEMENT_SLA,,0.00,"SLA proven from raw records: captured 2026-08-27T11:08:00, due 2026-08-31T11:08:00, settled 2026-09-03T14:45:00 (3 business days late)."
PAY_PROD_000171,VIOLATION,MISSING_BANK_SETTLEMENT;SETTLEMENT_SLA,MISSING_BANK_SETTLEMENT;SETTLEMENT_SLA,,0.00,"SLA proven from raw records: captured 2026-08-27T11:19:00, due 2026-08-31T11:19:00, settled 2026-09-03T14:45:00 (3 business days late)."
PAY_PROD_000172,VIOLATION,MISSING_BANK_SETTLEMENT;SETTLEMENT_SLA,MISSING_BANK_SETTLEMENT;SETTLEMENT_SLA,,0.00,"SLA proven from raw records: captured 2026-08-27T11:44:00, due 2026-08-31T11:44:00, settled 2026-09-03T14:45:00 (3 business days late)."
PAY_PROD_000173,PASS,,,,0.00,
PAY_PROD_000174,PASS,,,,0.00,
PAY_PROD_000175,PASS,,,,0.00,
PAY_PROD_000176,PASS,,,,0.00,
PAY_PROD_000177,PASS,,,,0.00,
PAY_PROD_000178,PASS,,,,0.00,
PAY_PROD_000179,PASS,,,,0.00,
PAY_PROD_000180,PASS,,,,0.00,
PAY_PROD_000181,PASS,,,,0.00,
PAY_PROD_000182,PASS,,,,0.00,
PAY_PROD_000183,PASS,,,,0.00,
PAY_PROD_000184,PASS,,,,0.00,
PAY_PROD_000185,PASS,,,,0.00,
PAY_PROD_000186,PASS,,,,0.00,
PAY_PROD_000187,PASS,,,,0.00,
PAY_PROD_000188,PASS,,,,0.00,
PAY_PROD_000189,PASS,,,,0.00,
PAY_PROD_000190,PASS,,,,0.00,
PAY_PROD_000191,PASS,,,,0.00,
PAY_PROD_000192,PASS,,,,0.00,
PAY_PROD_000193,VIOLATION,SETTLEMENT_SLA,SETTLEMENT_SLA,,0.00,"SLA proven from raw records: captured 2026-08-27T17:56:00, due 2026-08-31T17:56:00, settled 2026-09-03T14:16:00 (3 business days late)."
PAY_PROD_000194,VIOLATION,GST_ON_FEE;SETTLEMENT_SLA,GST_ON_FEE;SETTLEMENT_SLA,,3.10,"SLA proven from raw records: captured 2026-08-27T18:17:00, due 2026-08-31T18:17:00, settled 2026-09-03T14:16:00 (3 business days late)."
PAY_PROD_000195,VIOLATION,SETTLEMENT_SLA,SETTLEMENT_SLA,,0.00,"SLA proven from raw records: captured 2026-08-27T18:38:00, due 2026-08-31T18:38:00, settled 2026-09-03T14:16:00 (3 business days late)."
PAY_PROD_000196,VIOLATION,SETTLEMENT_SLA,SETTLEMENT_SLA,,0.00,"SLA proven from raw records: captured 2026-08-27T18:57:00, due 2026-08-31T18:57:00, settled 2026-09-03T14:16:00 (3 business days late)."
PAY_PROD_000197,VIOLATION,SETTLEMENT_SLA,SETTLEMENT_SLA,,0.00,"SLA proven from raw records: captured 2026-08-27T19:13:00, due 2026-08-31T19:13:00, settled 2026-09-03T14:16:00 (3 business days late)."
PAY_PROD_000198,VIOLATION,SETTLEMENT_SLA,SETTLEMENT_SLA,,0.00,"SLA proven from raw records: captured 2026-08-27T19:25:00, due 2026-08-31T19:25:00, settled 2026-09-03T14:16:00 (3 business days late)."
PAY_PROD_000199,VIOLATION,SETTLEMENT_SLA,SETTLEMENT_SLA,,0.00,"SLA proven from raw records: captured 2026-08-27T19:51:00, due 2026-08-31T19:51:00, settled 2026-09-03T14:16:00 (3 business days late)."
PAY_PROD_000200,VIOLATION,SETTLEMENT_SLA,SETTLEMENT_SLA,,0.00,"SLA proven from raw records: captured 2026-08-27T20:05:00, due 2026-08-31T20:05:00, settled 2026-09-03T14:16:00 (3 business days late)."
PAY_PROD_000201,VIOLATION,SETTLEMENT_SLA,SETTLEMENT_SLA,,0.00,"SLA proven from raw records: captured 2026-08-27T20:25:00, due 2026-08-31T20:25:00, settled 2026-09-03T14:16:00 (3 business days late)."
PAY_PROD_000202,VIOLATION,SETTLEMENT_SLA,SETTLEMENT_SLA,,0.00,
PAY_PROD_000203,VIOLATION,SETTLEMENT_SLA,SETTLEMENT_SLA,,0.00,"SLA proven from raw records: captured 2026-08-27T21:03:00, due 2026-08-31T21:03:00, settled 2026-09-03T14:16:00 (3 business days late)."
PAY_PROD_000204,VIOLATION,SETTLEMENT_SLA,SETTLEMENT_SLA,,0.00,"SLA proven from raw records: captured 2026-08-27T21:19:00, due 2026-08-31T21:19:00, settled 2026-09-03T14:16:00 (3 business days late)."
PAY_PROD_000205,PASS,,,,0.00,
PAY_PROD_000206,VIOLATION,REFUND_EXCEEDS_PAYMENT,REFUND_EXCEEDS_PAYMENT,,100.00,
PAY_PROD_000207,PASS,,,,0.00,
PAY_PROD_000208,PASS,,,,0.00,
PAY_PROD_000209,PASS,,,,0.00,
PAY_PROD_000210,PASS,,,,0.00,
PAY_PROD_000211,VIOLATION,REFUND_EXCEEDS_PAYMENT,REFUND_EXCEEDS_PAYMENT,,100.00,
PAY_PROD_000212,PASS,,,,0.00,
PAY_PROD_000213,PASS,,,,0.00,
PAY_PROD_000214,PASS,,,,0.00,
PAY_PROD_000215,PASS,,,,0.00,
PAY_PROD_000216,PASS,,,,0.00,
PAY_PROD_000217,VIOLATION,DUPLICATE_CHARGEBACK_FEE,DUPLICATE_CHARGEBACK_FEE,,250.00,
PAY_PROD_000218,PASS,,,,0.00,
PAY_PROD_000219,PASS,,,,0.00,
PAY_PROD_000220,PASS,,,,0.00,
PAY_PROD_000221,PASS,,,,0.00,
PAY_PROD_000222,PASS,,,,0.00,
PAY_PROD_000223,PASS,,,,0.00,
PAY_PROD_000224,PASS,,,,0.00,
PAY_PROD_000225,PASS,,,,0.00,
PAY_PROD_000226,PASS,,,,0.00,
PAY_PROD_000227,PASS,,,,0.00,
PAY_PROD_000228,PASS,,,,0.00,
PAY_PROD_000229,PASS,,,,0.00,
PAY_PROD_000230,PASS,,,,0.00,
PAY_PROD_000231,PASS,,,,0.00,
PAY_PROD_000232,PASS,,,,0.00,
PAY_PROD_000233,PASS,,,,0.00,
PAY_PROD_000234,PASS,,,,0.00,
PAY_PROD_000235,PASS,,,,0.00,
PAY_PROD_000236,PASS,,,,0.00,
PAY_PROD_000237,PASS,,,,0.00,
PAY_PROD_000238,PASS,,,,0.00,
PAY_PROD_000239,VIOLATION,REFUND_EXCEEDS_PAYMENT,REFUND_EXCEEDS_PAYMENT,,100.00,
PAY_PROD_000240,PASS,,,,0.00,
PAY_PROD_000241,PASS,,,,0.00,
PAY_PROD_000242,PASS,,,,0.00,
PAY_PROD_000243,PASS,,,,0.00,
PAY_PROD_000244,VIOLATION,GST_ON_FEE;MDR_RATE,MDR_RATE,GST_ON_FEE,35.40,
PAY_PROD_000245,PASS,,,,0.00,
PAY_PROD_000246,PASS,,,,0.00,
PAY_PROD_000247,VIOLATION,GST_ON_FEE;MDR_RATE,MDR_RATE,GST_ON_FEE,47.20,
PAY_PROD_000248,PASS,,,,0.00,
PAY_PROD_000249,PASS,,,,0.00,
PAY_PROD_000250,PASS,,,,0.00,
PAY_PROD_000251,PASS,,,,0.00,
PAY_PROD_000252,PASS,,,,0.00,
PAY_PROD_000253,PASS,,,,0.00,
PAY_PROD_000254,PASS,,,,0.00,
PAY_PROD_000255,PASS,,,,0.00,
PAY_PROD_000256,PASS,,,,0.00,
PAY_PROD_000257,PASS,,,,0.00,
PAY_PROD_000258,PASS,,,,0.00,
PAY_PROD_000259,VIOLATION,GST_ON_FEE;MDR_RATE,MDR_RATE,GST_ON_FEE,47.20,
PAY_PROD_000260,PASS,,,,0.00,
PAY_PROD_000261,PASS,,,,0.00,
PAY_PROD_000262,VIOLATION,GST_ON_FEE;MDR_RATE,MDR_RATE,GST_ON_FEE,29.50,
PAY_PROD_000263,VIOLATION,GST_ON_FEE;MDR_RATE,MDR_RATE,GST_ON_FEE,2.36,
PAY_PROD_000264,PASS,,,,0.00,
PAY_PROD_000265,PASS,,,,0.00,
PAY_PROD_000266,PASS,,,,0.00,
PAY_PROD_000267,PASS,,,,0.00,
PAY_PROD_000268,PASS,,,,0.00,
PAY_PROD_000269,PASS,,,,0.00,
PAY_PROD_000270,VIOLATION,SETTLEMENT_SLA,SETTLEMENT_SLA,,0.00,"SLA proven from raw records: captured 2026-08-28T17:00:00, due 2026-09-01T17:00:00, settled 2026-09-04T14:10:00 (3 business days late)."
PAY_PROD_000271,VIOLATION,SETTLEMENT_SLA,SETTLEMENT_SLA,,0.00,"SLA proven from raw records: captured 2026-08-28T17:24:00, due 2026-09-01T17:24:00, settled 2026-09-04T14:10:00 (3 business days late)."
PAY_PROD_000272,VIOLATION,SETTLEMENT_SLA,SETTLEMENT_SLA,,0.00,"SLA proven from raw records: captured 2026-08-28T17:39:00, due 2026-09-01T17:39:00, settled 2026-09-04T14:10:00 (3 business days late)."
PAY_PROD_000273,VIOLATION,SETTLEMENT_SLA,SETTLEMENT_SLA,,0.00,"SLA proven from raw records: captured 2026-08-28T18:02:00, due 2026-09-01T18:02:00, settled 2026-09-04T14:10:00 (3 business days late)."
PAY_PROD_000274,VIOLATION,SETTLEMENT_SLA,SETTLEMENT_SLA,,0.00,"SLA proven from raw records: captured 2026-08-28T18:15:00, due 2026-09-01T18:15:00, settled 2026-09-04T14:10:00 (3 business days late)."
PAY_PROD_000275,VIOLATION,SETTLEMENT_SLA,SETTLEMENT_SLA,,0.00,
PAY_PROD_000276,VIOLATION,SETTLEMENT_SLA,SETTLEMENT_SLA,,0.00,"SLA proven from raw records: captured 2026-08-28T18:55:00, due 2026-09-01T18:55:00, settled 2026-09-04T14:10:00 (3 business days late)."
PAY_PROD_000277,PASS,,,,0.00,
PAY_PROD_000278,PASS,,,,0.00,
PAY_PROD_000279,PASS,,,,0.00,
PAY_PROD_000280,PASS,,,,0.00,
PAY_PROD_000281,PASS,,,,0.00,
PAY_PROD_000282,VIOLATION,GST_ON_FEE;MDR_RATE,MDR_RATE,GST_ON_FEE,17.70,
PAY_PROD_000283,VIOLATION,GST_ON_FEE,GST_ON_FEE,,1.24,
PAY_PROD_000284,PASS,,,,0.00,
PAY_PROD_000285,PASS,,,,0.00,
PAY_PROD_000286,PASS,,,,0.00,
PAY_PROD_000287,PASS,,,,0.00,
PAY_PROD_000288,PASS,,,,0.00,
PAY_PROD_000289,PASS,,,,0.00,
PAY_PROD_000290,PASS,,,,0.00,
PAY_PROD_000291,PASS,,,,0.00,
PAY_PROD_000292,PASS,,,,0.00,
PAY_PROD_000293,PASS,,,,0.00,
PAY_PROD_000294,PASS,,,,0.00,
PAY_PROD_000295,PASS,,,,0.00,
PAY_PROD_000296,PASS,,,,0.00,
PAY_PROD_000297,PASS,,,,0.00,
PAY_PROD_000298,PASS,,,,0.00,
PAY_PROD_000299,PASS,,,,0.00,
PAY_PROD_000300,PASS,,,,0.00,
PAY_PROD_000301,PASS,,,,0.00,
PAY_PROD_000302,PASS,,,,0.00,
PAY_PROD_000303,PASS,,,,0.00,
PAY_PROD_000304,PASS,,,,0.00,
PAY_PROD_000305,PASS,,,,0.00,
PAY_PROD_000306,PASS,,,,0.00,
PAY_PROD_000307,VIOLATION,DUPLICATE_REFUND_DEDUCTION,DUPLICATE_REFUND_DEDUCTION,,1249.75,
PAY_PROD_000308,VIOLATION,UNSUPPORTED_FEE,UNSUPPORTED_FEE,,49.00,
PAY_PROD_000309,PASS,,,,0.00,
PAY_PROD_000310,PASS,,,,0.00,
PAY_PROD_000311,PASS,,,,0.00,
PAY_PROD_000312,PASS,,,,0.00,
PAY_PROD_000313,PASS,,,,0.00,
PAY_PROD_000314,VIOLATION,GST_ON_FEE;MDR_RATE,MDR_RATE,GST_ON_FEE,1.18,
PAY_PROD_000315,PASS,,,,0.00,
PAY_PROD_000316,PASS,,,,0.00,
PAY_PROD_000317,PASS,,,,0.00,
PAY_PROD_000318,PASS,,,,0.00,
PAY_PROD_000319,PASS,,,,0.00,
PAY_PROD_000320,PASS,,,,0.00,
PAY_PROD_000321,PASS,,,,0.00,
PAY_PROD_000322,PASS,,,,0.00,
PAY_PROD_000323,PASS,,,,0.00,
PAY_PROD_000324,PASS,,,,0.00,
PAY_PROD_000325,PASS,,,,0.00,
PAY_PROD_000326,PASS,,,,0.00,
PAY_PROD_000327,PASS,,,,0.00,
PAY_PROD_000328,PASS,,,,0.00,
PAY_PROD_000329,VIOLATION,UNSUPPORTED_FEE,UNSUPPORTED_FEE,,49.00,
PAY_PROD_000330,PASS,,,,0.00,
PAY_PROD_000331,PASS,,,,0.00,
PAY_PROD_000332,PASS,,,,0.00,
PAY_PROD_000333,PASS,,,,0.00,
PAY_PROD_000334,PASS,,,,0.00,
PAY_PROD_000335,PASS,,,,0.00,
PAY_PROD_000336,PASS,,,,0.00,
PAY_PROD_000337,PASS,,,,0.00,
PAY_PROD_000338,PASS,,,,0.00,
PAY_PROD_000339,PASS,,,,0.00,
PAY_PROD_000340,PASS,,,,0.00,
PAY_PROD_000341,PASS,,,,0.00,
PAY_PROD_000342,PASS,,,,0.00,
PAY_PROD_000343,PASS,,,,0.00,
PAY_PROD_000344,PASS,,,,0.00,
PAY_PROD_000345,PASS,,,,0.00,
PAY_PROD_000346,PASS,,,,0.00,
PAY_PROD_000347,PASS,,,,0.00,
PAY_PROD_000348,PASS,,,,0.00,
PAY_PROD_000349,PASS,,,,0.00,
PAY_PROD_000350,PASS,,,,0.00,
PAY_PROD_000351,PASS,,,,0.00,
PAY_PROD_000352,PASS,,,,0.00,
PAY_PROD_000353,PASS,,,,0.00,
PAY_PROD_000354,PASS,,,,0.00,
PAY_PROD_000355,PASS,,,,0.00,
PAY_PROD_000356,PASS,,,,0.00,
PAY_PROD_000357,PASS,,,,0.00,
PAY_PROD_000358,PASS,,,,0.00,
PAY_PROD_000359,PASS,,,,0.00,
PAY_PROD_000360,PASS,,,,0.00,
PAY_PROD_000361,PASS,,,,0.00,
PAY_PROD_000362,PASS,,,,0.00,
PAY_PROD_000363,PASS,,,,0.00,
PAY_PROD_000364,VIOLATION,GST_ON_FEE;MDR_RATE,MDR_RATE,GST_ON_FEE,0.71,
PAY_PROD_000365,PASS,,,,0.00,
PAY_PROD_000366,PASS,,,,0.00,
PAY_PROD_000367,PASS,,,,0.00,
PAY_PROD_000368,PASS,,,,0.00,
PAY_PROD_000369,PASS,,,,0.00,
PAY_PROD_000370,PASS,,,,0.00,
PAY_PROD_000371,PASS,,,,0.00,
PAY_PROD_000372,PASS,,,,0.00,
PAY_PROD_000373,PASS,,,,0.00,
PAY_PROD_000374,VIOLATION,GST_ON_FEE;MDR_RATE,MDR_RATE,GST_ON_FEE,0.70,
PAY_PROD_000375,PASS,,,,0.00,
PAY_PROD_000376,PASS,,,,0.00,
PAY_PROD_000377,PASS,,,,0.00,
PAY_PROD_000378,PASS,,,,0.00,
PAY_PROD_000379,PASS,,,,0.00,
PAY_PROD_000380,PASS,,,,0.00,
PAY_PROD_000381,PASS,,,,0.00,
PAY_PROD_000382,PASS,,,,0.00,
PAY_PROD_000383,PASS,,,,0.00,
PAY_PROD_000384,PASS,,,,0.00,
PAY_PROD_000385,PASS,,,,0.00,
PAY_PROD_000386,PASS,,,,0.00,
PAY_PROD_000387,PASS,,,,0.00,
PAY_PROD_000388,PASS,,,,0.00,
PAY_PROD_000389,PASS,,,,0.00,
PAY_PROD_000390,VIOLATION,DUPLICATE_CHARGEBACK_FEE,DUPLICATE_CHARGEBACK_FEE,,250.00,
PAY_PROD_000391,PASS,,,,0.00,
PAY_PROD_000392,PASS,,,,0.00,
PAY_PROD_000393,PASS,,,,0.00,
PAY_PROD_000394,PASS,,,,0.00,
PAY_PROD_000395,PASS,,,,0.00,
PAY_PROD_000396,PASS,,,,0.00,
PAY_PROD_000397,PASS,,,,0.00,
PAY_PROD_000398,PASS,,,,0.00,
PAY_PROD_000399,PASS,,,,0.00,
PAY_PROD_000400,PASS,,,,0.00,
PAY_PROD_000401,PASS,,,,0.00,
PAY_PROD_000402,PASS,,,,0.00,
PAY_PROD_000403,PASS,,,,0.00,
PAY_PROD_000404,PASS,,,,0.00,
PAY_PROD_000405,PASS,,,,0.00,
PAY_PROD_000406,PASS,,,,0.00,
PAY_PROD_000407,VIOLATION,UNSUPPORTED_FEE,UNSUPPORTED_FEE,,49.00,
PAY_PROD_000408,PASS,,,,0.00,
PAY_PROD_000409,PASS,,,,0.00,
PAY_PROD_000410,PASS,,,,0.00,
PAY_PROD_000411,PASS,,,,0.00,
PAY_PROD_000412,PASS,,,,0.00,
PAY_PROD_000413,PASS,,,,0.00,
PAY_PROD_000414,PASS,,,,0.00,
PAY_PROD_000415,PASS,,,,0.00,
PAY_PROD_000416,PASS,,,,0.00,
PAY_PROD_000417,PASS,,,,0.00,
PAY_PROD_000418,PASS,,,,0.00,
PAY_PROD_000419,PASS,,,,0.00,
PAY_PROD_000420,PASS,,,,0.00,
PAY_PROD_000421,PASS,,,,0.00,
PAY_PROD_000422,PASS,,,,0.00,
PAY_PROD_000423,PASS,,,,0.00,
PAY_PROD_000424,PASS,,,,0.00,
PAY_PROD_000425,PASS,,,,0.00,
PAY_PROD_000426,PASS,,,,0.00,
PAY_PROD_000427,PASS,,,,0.00,
PAY_PROD_000428,PASS,,,,0.00,
PAY_PROD_000429,PASS,,,,0.00,
PAY_PROD_000430,PASS,,,,0.00,
PAY_PROD_000431,PASS,,,,0.00,
PAY_PROD_000432,PASS,,,,0.00,
PAY_PROD_000433,PASS,,,,0.00,
PAY_PROD_000434,VIOLATION,GST_ON_FEE;MDR_RATE;SETTLEMENT_SLA,MDR_RATE;SETTLEMENT_SLA,GST_ON_FEE,5.90,"SLA proven from raw records: captured 2026-08-30T18:17:00, due 2026-09-01T18:17:00, settled 2026-09-04T14:16:00 (3 business days late)."
PAY_PROD_000435,VIOLATION,SETTLEMENT_SLA,SETTLEMENT_SLA,,0.00,"SLA proven from raw records: captured 2026-08-30T18:32:00, due 2026-09-01T18:32:00, settled 2026-09-04T14:16:00 (3 business days late)."
PAY_PROD_000436,VIOLATION,SETTLEMENT_SLA,SETTLEMENT_SLA,,0.00,"SLA proven from raw records: captured 2026-08-30T18:56:00, due 2026-09-01T18:56:00, settled 2026-09-04T14:16:00 (3 business days late)."
PAY_PROD_000437,VIOLATION,SETTLEMENT_SLA,SETTLEMENT_SLA,,0.00,"SLA proven from raw records: captured 2026-08-30T19:07:00, due 2026-09-01T19:07:00, settled 2026-09-04T14:16:00 (3 business days late)."
PAY_PROD_000438,VIOLATION,SETTLEMENT_SLA,SETTLEMENT_SLA,,0.00,"SLA proven from raw records: captured 2026-08-30T19:29:00, due 2026-09-01T19:29:00, settled 2026-09-04T14:16:00 (3 business days late)."
PAY_PROD_000439,VIOLATION,SETTLEMENT_SLA,SETTLEMENT_SLA,,0.00,"SLA proven from raw records: captured 2026-08-30T19:46:00, due 2026-09-01T19:46:00, settled 2026-09-04T14:16:00 (3 business days late)."
PAY_PROD_000440,VIOLATION,SETTLEMENT_SLA,SETTLEMENT_SLA,,0.00,
PAY_PROD_000441,VIOLATION,GST_ON_FEE;SETTLEMENT_SLA,GST_ON_FEE;SETTLEMENT_SLA,,7.75,"SLA proven from raw records: captured 2026-08-30T20:20:00, due 2026-09-01T20:20:00, settled 2026-09-04T14:16:00 (3 business days late)."
PAY_PROD_000442,VIOLATION,SETTLEMENT_SLA,SETTLEMENT_SLA,,0.00,"SLA proven from raw records: captured 2026-08-30T20:40:00, due 2026-09-01T20:40:00, settled 2026-09-04T14:16:00 (3 business days late)."
PAY_PROD_000443,VIOLATION,SETTLEMENT_SLA,SETTLEMENT_SLA,,0.00,"SLA proven from raw records: captured 2026-08-30T21:00:00, due 2026-09-01T21:00:00, settled 2026-09-04T14:16:00 (3 business days late)."
PAY_PROD_000444,PASS,,,,0.00,
PAY_PROD_000445,PASS,,,,0.00,
PAY_PROD_000446,PASS,,,,0.00,
PAY_PROD_000447,PASS,,,,0.00,
PAY_PROD_000448,PASS,,,,0.00,
PAY_PROD_000449,PASS,,,,0.00,
PAY_PROD_000450,PASS,,,,0.00,
PAY_PROD_000451,PASS,,,,0.00,
PAY_PROD_000452,PASS,,,,0.00,
PAY_PROD_000453,VIOLATION,SETTLEMENT_SLA,SETTLEMENT_SLA,,0.00,"SLA proven from raw records: captured 2026-08-30T23:59:00, due 2026-09-01T23:59:00, settled 2026-09-02T14:45:00 (1 business days late)."
PAY_PROD_000454,PASS,,,,0.00,
PAY_PROD_000455,PASS,,,,0.00,
PAY_PROD_000456,PASS,,,,0.00,
PAY_PROD_000457,PASS,,,,0.00,
PAY_PROD_000458,PASS,,,,0.00,
PAY_PROD_000459,PASS,,,,0.00,
PAY_PROD_000460,PASS,,,,0.00,
PAY_PROD_000461,PASS,,,,0.00,
PAY_PROD_000462,PASS,,,,0.00,
PAY_PROD_000463,PASS,,,,0.00,
PAY_PROD_000464,PASS,,,,0.00,
PAY_PROD_000465,PASS,,,,0.00,
PAY_PROD_000466,PASS,,,,0.00,
PAY_PROD_000467,PASS,,,,0.00,
PAY_PROD_000468,PASS,,,,0.00,
PAY_PROD_000469,PASS,,,,0.00,
PAY_PROD_000470,PASS,,,,0.00,
PAY_PROD_000471,PASS,,,,0.00,
PAY_PROD_000472,PASS,,,,0.00,
PAY_PROD_000473,PASS,,,,0.00,
PAY_PROD_000474,PASS,,,,0.00,
PAY_PROD_000475,PASS,,,,0.00,
PAY_PROD_000476,PASS,,,,0.00,
PAY_PROD_000477,PASS,,,,0.00,
PAY_PROD_000478,PASS,,,,0.00,
PAY_PROD_000479,PASS,,,,0.00,
PAY_PROD_000480,VIOLATION,GST_ON_FEE;MDR_RATE,MDR_RATE,GST_ON_FEE,47.20,
PAY_PROD_000481,PASS,,,,0.00,
PAY_PROD_000482,PASS,,,,0.00,
PAY_PROD_000483,PASS,,,,0.00,
PAY_PROD_000484,VIOLATION,UNSUPPORTED_FEE,UNSUPPORTED_FEE,,49.00,
PAY_PROD_000485,PASS,,,,0.00,
PAY_PROD_000486,PASS,,,,0.00,
PAY_PROD_000487,PASS,,,,0.00,
PAY_PROD_000488,PASS,,,,0.00,
PAY_PROD_000489,PASS,,,,0.00,
PAY_PROD_000490,PASS,,,,0.00,
PAY_PROD_000491,PASS,,,,0.00,
PAY_PROD_000492,VIOLATION,GST_ON_FEE;MDR_RATE,MDR_RATE,GST_ON_FEE,0.71,
PAY_PROD_000493,PASS,,,,0.00,
PAY_PROD_000494,PASS,,,,0.00,
PAY_PROD_000495,PASS,,,,0.00,
PAY_PROD_000496,PASS,,,,0.00,
PAY_PROD_000497,VIOLATION,GST_ON_FEE;MDR_RATE,MDR_RATE,GST_ON_FEE,17.70,
PAY_PROD_000498,PASS,,,,0.00,
PAY_PROD_000499,PASS,,,,0.00,
PAY_PROD_000500,PASS,,,,0.00,
PAY_PROD_000501,PASS,,,,0.00,
PAY_PROD_000502,PASS,,,,0.00,
PAY_PROD_000503,PASS,,,,0.00,
PAY_PROD_000504,PASS,,,,0.00,
PAY_PROD_000505,PASS,,,,0.00,
PAY_PROD_000506,PASS,,,,0.00,
PAY_PROD_000507,PASS,,,,0.00,
PAY_PROD_000508,PASS,,,,0.00,
PAY_PROD_000509,PASS,,,,0.00,
PAY_PROD_000510,PASS,,,,0.00,
PAY_PROD_000511,PASS,,,,0.00,
PAY_PROD_000512,PASS,,,,0.00,
PAY_PROD_000513,PASS,,,,0.00,
PAY_PROD_000514,PASS,,,,0.00,
PAY_PROD_000515,VIOLATION,GST_ON_FEE,GST_ON_FEE,,4.65,
PAY_PROD_000516,PASS,,,,0.00,
PAY_PROD_000517,PASS,,,,0.00,
PAY_PROD_000518,VIOLATION,GST_ON_FEE;MDR_RATE,MDR_RATE,GST_ON_FEE,11.80,
PAY_PROD_000519,PASS,,,,0.00,
PAY_PROD_000520,PASS,,,,0.00,
PAY_PROD_000521,PASS,,,,0.00,
PAY_PROD_000522,PASS,,,,0.00,
PAY_PROD_000523,VIOLATION,SETTLEMENT_SLA,SETTLEMENT_SLA,,0.00,"SLA proven from raw records: captured 2026-08-31T21:05:00, due 2026-09-02T21:05:00, settled 2026-09-03T14:37:00 (1 business days late)."
PAY_PROD_000524,VIOLATION,SETTLEMENT_SLA,SETTLEMENT_SLA,,0.00,"SLA proven from raw records: captured 2026-08-31T21:19:00, due 2026-09-02T21:19:00, settled 2026-09-03T14:37:00 (1 business days late)."
PAY_PROD_000525,VIOLATION,SETTLEMENT_SLA,SETTLEMENT_SLA,,0.00,"SLA proven from raw records: captured 2026-08-31T21:33:00, due 2026-09-02T21:33:00, settled 2026-09-03T14:37:00 (1 business days late)."
PAY_PROD_000526,VIOLATION,SETTLEMENT_SLA,SETTLEMENT_SLA,,0.00,"SLA proven from raw records: captured 2026-08-31T21:55:00, due 2026-09-02T21:55:00, settled 2026-09-03T14:37:00 (1 business days late)."
PAY_PROD_000527,VIOLATION,SETTLEMENT_SLA,SETTLEMENT_SLA,,0.00,"SLA proven from raw records: captured 2026-08-31T22:07:00, due 2026-09-02T22:07:00, settled 2026-09-03T14:37:00 (1 business days late)."
PAY_PROD_000528,VIOLATION,SETTLEMENT_SLA,SETTLEMENT_SLA,,0.00,"SLA proven from raw records: captured 2026-08-31T22:32:00, due 2026-09-02T22:32:00, settled 2026-09-03T14:37:00 (1 business days late)."
PAY_PROD_000529,VIOLATION,SETTLEMENT_SLA,SETTLEMENT_SLA,,0.00,"SLA proven from raw records: captured 2026-08-31T22:52:00, due 2026-09-02T22:52:00, settled 2026-09-03T14:37:00 (1 business days late)."
PAY_PROD_000530,VIOLATION,SETTLEMENT_SLA,SETTLEMENT_SLA,,0.00,"SLA proven from raw records: captured 2026-08-31T23:11:00, due 2026-09-02T23:11:00, settled 2026-09-03T14:37:00 (1 business days late)."
PAY_PROD_000531,VIOLATION,SETTLEMENT_SLA,SETTLEMENT_SLA,,0.00,"SLA proven from raw records: captured 2026-08-31T23:21:00, due 2026-09-02T23:21:00, settled 2026-09-03T14:37:00 (1 business days late)."
PAY_PROD_000532,VIOLATION,SETTLEMENT_SLA,SETTLEMENT_SLA,,0.00,"SLA proven from raw records: captured 2026-08-31T23:40:00, due 2026-09-02T23:40:00, settled 2026-09-03T14:37:00 (1 business days late)."
PAY_PROD_000533,PASS,,,,0.00,
PAY_PROD_000534,PASS,,,,0.00,
PAY_PROD_000535,PASS,,,,0.00,
PAY_PROD_000536,VIOLATION,UNSUPPORTED_FEE,UNSUPPORTED_FEE,,49.00,
PAY_PROD_000537,PASS,,,,0.00,
PAY_PROD_000538,PASS,,,,0.00,
PAY_PROD_000539,PASS,,,,0.00,
PAY_PROD_000540,PASS,,,,0.00,
PAY_PROD_000541,PASS,,,,0.00,
PAY_PROD_000542,PASS,,,,0.00,
PAY_PROD_000543,VIOLATION,DUPLICATE_CHARGEBACK_FEE,DUPLICATE_CHARGEBACK_FEE,,250.00,
PAY_PROD_000544,PASS,,,,0.00,
PAY_PROD_000545,PASS,,,,0.00,
PAY_PROD_000546,PASS,,,,0.00,
PAY_PROD_000547,PASS,,,,0.00,
PAY_PROD_000548,VIOLATION,GST_ON_FEE;MDR_RATE,MDR_RATE,GST_ON_FEE,0.71,
PAY_PROD_000549,PASS,,,,0.00,
PAY_PROD_000550,PASS,,,,0.00,
PAY_PROD_000551,PASS,,,,0.00,
PAY_PROD_000552,PASS,,,,0.00,
PAY_PROD_000553,PASS,,,,0.00,
PAY_PROD_000554,PASS,,,,0.00,
PAY_PROD_000555,PASS,,,,0.00,
PAY_PROD_000556,PASS,,,,0.00,
PAY_PROD_000557,PASS,,,,0.00,
PAY_PROD_000558,PASS,,,,0.00,
PAY_PROD_000559,PASS,,,,0.00,
PAY_PROD_000560,PASS,,,,0.00,
PAY_PROD_000561,PASS,,,,0.00,
PAY_PROD_000562,VIOLATION,GST_ON_FEE;MDR_RATE,MDR_RATE,GST_ON_FEE,1.18,
PAY_PROD_000563,VIOLATION,GST_ON_FEE,GST_ON_FEE,,3.30,
PAY_PROD_000564,VIOLATION,GST_ON_FEE;MDR_RATE,MDR_RATE,GST_ON_FEE,5.90,
PAY_PROD_000565,PASS,,,,0.00,
PAY_PROD_000566,PASS,,,,0.00,
PAY_PROD_000567,PASS,,,,0.00,
PAY_PROD_000568,PASS,,,,0.00,
PAY_PROD_000569,PASS,,,,0.00,
PAY_PROD_000570,PASS,,,,0.00,
PAY_PROD_000571,PASS,,,,0.00,
PAY_PROD_000572,PASS,,,,0.00,
PAY_PROD_000573,PASS,,,,0.00,
PAY_PROD_000574,PASS,,,,0.00,
PAY_PROD_000575,PASS,,,,0.00,
PAY_PROD_000576,PASS,,,,0.00,
PAY_PROD_000577,PASS,,,,0.00,
PAY_PROD_000578,PASS,,,,0.00,
PAY_PROD_000579,PASS,,,,0.00,
PAY_PROD_000580,PASS,,,,0.00,
PAY_PROD_000581,VIOLATION,GST_ON_FEE;MDR_RATE,MDR_RATE,GST_ON_FEE,0.71,
PAY_PROD_000582,PASS,,,,0.00,
PAY_PROD_000583,PASS,,,,0.00,
PAY_PROD_000584,PASS,,,,0.00,
PAY_PROD_000585,PASS,,,,0.00,
PAY_PROD_000586,PASS,,,,0.00,
PAY_PROD_000587,PASS,,,,0.00,
PAY_PROD_000588,PASS,,,,0.00,
PAY_PROD_000589,PASS,,,,0.00,
PAY_PROD_000590,PASS,,,,0.00,
PAY_PROD_000591,PASS,,,,0.00,
PAY_PROD_000592,PASS,,,,0.00,
PAY_PROD_000593,PASS,,,,0.00,
PAY_PROD_000594,PASS,,,,0.00,
PAY_PROD_000595,PASS,,,,0.00,
PAY_PROD_000596,PASS,,,,0.00,
PAY_PROD_000597,PASS,,,,0.00,
PAY_PROD_000598,PASS,,,,0.00,
PAY_PROD_000599,PASS,,,,0.00,
PAY_PROD_000600,PASS,,,,0.00,
PAY_PROD_000601,PASS,,,,0.00,
PAY_PROD_000602,VIOLATION,UNSUPPORTED_FEE,UNSUPPORTED_FEE,,99.00,
PAY_PROD_000603,VIOLATION,SETTLEMENT_SLA,SETTLEMENT_SLA,,0.00,"SLA proven from raw records: captured 2026-09-01T21:04:00, due 2026-09-03T21:04:00, settled 2026-09-04T14:13:00 (1 business days late)."
PAY_PROD_000604,VIOLATION,SETTLEMENT_SLA,SETTLEMENT_SLA,,0.00,"SLA proven from raw records: captured 2026-09-01T21:21:00, due 2026-09-03T21:21:00, settled 2026-09-04T14:13:00 (1 business days late)."
PAY_PROD_000605,VIOLATION,SETTLEMENT_SLA,SETTLEMENT_SLA,,0.00,"SLA proven from raw records: captured 2026-09-01T21:32:00, due 2026-09-03T21:32:00, settled 2026-09-04T14:13:00 (1 business days late)."
PAY_PROD_000606,VIOLATION,SETTLEMENT_SLA,SETTLEMENT_SLA,,0.00,"SLA proven from raw records: captured 2026-09-01T21:54:00, due 2026-09-03T21:54:00, settled 2026-09-04T14:13:00 (1 business days late)."
PAY_PROD_000607,VIOLATION,SETTLEMENT_SLA,SETTLEMENT_SLA,,0.00,"SLA proven from raw records: captured 2026-09-01T22:16:00, due 2026-09-03T22:16:00, settled 2026-09-04T14:13:00 (1 business days late)."
PAY_PROD_000608,VIOLATION,SETTLEMENT_SLA,SETTLEMENT_SLA,,0.00,"SLA proven from raw records: captured 2026-09-01T22:27:00, due 2026-09-03T22:27:00, settled 2026-09-04T14:13:00 (1 business days late)."
PAY_PROD_000609,VIOLATION,SETTLEMENT_SLA,SETTLEMENT_SLA,,0.00,"SLA proven from raw records: captured 2026-09-01T22:45:00, due 2026-09-03T22:45:00, settled 2026-09-04T14:13:00 (1 business days late)."
PAY_PROD_000610,VIOLATION,SETTLEMENT_SLA,SETTLEMENT_SLA,,0.00,"SLA proven from raw records: captured 2026-09-01T23:02:00, due 2026-09-03T23:02:00, settled 2026-09-04T14:13:00 (1 business days late)."
PAY_PROD_000611,VIOLATION,SETTLEMENT_SLA,SETTLEMENT_SLA,,0.00,"SLA proven from raw records: captured 2026-09-01T23:18:00, due 2026-09-03T23:18:00, settled 2026-09-04T14:13:00 (1 business days late)."
PAY_PROD_000612,VIOLATION,SETTLEMENT_SLA,SETTLEMENT_SLA,,0.00,"SLA proven from raw records: captured 2026-09-01T23:43:00, due 2026-09-03T23:43:00, settled 2026-09-04T14:13:00 (1 business days late)."
PAY_PROD_000613,PASS,,,,0.00,
PAY_PROD_000614,PASS,,,,0.00,
PAY_PROD_000615,PASS,,,,0.00,
PAY_PROD_000616,PASS,,,,0.00,
PAY_PROD_000617,PASS,,,,0.00,
PAY_PROD_000618,PASS,,,,0.00,
PAY_PROD_000619,PASS,,,,0.00,
PAY_PROD_000620,PASS,,,,0.00,
PAY_PROD_000621,PASS,,,,0.00,
PAY_PROD_000622,PASS,,,,0.00,
PAY_PROD_000623,PASS,,,,0.00,
PAY_PROD_000624,PASS,,,,0.00,
PAY_PROD_000625,PASS,,,,0.00,
PAY_PROD_000626,PASS,,,,0.00,
PAY_PROD_000627,PASS,,,,0.00,
PAY_PROD_000628,PASS,,,,0.00,
PAY_PROD_000629,PASS,,,,0.00,
PAY_PROD_000630,PASS,,,,0.00,
PAY_PROD_000631,PASS,,,,0.00,
PAY_PROD_000632,PASS,,,,0.00,
PAY_PROD_000633,PASS,,,,0.00,
PAY_PROD_000634,PASS,,,,0.00,
PAY_PROD_000635,PASS,,,,0.00,
PAY_PROD_000636,PASS,,,,0.00,
PAY_PROD_000637,PASS,,,,0.00,
PAY_PROD_000638,PASS,,,,0.00,
PAY_PROD_000639,PASS,,,,0.00,
PAY_PROD_000640,PASS,,,,0.00,
PAY_PROD_000641,PASS,,,,0.00,
PAY_PROD_000642,PASS,,,,0.00,
PAY_PROD_000643,PASS,,,,0.00,
PAY_PROD_000644,PASS,,,,0.00,
PAY_PROD_000645,PASS,,,,0.00,
PAY_PROD_000646,PASS,,,,0.00,
PAY_PROD_000647,PASS,,,,0.00,
PAY_PROD_000648,PASS,,,,0.00,
PAY_PROD_000649,PASS,,,,0.00,
PAY_PROD_000650,PASS,,,,0.00,
PAY_PROD_000651,PASS,,,,0.00,
PAY_PROD_000652,PASS,,,,0.00,
PAY_PROD_000653,PASS,,,,0.00,
PAY_PROD_000654,PASS,,,,0.00,
PAY_PROD_000655,VIOLATION,SETTLEMENT_SLA,SETTLEMENT_SLA,,0.00,"SLA proven from raw records: captured 2026-09-02T12:39:00, due 2026-09-04T12:39:00, settled 2026-09-09T14:02:00 (3 business days late)."
PAY_PROD_000656,VIOLATION,SETTLEMENT_SLA,SETTLEMENT_SLA,,0.00,"SLA proven from raw records: captured 2026-09-02T12:51:00, due 2026-09-04T12:51:00, settled 2026-09-09T14:02:00 (3 business days late)."
PAY_PROD_000657,VIOLATION,SETTLEMENT_SLA,SETTLEMENT_SLA,,0.00,"SLA proven from raw records: captured 2026-09-02T13:17:00, due 2026-09-04T13:17:00, settled 2026-09-09T14:02:00 (3 business days late)."
PAY_PROD_000658,VIOLATION,SETTLEMENT_SLA,SETTLEMENT_SLA,,0.00,"SLA proven from raw records: captured 2026-09-02T13:30:00, due 2026-09-04T13:30:00, settled 2026-09-09T14:02:00 (3 business days late)."
PAY_PROD_000659,VIOLATION,SETTLEMENT_SLA,SETTLEMENT_SLA,,0.00,"SLA proven from raw records: captured 2026-09-02T13:49:00, due 2026-09-04T13:49:00, settled 2026-09-09T14:02:00 (3 business days late)."
PAY_PROD_000660,VIOLATION,SETTLEMENT_SLA,SETTLEMENT_SLA,,0.00,"SLA proven from raw records: captured 2026-09-02T14:01:00, due 2026-09-04T14:01:00, settled 2026-09-09T14:02:00 (3 business days late)."
PAY_PROD_000661,VIOLATION,SETTLEMENT_SLA,SETTLEMENT_SLA,,0.00,"SLA proven from raw records: captured 2026-09-02T14:28:00, due 2026-09-04T14:28:00, settled 2026-09-09T14:02:00 (3 business days late)."
PAY_PROD_000662,VIOLATION,SETTLEMENT_SLA,SETTLEMENT_SLA,,0.00,
PAY_PROD_000663,VIOLATION,SETTLEMENT_SLA,SETTLEMENT_SLA,,0.00,"SLA proven from raw records: captured 2026-09-02T14:56:00, due 2026-09-04T14:56:00, settled 2026-09-09T14:02:00 (3 business days late)."
PAY_PROD_000664,VIOLATION,SETTLEMENT_SLA,SETTLEMENT_SLA,,0.00,"SLA proven from raw records: captured 2026-09-02T15:17:00, due 2026-09-04T15:17:00, settled 2026-09-09T14:02:00 (3 business days late)."
PAY_PROD_000665,VIOLATION,SETTLEMENT_SLA,SETTLEMENT_SLA,,0.00,"SLA proven from raw records: captured 2026-09-02T15:37:00, due 2026-09-04T15:37:00, settled 2026-09-09T14:02:00 (3 business days late)."
PAY_PROD_000666,VIOLATION,SETTLEMENT_SLA,SETTLEMENT_SLA,,0.00,"SLA proven from raw records: captured 2026-09-02T15:54:00, due 2026-09-04T15:54:00, settled 2026-09-09T14:02:00 (3 business days late)."
PAY_PROD_000667,VIOLATION,GST_ON_FEE;MDR_RATE;MISSING_BANK_SETTLEMENT,MDR_RATE;MISSING_BANK_SETTLEMENT,GST_ON_FEE,0.71,
PAY_PROD_000668,VIOLATION,MISSING_BANK_SETTLEMENT,MISSING_BANK_SETTLEMENT,,0.00,
PAY_PROD_000669,VIOLATION,MISSING_BANK_SETTLEMENT,MISSING_BANK_SETTLEMENT,,0.00,
PAY_PROD_000670,VIOLATION,MISSING_BANK_SETTLEMENT,MISSING_BANK_SETTLEMENT,,0.00,
PAY_PROD_000671,VIOLATION,MISSING_BANK_SETTLEMENT,MISSING_BANK_SETTLEMENT,,0.00,
PAY_PROD_000672,VIOLATION,MISSING_BANK_SETTLEMENT,MISSING_BANK_SETTLEMENT,,0.00,
PAY_PROD_000673,VIOLATION,MISSING_BANK_SETTLEMENT,MISSING_BANK_SETTLEMENT,,0.00,
PAY_PROD_000674,VIOLATION,MISSING_BANK_SETTLEMENT,MISSING_BANK_SETTLEMENT,,0.00,
PAY_PROD_000675,VIOLATION,DUPLICATE_REFUND_DEDUCTION;MISSING_BANK_SETTLEMENT,DUPLICATE_REFUND_DEDUCTION;MISSING_BANK_SETTLEMENT,,3124.75,
PAY_PROD_000676,VIOLATION,DUPLICATE_REFUND_DEDUCTION;MISSING_BANK_SETTLEMENT,DUPLICATE_REFUND_DEDUCTION;MISSING_BANK_SETTLEMENT,,99.75,
PAY_PROD_000677,PASS,,,,0.00,
PAY_PROD_000678,PASS,,,,0.00,
PAY_PROD_000679,PASS,,,,0.00,
PAY_PROD_000680,PASS,,,,0.00,
PAY_PROD_000681,VIOLATION,GST_ON_FEE;MDR_RATE,MDR_RATE,GST_ON_FEE,1.89,
PAY_PROD_000682,PASS,,,,0.00,
PAY_PROD_000683,PASS,,,,0.00,
PAY_PROD_000684,PASS,,,,0.00,
PAY_PROD_000685,PASS,,,,0.00,
PAY_PROD_000686,PASS,,,,0.00,
PAY_PROD_000687,VIOLATION,REFUND_EXCEEDS_PAYMENT,REFUND_EXCEEDS_PAYMENT,,250.00,
PAY_PROD_000688,PASS,,,,0.00,
PAY_PROD_000689,VIOLATION,SETTLEMENT_SLA,SETTLEMENT_SLA,,0.00,"SLA proven from raw records: captured 2026-09-02T22:47:00, due 2026-09-04T22:47:00, settled 2026-09-07T14:21:00 (1 business days late)."
PAY_PROD_000690,VIOLATION,SETTLEMENT_SLA,SETTLEMENT_SLA,,0.00,"SLA proven from raw records: captured 2026-09-02T23:10:00, due 2026-09-04T23:10:00, settled 2026-09-07T14:21:00 (1 business days late)."
PAY_PROD_000691,VIOLATION,SETTLEMENT_SLA,SETTLEMENT_SLA,,0.00,"SLA proven from raw records: captured 2026-09-02T23:26:00, due 2026-09-04T23:26:00, settled 2026-09-07T14:21:00 (1 business days late)."
PAY_PROD_000692,VIOLATION,SETTLEMENT_SLA,SETTLEMENT_SLA,,0.00,"SLA proven from raw records: captured 2026-09-02T23:40:00, due 2026-09-04T23:40:00, settled 2026-09-07T14:21:00 (1 business days late)."
PAY_PROD_000693,VIOLATION,SETTLEMENT_SLA,SETTLEMENT_SLA,,0.00,"SLA proven from raw records: captured 2026-09-02T23:56:00, due 2026-09-04T23:56:00, settled 2026-09-07T14:21:00 (1 business days late)."
PAY_PROD_000694,PASS,,,,0.00,
PAY_PROD_000695,PASS,,,,0.00,
PAY_PROD_000696,PASS,,,,0.00,
PAY_PROD_000697,PASS,,,,0.00,
PAY_PROD_000698,PASS,,,,0.00,
PAY_PROD_000699,VIOLATION,DUPLICATE_CHARGEBACK_FEE,DUPLICATE_CHARGEBACK_FEE,,250.00,
PAY_PROD_000700,PASS,,,,0.00,
PAY_PROD_000701,PASS,,,,0.00,
PAY_PROD_000702,PASS,,,,0.00,
PAY_PROD_000703,PASS,,,,0.00,
PAY_PROD_000704,PASS,,,,0.00,
PAY_PROD_000705,PASS,,,,0.00,
PAY_PROD_000706,PASS,,,,0.00,
PAY_PROD_000707,PASS,,,,0.00,
PAY_PROD_000708,PASS,,,,0.00,
PAY_PROD_000709,PASS,,,,0.00,
PAY_PROD_000710,PASS,,,,0.00,
PAY_PROD_000711,PASS,,,,0.00,
PAY_PROD_000712,PASS,,,,0.00,
PAY_PROD_000713,PASS,,,,0.00,
PAY_PROD_000714,PASS,,,,0.00,
PAY_PROD_000715,PASS,,,,0.00,
PAY_PROD_000716,PASS,,,,0.00,
PAY_PROD_000717,PASS,,,,0.00,
PAY_PROD_000718,PASS,,,,0.00,
PAY_PROD_000719,PASS,,,,0.00,
PAY_PROD_000720,PASS,,,,0.00,
PAY_PROD_000721,PASS,,,,0.00,
PAY_PROD_000722,PASS,,,,0.00,
PAY_PROD_000723,PASS,,,,0.00,
PAY_PROD_000724,PASS,,,,0.00,
PAY_PROD_000725,PASS,,,,0.00,
PAY_PROD_000726,PASS,,,,0.00,
PAY_PROD_000727,PASS,,,,0.00,
PAY_PROD_000728,PASS,,,,0.00,
PAY_PROD_000729,PASS,,,,0.00,
PAY_PROD_000730,PASS,,,,0.00,
PAY_PROD_000731,PASS,,,,0.00,
PAY_PROD_000732,PASS,,,,0.00,
PAY_PROD_000733,PASS,,,,0.00,
PAY_PROD_000734,PASS,,,,0.00,
PAY_PROD_000735,PASS,,,,0.00,
PAY_PROD_000736,VIOLATION,MISSING_BANK_SETTLEMENT,MISSING_BANK_SETTLEMENT,,0.00,
PAY_PROD_000737,VIOLATION,MISSING_BANK_SETTLEMENT,MISSING_BANK_SETTLEMENT,,0.00,
PAY_PROD_000738,VIOLATION,MISSING_BANK_SETTLEMENT,MISSING_BANK_SETTLEMENT,,0.00,
PAY_PROD_000739,VIOLATION,MISSING_BANK_SETTLEMENT,MISSING_BANK_SETTLEMENT,,0.00,
PAY_PROD_000740,VIOLATION,MISSING_BANK_SETTLEMENT,MISSING_BANK_SETTLEMENT,,0.00,
PAY_PROD_000741,VIOLATION,MISSING_BANK_SETTLEMENT,MISSING_BANK_SETTLEMENT,,0.00,
PAY_PROD_000742,VIOLATION,MISSING_BANK_SETTLEMENT,MISSING_BANK_SETTLEMENT,,0.00,
PAY_PROD_000743,PASS,,,,0.00,
PAY_PROD_000744,PASS,,,,0.00,
PAY_PROD_000745,PASS,,,,0.00,
PAY_PROD_000746,PASS,,,,0.00,
PAY_PROD_000747,PASS,,,,0.00,
PAY_PROD_000748,PASS,,,,0.00,
PAY_PROD_000749,PASS,,,,0.00,
PAY_PROD_000750,PASS,,,,0.00,
PAY_PROD_000751,PASS,,,,0.00,
PAY_PROD_000752,PASS,,,,0.00,
PAY_PROD_000753,PASS,,,,0.00,
PAY_PROD_000754,PASS,,,,0.00,
PAY_PROD_000755,PASS,,,,0.00,
PAY_PROD_000756,PASS,,,,0.00,
PAY_PROD_000757,PASS,,,,0.00,
PAY_PROD_000758,PASS,,,,0.00,
PAY_PROD_000759,PASS,,,,0.00,
PAY_PROD_000760,PASS,,,,0.00,
PAY_PROD_000761,VIOLATION,SETTLEMENT_SLA,SETTLEMENT_SLA,,0.00,"SLA proven from raw records: captured 2026-09-03T20:23:00, due 2026-09-07T20:23:00, settled 2026-09-10T14:19:00 (3 business days late)."
PAY_PROD_000762,VIOLATION,SETTLEMENT_SLA,SETTLEMENT_SLA,,0.00,"SLA proven from raw records: captured 2026-09-03T20:39:00, due 2026-09-07T20:39:00, settled 2026-09-10T14:19:00 (3 business days late)."
PAY_PROD_000763,VIOLATION,SETTLEMENT_SLA,SETTLEMENT_SLA,,0.00,"SLA proven from raw records: captured 2026-09-03T21:01:00, due 2026-09-07T21:01:00, settled 2026-09-10T14:19:00 (3 business days late)."
PAY_PROD_000764,VIOLATION,SETTLEMENT_SLA,SETTLEMENT_SLA,,0.00,"SLA proven from raw records: captured 2026-09-03T21:13:00, due 2026-09-07T21:13:00, settled 2026-09-10T14:19:00 (3 business days late)."
PAY_PROD_000765,VIOLATION,SETTLEMENT_SLA,SETTLEMENT_SLA,,0.00,
PAY_PROD_000766,VIOLATION,SETTLEMENT_SLA,SETTLEMENT_SLA,,0.00,"SLA proven from raw records: captured 2026-09-03T21:55:00, due 2026-09-07T21:55:00, settled 2026-09-10T14:19:00 (3 business days late)."
PAY_PROD_000767,VIOLATION,SETTLEMENT_SLA,SETTLEMENT_SLA,,0.00,"SLA proven from raw records: captured 2026-09-03T22:09:00, due 2026-09-07T22:09:00, settled 2026-09-10T14:19:00 (3 business days late)."
PAY_PROD_000768,VIOLATION,SETTLEMENT_SLA,SETTLEMENT_SLA,,0.00,"SLA proven from raw records: captured 2026-09-03T22:25:00, due 2026-09-07T22:25:00, settled 2026-09-10T14:19:00 (3 business days late)."
PAY_PROD_000769,VIOLATION,SETTLEMENT_SLA,SETTLEMENT_SLA,,0.00,"SLA proven from raw records: captured 2026-09-03T22:44:00, due 2026-09-07T22:44:00, settled 2026-09-10T14:19:00 (3 business days late)."
PAY_PROD_000770,VIOLATION,SETTLEMENT_SLA,SETTLEMENT_SLA,,0.00,"SLA proven from raw records: captured 2026-09-03T23:06:00, due 2026-09-07T23:06:00, settled 2026-09-10T14:19:00 (3 business days late)."
PAY_PROD_000771,VIOLATION,SETTLEMENT_SLA,SETTLEMENT_SLA,,0.00,"SLA proven from raw records: captured 2026-09-03T23:18:00, due 2026-09-07T23:18:00, settled 2026-09-10T14:19:00 (3 business days late)."
PAY_PROD_000772,VIOLATION,SETTLEMENT_SLA,SETTLEMENT_SLA,,0.00,"SLA proven from raw records: captured 2026-09-03T23:41:00, due 2026-09-07T23:41:00, settled 2026-09-08T14:44:00 (1 business days late)."
PAY_PROD_000773,PASS,,,,0.00,
PAY_PROD_000774,PASS,,,,0.00,
PAY_PROD_000775,PASS,,,,0.00,
PAY_PROD_000776,PASS,,,,0.00,
PAY_PROD_000777,VIOLATION,GST_ON_FEE;MDR_RATE,MDR_RATE,GST_ON_FEE,0.47,
PAY_PROD_000778,PASS,,,,0.00,
PAY_PROD_000779,PASS,,,,0.00,
PAY_PROD_000780,PASS,,,,0.00,
PAY_PROD_000781,PASS,,,,0.00,
PAY_PROD_000782,PASS,,,,0.00,
PAY_PROD_000783,PASS,,,,0.00,
PAY_PROD_000784,PASS,,,,0.00,
PAY_PROD_000785,PASS,,,,0.00,
PAY_PROD_000786,PASS,,,,0.00,
PAY_PROD_000787,PASS,,,,0.00,
PAY_PROD_000788,PASS,,,,0.00,
PAY_PROD_000789,PASS,,,,0.00,
PAY_PROD_000790,PASS,,,,0.00,
PAY_PROD_000791,PASS,,,,0.00,
PAY_PROD_000792,VIOLATION,SETTLEMENT_SLA,SETTLEMENT_SLA,,0.00,"SLA proven from raw records: captured 2026-09-04T05:41:00, due 2026-09-08T05:41:00, settled 2026-09-11T14:04:00 (3 business days late)."
PAY_PROD_000793,VIOLATION,SETTLEMENT_SLA,SETTLEMENT_SLA,,0.00,"SLA proven from raw records: captured 2026-09-04T05:58:00, due 2026-09-08T05:58:00, settled 2026-09-11T14:04:00 (3 business days late)."
PAY_PROD_000794,VIOLATION,GST_ON_FEE;SETTLEMENT_SLA,GST_ON_FEE;SETTLEMENT_SLA,,9.90,"SLA proven from raw records: captured 2026-09-04T06:21:00, due 2026-09-08T06:21:00, settled 2026-09-11T14:04:00 (3 business days late)."
PAY_PROD_000795,VIOLATION,SETTLEMENT_SLA,SETTLEMENT_SLA,,0.00,"SLA proven from raw records: captured 2026-09-04T06:37:00, due 2026-09-08T06:37:00, settled 2026-09-11T14:04:00 (3 business days late)."
PAY_PROD_000796,VIOLATION,SETTLEMENT_SLA,SETTLEMENT_SLA,,0.00,"SLA proven from raw records: captured 2026-09-04T06:52:00, due 2026-09-08T06:52:00, settled 2026-09-11T14:04:00 (3 business days late)."
PAY_PROD_000797,VIOLATION,SETTLEMENT_SLA,SETTLEMENT_SLA,,0.00,"SLA proven from raw records: captured 2026-09-04T07:06:00, due 2026-09-08T07:06:00, settled 2026-09-11T14:04:00 (3 business days late)."
PAY_PROD_000798,VIOLATION,SETTLEMENT_SLA,SETTLEMENT_SLA,,0.00,
PAY_PROD_000799,VIOLATION,SETTLEMENT_SLA,SETTLEMENT_SLA,,0.00,"SLA proven from raw records: captured 2026-09-04T07:52:00, due 2026-09-08T07:52:00, settled 2026-09-11T14:04:00 (3 business days late)."
PAY_PROD_000800,VIOLATION,SETTLEMENT_SLA,SETTLEMENT_SLA,,0.00,"SLA proven from raw records: captured 2026-09-04T08:00:00, due 2026-09-08T08:00:00, settled 2026-09-11T14:04:00 (3 business days late)."
PAY_PROD_000801,VIOLATION,DUPLICATE_REFUND_DEDUCTION,DUPLICATE_REFUND_DEDUCTION,,159.80,
PAY_PROD_000802,PASS,,,,0.00,
PAY_PROD_000803,PASS,,,,0.00,
PAY_PROD_000804,PASS,,,,0.00,
PAY_PROD_000805,PASS,,,,0.00,
PAY_PROD_000806,PASS,,,,0.00,
PAY_PROD_000807,PASS,,,,0.00,
PAY_PROD_000808,PASS,,,,0.00,
PAY_PROD_000809,PASS,,,,0.00,
PAY_PROD_000810,PASS,,,,0.00,
PAY_PROD_000811,PASS,,,,0.00,
PAY_PROD_000812,PASS,,,,0.00,
PAY_PROD_000813,PASS,,,,0.00,
PAY_PROD_000814,PASS,,,,0.00,
PAY_PROD_000815,PASS,,,,0.00,
PAY_PROD_000816,PASS,,,,0.00,
PAY_PROD_000817,PASS,,,,0.00,
PAY_PROD_000818,PASS,,,,0.00,
PAY_PROD_000819,PASS,,,,0.00,
PAY_PROD_000820,PASS,,,,0.00,
PAY_PROD_000821,PASS,,,,0.00,
PAY_PROD_000822,PASS,,,,0.00,
PAY_PROD_000823,PASS,,,,0.00,
PAY_PROD_000824,PASS,,,,0.00,
PAY_PROD_000825,PASS,,,,0.00,
PAY_PROD_000826,PASS,,,,0.00,
PAY_PROD_000827,PASS,,,,0.00,
PAY_PROD_000828,PASS,,,,0.00,
PAY_PROD_000829,PASS,,,,0.00,
PAY_PROD_000830,PASS,,,,0.00,
PAY_PROD_000831,PASS,,,,0.00,
PAY_PROD_000832,PASS,,,,0.00,
PAY_PROD_000833,PASS,,,,0.00,
PAY_PROD_000834,PASS,,,,0.00,
PAY_PROD_000835,PASS,,,,0.00,
PAY_PROD_000836,PASS,,,,0.00,
PAY_PROD_000837,PASS,,,,0.00,
PAY_PROD_000838,PASS,,,,0.00,
PAY_PROD_000839,PASS,,,,0.00,
PAY_PROD_000840,PASS,,,,0.00,
PAY_PROD_000841,PASS,,,,0.00,
PAY_PROD_000842,PASS,,,,0.00,
PAY_PROD_000843,PASS,,,,0.00,
PAY_PROD_000844,PASS,,,,0.00,
PAY_PROD_000845,PASS,,,,0.00,
PAY_PROD_000846,PASS,,,,0.00,
PAY_PROD_000847,PASS,,,,0.00,
PAY_PROD_000848,PASS,,,,0.00,
PAY_PROD_000849,PASS,,,,0.00,
PAY_PROD_000850,PASS,,,,0.00,
PAY_PROD_000851,PASS,,,,0.00,
PAY_PROD_000852,PASS,,,,0.00,
PAY_PROD_000853,PASS,,,,0.00,
PAY_PROD_000854,PASS,,,,0.00,
PAY_PROD_000855,PASS,,,,0.00,
PAY_PROD_000856,PASS,,,,0.00,
PAY_PROD_000857,PASS,,,,0.00,
PAY_PROD_000858,PASS,,,,0.00,
PAY_PROD_000859,PASS,,,,0.00,
PAY_PROD_000860,PASS,,,,0.00,
PAY_PROD_000861,PASS,,,,0.00,
PAY_PROD_000862,PASS,,,,0.00,
PAY_PROD_000863,PASS,,,,0.00,
PAY_PROD_000864,VIOLATION,GST_ON_FEE,GST_ON_FEE,,0.66,
PAY_PROD_000865,PASS,,,,0.00,
PAY_PROD_000866,PASS,,,,0.00,
PAY_PROD_000867,PASS,,,,0.00,
PAY_PROD_000868,PASS,,,,0.00,
PAY_PROD_000869,VIOLATION,GST_ON_FEE,GST_ON_FEE,,13.20,
PAY_PROD_000870,PASS,,,,0.00,
PAY_PROD_000871,PASS,,,,0.00,
PAY_PROD_000872,PASS,,,,0.00,
PAY_PROD_000873,PASS,,,,0.00,
PAY_PROD_000874,PASS,,,,0.00,
PAY_PROD_000875,PASS,,,,0.00,
PAY_PROD_000876,PASS,,,,0.00,
PAY_PROD_000877,PASS,,,,0.00,
PAY_PROD_000878,PASS,,,,0.00,
PAY_PROD_000879,PASS,,,,0.00,
PAY_PROD_000880,PASS,,,,0.00,
PAY_PROD_000881,PASS,,,,0.00,
PAY_PROD_000882,PASS,,,,0.00,
PAY_PROD_000883,VIOLATION,UNSUPPORTED_FEE,UNSUPPORTED_FEE,,149.00,
PAY_PROD_000884,PASS,,,,0.00,
PAY_PROD_000885,PASS,,,,0.00,
PAY_PROD_000886,PASS,,,,0.00,
PAY_PROD_000887,PASS,,,,0.00,
PAY_PROD_000888,PASS,,,,0.00,
PAY_PROD_000889,PASS,,,,0.00,
PAY_PROD_000890,PASS,,,,0.00,
PAY_PROD_000891,PASS,,,,0.00,
PAY_PROD_000892,PASS,,,,0.00,
PAY_PROD_000893,PASS,,,,0.00,
PAY_PROD_000894,PASS,,,,0.00,
PAY_PROD_000895,PASS,,,,0.00,
PAY_PROD_000896,VIOLATION,GST_ON_FEE,GST_ON_FEE,,1.32,
PAY_PROD_000897,PASS,,,,0.00,
PAY_PROD_000898,PASS,,,,0.00,
PAY_PROD_000899,PASS,,,,0.00,
PAY_PROD_000900,PASS,,,,0.00,
PAY_PROD_000901,PASS,,,,0.00,
PAY_PROD_000902,PASS,,,,0.00,
PAY_PROD_000903,PASS,,,,0.00,
PAY_PROD_000904,PASS,,,,0.00,
PAY_PROD_000905,VIOLATION,SETTLEMENT_SLA,SETTLEMENT_SLA,,0.00,"SLA proven from raw records: captured 2026-09-05T15:38:00, due 2026-09-08T15:38:00, settled 2026-09-11T14:43:00 (3 business days late)."
PAY_PROD_000906,VIOLATION,SETTLEMENT_SLA,SETTLEMENT_SLA,,0.00,"SLA proven from raw records: captured 2026-09-05T15:55:00, due 2026-09-08T15:55:00, settled 2026-09-11T14:43:00 (3 business days late)."
PAY_PROD_000907,VIOLATION,SETTLEMENT_SLA,SETTLEMENT_SLA,,0.00,"SLA proven from raw records: captured 2026-09-05T16:08:00, due 2026-09-08T16:08:00, settled 2026-09-11T14:43:00 (3 business days late)."
PAY_PROD_000908,VIOLATION,SETTLEMENT_SLA,SETTLEMENT_SLA,,0.00,"SLA proven from raw records: captured 2026-09-05T16:28:00, due 2026-09-08T16:28:00, settled 2026-09-11T14:43:00 (3 business days late)."
PAY_PROD_000909,VIOLATION,SETTLEMENT_SLA,SETTLEMENT_SLA,,0.00,"SLA proven from raw records: captured 2026-09-05T16:50:00, due 2026-09-08T16:50:00, settled 2026-09-11T14:43:00 (3 business days late)."
PAY_PROD_000910,VIOLATION,SETTLEMENT_SLA,SETTLEMENT_SLA,,0.00,"SLA proven from raw records: captured 2026-09-05T17:02:00, due 2026-09-08T17:02:00, settled 2026-09-11T14:43:00 (3 business days late)."
PAY_PROD_000911,VIOLATION,SETTLEMENT_SLA,SETTLEMENT_SLA,,0.00,"SLA proven from raw records: captured 2026-09-05T17:24:00, due 2026-09-08T17:24:00, settled 2026-09-11T14:43:00 (3 business days late)."
PAY_PROD_000912,VIOLATION,SETTLEMENT_SLA,SETTLEMENT_SLA,,0.00,
PAY_PROD_000913,VIOLATION,SETTLEMENT_SLA,SETTLEMENT_SLA,,0.00,"SLA proven from raw records: captured 2026-09-05T17:58:00, due 2026-09-08T17:58:00, settled 2026-09-11T14:43:00 (3 business days late)."
PAY_PROD_000914,VIOLATION,SETTLEMENT_SLA,SETTLEMENT_SLA,,0.00,"SLA proven from raw records: captured 2026-09-05T18:17:00, due 2026-09-08T18:17:00, settled 2026-09-11T14:43:00 (3 business days late)."
PAY_PROD_000915,VIOLATION,SETTLEMENT_SLA,SETTLEMENT_SLA,,0.00,"SLA proven from raw records: captured 2026-09-05T18:33:00, due 2026-09-08T18:33:00, settled 2026-09-11T14:43:00 (3 business days late)."
PAY_PROD_000916,PASS,,,,0.00,
PAY_PROD_000917,PASS,,,,0.00,
PAY_PROD_000918,PASS,,,,0.00,
PAY_PROD_000919,PASS,,,,0.00,
PAY_PROD_000920,VIOLATION,GST_ON_FEE;MDR_RATE,MDR_RATE,GST_ON_FEE,29.50,
PAY_PROD_000921,PASS,,,,0.00,
PAY_PROD_000922,PASS,,,,0.00,
PAY_PROD_000923,PASS,,,,0.00,
PAY_PROD_000924,PASS,,,,0.00,
PAY_PROD_000925,PASS,,,,0.00,
PAY_PROD_000926,PASS,,,,0.00,
PAY_PROD_000927,PASS,,,,0.00,
PAY_PROD_000928,PASS,,,,0.00,
PAY_PROD_000929,PASS,,,,0.00,
PAY_PROD_000930,PASS,,,,0.00,
PAY_PROD_000931,PASS,,,,0.00,Failed payment; should not appear in settlement.
PAY_PROD_000932,PASS,,,,0.00,Failed payment; should not appear in settlement.
PAY_PROD_000933,PASS,,,,0.00,Failed payment; should not appear in settlement.
PAY_PROD_000934,PASS,,,,0.00,Failed payment; should not appear in settlement.
PAY_PROD_000935,PASS,,,,0.00,Failed payment; should not appear in settlement.
PAY_PROD_000936,PASS,,,,0.00,Failed payment; should not appear in settlement.
PAY_PROD_000937,PASS,,,,0.00,Failed payment; should not appear in settlement.
PAY_PROD_000938,PASS,,,,0.00,Failed payment; should not appear in settlement.
PAY_PROD_000939,PASS,,,,0.00,Failed payment; should not appear in settlement.
PAY_PROD_000940,PASS,,,,0.00,Failed payment; should not appear in settlement.
PAY_PROD_000941,PASS,,,,0.00,Failed payment; should not appear in settlement.
PAY_PROD_000942,PASS,,,,0.00,Failed payment; should not appear in settlement.
PAY_PROD_000943,PASS,,,,0.00,Failed payment; should not appear in settlement.
PAY_PROD_000944,PASS,,,,0.00,Failed payment; should not appear in settlement.
PAY_PROD_000945,PASS,,,,0.00,Failed payment; should not appear in settlement.
PAY_PROD_000946,PASS,,,,0.00,Failed payment; should not appear in settlement.
PAY_PROD_000947,PASS,,,,0.00,Failed payment; should not appear in settlement.
PAY_PROD_000948,PASS,,,,0.00,Failed payment; should not appear in settlement.
PAY_PROD_000949,PASS,,,,0.00,Failed payment; should not appear in settlement.
PAY_PROD_000950,PASS,,,,0.00,Failed payment; should not appear in settlement.
PAY_PROD_000951,PASS,,,,0.00,Failed payment; should not appear in settlement.
PAY_PROD_000952,PASS,,,,0.00,Failed payment; should not appear in settlement.
PAY_PROD_000953,PASS,,,,0.00,Failed payment; should not appear in settlement.
PAY_PROD_000954,PASS,,,,0.00,Failed payment; should not appear in settlement.
PAY_PROD_000955,PASS,,,,0.00,Failed payment; should not appear in settlement.
PAY_PROD_000956,PASS,,,,0.00,Failed payment; should not appear in settlement.
PAY_PROD_000957,PASS,,,,0.00,Failed payment; should not appear in settlement.
PAY_PROD_000958,PASS,,,,0.00,Failed payment; should not appear in settlement.
PAY_PROD_000959,PASS,,,,0.00,Failed payment; should not appear in settlement.
PAY_PROD_000960,PASS,,,,0.00,Failed payment; should not appear in settlement.
PAY_PROD_000961,PASS,,,,0.00,Failed payment; should not appear in settlement.
PAY_PROD_000962,PASS,,,,0.00,Failed payment; should not appear in settlement.
PAY_PROD_000963,PASS,,,,0.00,Failed payment; should not appear in settlement.
PAY_PROD_000964,PASS,,,,0.00,Failed payment; should not appear in settlement.
PAY_PROD_000965,PASS,,,,0.00,Failed payment; should not appear in settlement.
PAY_PROD_000966,PASS,,,,0.00,Failed payment; should not appear in settlement.
PAY_PROD_000967,PASS,,,,0.00,Failed payment; should not appear in settlement.
PAY_PROD_000968,PASS,,,,0.00,Failed payment; should not appear in settlement.
PAY_PROD_000969,PASS,,,,0.00,Failed payment; should not appear in settlement.
PAY_PROD_000970,PASS,,,,0.00,Failed payment; should not appear in settlement.
PAY_PROD_000971,PASS,,,,0.00,Failed payment; should not appear in settlement.
PAY_PROD_000972,PASS,,,,0.00,Failed payment; should not appear in settlement.
PAY_PROD_000973,PASS,,,,0.00,Failed payment; should not appear in settlement.
PAY_PROD_000974,PASS,,,,0.00,Failed payment; should not appear in settlement.
PAY_PROD_000975,PASS,,,,0.00,Failed payment; should not appear in settlement.
PAY_PROD_000976,PASS,,,,0.00,Failed payment; should not appear in settlement.
PAY_PROD_000977,PASS,,,,0.00,Failed payment; should not appear in settlement.
PAY_PROD_000978,PASS,,,,0.00,Failed payment; should not appear in settlement.
PAY_PROD_000979,PASS,,,,0.00,Failed payment; should not appear in settlement.
PAY_PROD_000980,PASS,,,,0.00,Failed payment; should not appear in settlement.
PAY_PROD_000981,PASS,,,,0.00,Failed payment; should not appear in settlement.
PAY_PROD_000982,PASS,,,,0.00,Failed payment; should not appear in settlement.
PAY_PROD_000983,PASS,,,,0.00,Failed payment; should not appear in settlement.
PAY_PROD_000984,PASS,,,,0.00,Failed payment; should not appear in settlement.
PAY_PROD_000985,PASS,,,,0.00,Failed payment; should not appear in settlement.
PAY_PROD_000986,PASS,,,,0.00,Failed payment; should not appear in settlement.
PAY_PROD_000987,PASS,,,,0.00,Failed payment; should not appear in settlement.
PAY_PROD_000988,PASS,,,,0.00,Failed payment; should not appear in settlement.
PAY_PROD_000989,PASS,,,,0.00,Failed payment; should not appear in settlement.
PAY_PROD_000990,PASS,,,,0.00,Failed payment; should not appear in settlement.
PAY_PROD_000991,PASS,,,,0.00,Failed payment; should not appear in settlement.
PAY_PROD_000992,PASS,,,,0.00,Failed payment; should not appear in settlement.
PAY_PROD_000993,PASS,,,,0.00,Failed payment; should not appear in settlement.
PAY_PROD_000994,PASS,,,,0.00,Failed payment; should not appear in settlement.
PAY_PROD_000995,PASS,,,,0.00,Failed payment; should not appear in settlement.
PAY_PROD_000996,PASS,,,,0.00,Failed payment; should not appear in settlement.
PAY_PROD_000997,PASS,,,,0.00,Failed payment; should not appear in settlement.
PAY_PROD_000998,PASS,,,,0.00,Failed payment; should not appear in settlement.
PAY_PROD_000999,PASS,,,,0.00,Failed payment; should not appear in settlement.
PAY_PROD_001000,PASS,,,,0.00,Failed payment; should not appear in settlement.
