order_id,customer_id,amount,created_at,expected_status,payment_id
ORD_PROD_000001,CUST_00290,1999.00,2026-08-29T10:34:00,paid,PAY_PROD_000001
ORD_PROD_000002,CUST_00051,2499.00,2026-08-29T10:18:00,paid,PAY_PROD_000002
ORD_PROD_000003,CUST_00093,3499.00,2026-08-29T10:17:00,paid,PAY_PROD_000003
ORD_PROD_000004,CUST_00389,4999.00,2026-08-29T10:46:00,paid,PAY_PROD_000004
ORD_PROD_000005,CUST_00354,7499.00,2026-08-29T10:56:00,paid,PAY_PROD_000005
ORD_PROD_000006,CUST_00393,9999.00,2026-08-29T10:59:00,paid,PAY_PROD_000006
ORD_PROD_000007,CUST_00039,12499.00,2026-08-29T11:01:00,paid,PAY_PROD_000007
ORD_PROD_000008,CUST_00268,14999.00,2026-08-29T10:32:00,paid,PAY_PROD_000008
ORD_PROD_000009,CUST_00129,1999.00,2026-08-29T10:53:00,paid,PAY_PROD_000009
ORD_PROD_000010,CUST_00418,2499.00,2026-08-29T10:30:00,paid,PAY_PROD_000010
ORD_PROD_000011,CUST_00064,3499.00,2026-08-29T10:55:00,paid,PAY_PROD_000011
ORD_PROD_000012,CUST_00407,4999.00,2026-08-29T10:27:00,paid,PAY_PROD_000012
ORD_PROD_000013,CUST_00334,7499.00,2026-08-29T10:32:00,paid,PAY_PROD_000013
ORD_PROD_000014,CUST_00409,9999.00,2026-08-29T10:48:00,paid,PAY_PROD_000014
ORD_PROD_000015,CUST_00125,12499.00,2026-08-29T10:51:00,paid,PAY_PROD_000015
ORD_PROD_000016,CUST_00102,14999.00,2026-08-29T10:44:00,paid,PAY_PROD_000016
ORD_PROD_000017,CUST_00074,14999.50,2026-08-25T12:47:00,paid,PAY_PROD_000017
ORD_PROD_000018,CUST_00372,799.00,2026-08-25T13:24:00,paid,PAY_PROD_000018
ORD_PROD_000019,CUST_00378,7499.00,2026-08-25T13:36:00,paid,PAY_PROD_000019
ORD_PROD_000020,CUST_00152,1499.00,2026-08-25T13:20:00,paid,PAY_PROD_000020
ORD_PROD_000021,CUST_00165,499.00,2026-08-25T14:20:00,paid,PAY_PROD_000021
ORD_PROD_000022,CUST_00300,19999.50,2026-08-25T14:35:00,paid,PAY_PROD_000022
ORD_PROD_000023,CUST_00050,2499.50,2026-08-25T14:29:00,paid,PAY_PROD_000023
ORD_PROD_000024,CUST_00086,2499.00,2026-08-25T15:07:00,paid,PAY_PROD_000024
ORD_PROD_000025,CUST_00109,2499.50,2026-08-25T15:16:00,paid,PAY_PROD_000025
ORD_PROD_000026,CUST_00102,3499.00,2026-08-25T15:16:00,paid,PAY_PROD_000026
ORD_PROD_000027,CUST_00010,799.00,2026-08-25T15:41:00,paid,PAY_PROD_000027
ORD_PROD_000028,CUST_00170,4999.00,2026-08-25T16:04:00,paid,PAY_PROD_000028
ORD_PROD_000029,CUST_00348,12499.50,2026-08-25T16:04:00,paid,PAY_PROD_000029
ORD_PROD_000030,CUST_00420,499.00,2026-08-25T16:28:00,paid,PAY_PROD_000030
ORD_PROD_000031,CUST_00052,12499.00,2026-08-25T17:20:00,paid,PAY_PROD_000031
ORD_PROD_000032,CUST_00115,299.00,2026-08-25T16:57:00,paid,PAY_PROD_000032
ORD_PROD_000033,CUST_00040,2499.00,2026-08-25T17:59:00,paid,PAY_PROD_000033
ORD_PROD_000034,CUST_00101,9999.00,2026-08-25T18:09:00,paid,PAY_PROD_000034
ORD_PROD_000035,CUST_00102,3499.00,2026-08-25T18:14:00,paid,PAY_PROD_000035
ORD_PROD_000036,CUST_00222,499.50,2026-08-25T18:40:00,paid,PAY_PROD_000036
ORD_PROD_000037,CUST_00210,14999.50,2026-08-25T18:49:00,paid,PAY_PROD_000037
ORD_PROD_000038,CUST_00342,4999.00,2026-08-25T18:46:00,paid,PAY_PROD_000038
ORD_PROD_000039,CUST_00079,799.00,2026-08-25T19:08:00,paid,PAY_PROD_000039
ORD_PROD_000040,CUST_00231,19999.00,2026-08-25T19:44:00,paid,PAY_PROD_000040
ORD_PROD_000041,CUST_00077,1499.00,2026-08-25T19:39:00,paid,PAY_PROD_000041
ORD_PROD_000042,CUST_00333,1499.00,2026-08-25T20:30:00,paid,PAY_PROD_000042
ORD_PROD_000043,CUST_00385,1999.00,2026-08-25T20:11:00,paid,PAY_PROD_000043
ORD_PROD_000044,CUST_00111,9999.99,2026-08-25T20:35:00,paid,PAY_PROD_000044
ORD_PROD_000045,CUST_00328,2499.99,2026-08-25T21:06:00,paid,PAY_PROD_000045
ORD_PROD_000046,CUST_00076,14999.00,2026-08-25T21:50:00,paid,PAY_PROD_000046
ORD_PROD_000047,CUST_00333,12499.00,2026-08-25T22:02:00,paid,PAY_PROD_000047
ORD_PROD_000048,CUST_00188,12499.50,2026-08-25T22:03:00,paid,PAY_PROD_000048
ORD_PROD_000049,CUST_00240,4999.00,2026-08-25T22:35:00,paid,PAY_PROD_000049
ORD_PROD_000050,CUST_00138,299.00,2026-08-25T22:49:00,paid,PAY_PROD_000050
ORD_PROD_000051,CUST_00322,2499.00,2026-08-25T22:49:00,paid,PAY_PROD_000051
ORD_PROD_000052,CUST_00260,1999.99,2026-08-25T23:12:00,paid,PAY_PROD_000052
ORD_PROD_000053,CUST_00360,9999.00,2026-08-25T23:46:00,paid,PAY_PROD_000053
ORD_PROD_000054,CUST_00308,999.00,2026-08-25T23:45:00,paid,PAY_PROD_000054
ORD_PROD_000055,CUST_00028,1999.99,2026-08-26T00:28:00,paid,PAY_PROD_000055
ORD_PROD_000056,CUST_00219,3499.99,2026-08-26T00:14:00,paid,PAY_PROD_000056
ORD_PROD_000057,CUST_00234,1999.00,2026-08-26T00:53:00,paid,PAY_PROD_000057
ORD_PROD_000058,CUST_00107,7499.00,2026-08-26T01:25:00,paid,PAY_PROD_000058
ORD_PROD_000059,CUST_00406,4999.00,2026-08-26T01:26:00,paid,PAY_PROD_000059
ORD_PROD_000060,CUST_00338,19999.00,2026-08-26T01:50:00,paid,PAY_PROD_000060
ORD_PROD_000061,CUST_00093,799.99,2026-08-26T02:20:00,paid,PAY_PROD_000061
ORD_PROD_000062,CUST_00171,14999.99,2026-08-26T02:20:00,paid,PAY_PROD_000062
ORD_PROD_000063,CUST_00035,4999.99,2026-08-26T02:30:00,paid,PAY_PROD_000063
ORD_PROD_000064,CUST_00377,7499.99,2026-08-26T02:41:00,paid,PAY_PROD_000064
ORD_PROD_000065,CUST_00192,19999.50,2026-08-26T02:55:00,paid,PAY_PROD_000065
ORD_PROD_000066,CUST_00297,499.00,2026-08-26T03:45:00,paid,PAY_PROD_000066
ORD_PROD_000067,CUST_00141,2499.00,2026-08-26T03:42:00,paid,PAY_PROD_000067
ORD_PROD_000068,CUST_00318,4999.50,2026-08-26T04:19:00,paid,PAY_PROD_000068
ORD_PROD_000069,CUST_00330,19999.00,2026-08-26T04:21:00,paid,PAY_PROD_000069
ORD_PROD_000070,CUST_00386,499.00,2026-08-26T05:00:00,paid,PAY_PROD_000070
ORD_PROD_000071,CUST_00230,4999.99,2026-08-26T05:14:00,paid,PAY_PROD_000071
ORD_PROD_000072,CUST_00192,3499.99,2026-08-26T05:07:00,paid,PAY_PROD_000072
ORD_PROD_000073,CUST_00402,12499.00,2026-08-26T05:30:00,paid,PAY_PROD_000073
ORD_PROD_000074,CUST_00289,2499.00,2026-08-26T06:07:00,paid,PAY_PROD_000074
ORD_PROD_000075,CUST_00370,3499.99,2026-08-26T05:59:00,paid,PAY_PROD_000075
ORD_PROD_000076,CUST_00405,499.00,2026-08-26T06:21:00,paid,PAY_PROD_000076
ORD_PROD_000077,CUST_00337,4999.99,2026-08-26T06:34:00,paid,PAY_PROD_000077
ORD_PROD_000078,CUST_00103,2499.00,2026-08-26T07:01:00,paid,PAY_PROD_000078
ORD_PROD_000079,CUST_00295,4999.00,2026-08-26T07:05:00,paid,PAY_PROD_000079
ORD_PROD_000080,CUST_00288,299.00,2026-08-26T07:36:00,paid,PAY_PROD_000080
ORD_PROD_000081,CUST_00341,499.00,2026-08-26T07:47:00,paid,PAY_PROD_000081
ORD_PROD_000082,CUST_00270,1499.00,2026-08-26T08:05:00,paid,PAY_PROD_000082
ORD_PROD_000083,CUST_00074,999.00,2026-08-26T08:57:00,paid,PAY_PROD_000083
ORD_PROD_000084,CUST_00362,12499.00,2026-08-26T09:07:00,paid,PAY_PROD_000084
ORD_PROD_000085,CUST_00211,14999.00,2026-08-26T09:25:00,paid,PAY_PROD_000085
ORD_PROD_000086,CUST_00200,9999.00,2026-08-26T09:15:00,paid,PAY_PROD_000086
ORD_PROD_000087,CUST_00084,199.00,2026-08-26T09:39:00,paid,PAY_PROD_000087
ORD_PROD_000088,CUST_00342,9999.00,2026-08-26T09:59:00,paid,PAY_PROD_000088
ORD_PROD_000089,CUST_00197,1999.50,2026-08-26T10:15:00,paid,PAY_PROD_000089
ORD_PROD_000090,CUST_00383,1499.50,2026-08-26T10:45:00,paid,PAY_PROD_000090
ORD_PROD_000091,CUST_00094,299.00,2026-08-26T10:49:00,paid,PAY_PROD_000091
ORD_PROD_000092,CUST_00004,12499.00,2026-08-26T11:28:00,paid,PAY_PROD_000092
ORD_PROD_000093,CUST_00405,19999.00,2026-08-26T11:31:00,paid,PAY_PROD_000093
ORD_PROD_000094,CUST_00313,499.00,2026-08-26T12:12:00,paid,PAY_PROD_000094
ORD_PROD_000095,CUST_00325,19999.00,2026-08-26T12:34:00,paid,PAY_PROD_000095
ORD_PROD_000096,CUST_00002,14999.00,2026-08-26T12:26:00,paid,PAY_PROD_000096
ORD_PROD_000097,CUST_00257,1499.50,2026-08-26T12:57:00,paid,PAY_PROD_000097
ORD_PROD_000098,CUST_00047,2499.50,2026-08-26T12:55:00,paid,PAY_PROD_000098
ORD_PROD_000099,CUST_00134,199.50,2026-08-26T13:26:00,paid,PAY_PROD_000099
ORD_PROD_000100,CUST_00296,2499.00,2026-08-26T13:55:00,paid,PAY_PROD_000100
ORD_PROD_000101,CUST_00143,1499.50,2026-08-26T14:06:00,paid,PAY_PROD_000101
ORD_PROD_000102,CUST_00412,7499.99,2026-08-26T14:12:00,paid,PAY_PROD_000102
ORD_PROD_000103,CUST_00329,299.99,2026-08-26T14:13:00,paid,PAY_PROD_000103
ORD_PROD_000104,CUST_00400,499.99,2026-08-26T14:34:00,paid,PAY_PROD_000104
ORD_PROD_000105,CUST_00360,1999.00,2026-08-26T15:25:00,paid,PAY_PROD_000105
ORD_PROD_000106,CUST_00292,499.00,2026-08-26T15:34:00,paid,PAY_PROD_000106
ORD_PROD_000107,CUST_00306,9999.00,2026-08-26T15:37:00,paid,PAY_PROD_000107
ORD_PROD_000108,CUST_00040,999.99,2026-08-26T15:53:00,paid,PAY_PROD_000108
ORD_PROD_000109,CUST_00306,999.99,2026-08-26T16:33:00,paid,PAY_PROD_000109
ORD_PROD_000110,CUST_00302,14999.99,2026-08-26T16:28:00,paid,PAY_PROD_000110
ORD_PROD_000111,CUST_00063,1499.00,2026-08-26T16:45:00,paid,PAY_PROD_000111
ORD_PROD_000112,CUST_00337,4999.50,2026-08-26T17:35:00,paid,PAY_PROD_000112
ORD_PROD_000113,CUST_00181,19999.00,2026-08-26T17:44:00,paid,PAY_PROD_000113
ORD_PROD_000114,CUST_00276,14999.50,2026-08-26T18:08:00,paid,PAY_PROD_000114
ORD_PROD_000115,CUST_00295,299.00,2026-08-26T18:31:00,paid,PAY_PROD_000115
ORD_PROD_000116,CUST_00413,799.00,2026-08-26T18:12:00,paid,PAY_PROD_000116
ORD_PROD_000117,CUST_00381,499.50,2026-08-26T18:46:00,paid,PAY_PROD_000117
ORD_PROD_000118,CUST_00166,1499.50,2026-08-26T19:00:00,paid,PAY_PROD_000118
ORD_PROD_000119,CUST_00313,12499.00,2026-08-26T19:14:00,paid,PAY_PROD_000119
ORD_PROD_000120,CUST_00162,19999.00,2026-08-26T19:22:00,paid,PAY_PROD_000120
ORD_PROD_000121,CUST_00007,1499.00,2026-08-26T19:45:00,paid,PAY_PROD_000121
ORD_PROD_000122,CUST_00144,799.00,2026-08-26T20:25:00,paid,PAY_PROD_000122
ORD_PROD_000123,CUST_00270,499.00,2026-08-26T20:54:00,paid,PAY_PROD_000123
ORD_PROD_000124,CUST_00219,1499.00,2026-08-26T20:38:00,paid,PAY_PROD_000124
ORD_PROD_000125,CUST_00280,199.00,2026-08-26T21:19:00,paid,PAY_PROD_000125
ORD_PROD_000126,CUST_00275,199.50,2026-08-26T21:28:00,paid,PAY_PROD_000126
ORD_PROD_000127,CUST_00198,2499.00,2026-08-26T21:27:00,paid,PAY_PROD_000127
ORD_PROD_000128,CUST_00215,4999.99,2026-08-26T22:20:00,paid,PAY_PROD_000128
ORD_PROD_000129,CUST_00324,999.00,2026-08-26T22:17:00,paid,PAY_PROD_000129
ORD_PROD_000130,CUST_00018,19999.50,2026-08-26T22:47:00,paid,PAY_PROD_000130
ORD_PROD_000131,CUST_00366,4999.00,2026-08-26T22:45:00,paid,PAY_PROD_000131
ORD_PROD_000132,CUST_00038,1999.00,2026-08-26T23:22:00,paid,PAY_PROD_000132
ORD_PROD_000133,CUST_00287,999.99,2026-08-26T23:34:00,paid,PAY_PROD_000133
ORD_PROD_000134,CUST_00244,14999.00,2026-08-26T23:43:00,paid,PAY_PROD_000134
ORD_PROD_000135,CUST_00254,19999.00,2026-08-26T23:48:00,paid,PAY_PROD_000135
ORD_PROD_000136,CUST_00187,2499.50,2026-08-27T00:18:00,paid,PAY_PROD_000136
ORD_PROD_000137,CUST_00279,799.50,2026-08-27T01:03:00,paid,PAY_PROD_000137
ORD_PROD_000138,CUST_00059,499.00,2026-08-27T01:14:00,paid,PAY_PROD_000138
ORD_PROD_000139,CUST_00115,199.00,2026-08-27T01:06:00,paid,PAY_PROD_000139
ORD_PROD_000140,CUST_00157,1499.99,2026-08-27T01:32:00,paid,PAY_PROD_000140
ORD_PROD_000141,CUST_00191,799.50,2026-08-27T01:48:00,paid,PAY_PROD_000141
ORD_PROD_000142,CUST_00011,2499.00,2026-08-27T02:24:00,paid,PAY_PROD_000142
ORD_PROD_000143,CUST_00226,12499.00,2026-08-27T02:47:00,paid,PAY_PROD_000143
ORD_PROD_000144,CUST_00030,9999.50,2026-08-27T03:12:00,paid,PAY_PROD_000144
ORD_PROD_000145,CUST_00252,9999.99,2026-08-27T03:25:00,paid,PAY_PROD_000145
ORD_PROD_000146,CUST_00128,999.00,2026-08-27T03:17:00,paid,PAY_PROD_000146
ORD_PROD_000147,CUST_00124,12499.00,2026-08-27T03:30:00,paid,PAY_PROD_000147
ORD_PROD_000148,CUST_00041,7499.00,2026-08-27T04:11:00,paid,PAY_PROD_000148
ORD_PROD_000149,CUST_00326,7499.50,2026-08-27T04:04:00,paid,PAY_PROD_000149
ORD_PROD_000150,CUST_00345,499.00,2026-08-27T04:30:00,paid,PAY_PROD_000150
ORD_PROD_000151,CUST_00298,999.00,2026-08-27T05:02:00,paid,PAY_PROD_000151
ORD_PROD_000152,CUST_00307,1999.99,2026-08-27T05:24:00,paid,PAY_PROD_000152
ORD_PROD_000153,CUST_00296,4999.50,2026-08-27T05:40:00,paid,PAY_PROD_000153
ORD_PROD_000154,CUST_00105,499.50,2026-08-27T06:09:00,paid,PAY_PROD_000154
ORD_PROD_000155,CUST_00385,1999.50,2026-08-27T06:31:00,paid,PAY_PROD_000155
ORD_PROD_000156,CUST_00332,12499.99,2026-08-27T06:38:00,paid,PAY_PROD_000156
ORD_PROD_000157,CUST_00242,4999.99,2026-08-27T06:53:00,paid,PAY_PROD_000157
ORD_PROD_000158,CUST_00006,3499.00,2026-08-27T07:26:00,paid,PAY_PROD_000158
ORD_PROD_000159,CUST_00117,1999.50,2026-08-27T07:26:00,paid,PAY_PROD_000159
ORD_PROD_000160,CUST_00253,999.00,2026-08-27T07:54:00,paid,PAY_PROD_000160
ORD_PROD_000161,CUST_00346,299.00,2026-08-27T07:54:00,paid,PAY_PROD_000161
ORD_PROD_000162,CUST_00285,299.00,2026-08-27T08:15:00,paid,PAY_PROD_000162
ORD_PROD_000163,CUST_00073,12499.00,2026-08-27T08:24:00,paid,PAY_PROD_000163
ORD_PROD_000164,CUST_00325,299.00,2026-08-27T09:09:00,paid,PAY_PROD_000164
ORD_PROD_000165,CUST_00120,2499.99,2026-08-27T09:30:00,paid,PAY_PROD_000165
ORD_PROD_000166,CUST_00212,12499.00,2026-08-27T09:30:00,paid,PAY_PROD_000166
ORD_PROD_000167,CUST_00249,12499.00,2026-08-27T10:05:00,paid,PAY_PROD_000167
ORD_PROD_000168,CUST_00324,19999.50,2026-08-27T10:28:00,paid,PAY_PROD_000168
ORD_PROD_000169,CUST_00262,799.99,2026-08-27T10:47:00,paid,PAY_PROD_000169
ORD_PROD_000170,CUST_00284,4999.00,2026-08-27T10:55:00,paid,PAY_PROD_000170
ORD_PROD_000171,CUST_00166,1499.00,2026-08-27T10:40:00,paid,PAY_PROD_000171
ORD_PROD_000172,CUST_00406,1999.99,2026-08-27T11:22:00,paid,PAY_PROD_000172
ORD_PROD_000173,CUST_00373,7499.99,2026-08-27T11:25:00,paid,PAY_PROD_000173
ORD_PROD_000174,CUST_00266,4999.50,2026-08-27T11:33:00,paid,PAY_PROD_000174
ORD_PROD_000175,CUST_00206,4999.00,2026-08-27T12:05:00,paid,PAY_PROD_000175
ORD_PROD_000176,CUST_00089,19999.00,2026-08-27T12:30:00,paid,PAY_PROD_000176
ORD_PROD_000177,CUST_00420,12499.99,2026-08-27T12:58:00,paid,PAY_PROD_000177
ORD_PROD_000178,CUST_00296,999.00,2026-08-27T13:27:00,paid,PAY_PROD_000178
ORD_PROD_000179,CUST_00070,7499.50,2026-08-27T13:33:00,paid,PAY_PROD_000179
ORD_PROD_000180,CUST_00295,799.99,2026-08-27T13:35:00,paid,PAY_PROD_000180
ORD_PROD_000181,CUST_00127,3499.50,2026-08-27T14:01:00,paid,PAY_PROD_000181
ORD_PROD_000182,CUST_00352,14999.50,2026-08-27T14:05:00,paid,PAY_PROD_000182
ORD_PROD_000183,CUST_00246,2499.99,2026-08-27T14:29:00,paid,PAY_PROD_000183
ORD_PROD_000184,CUST_00288,19999.00,2026-08-27T15:11:00,paid,PAY_PROD_000184
ORD_PROD_000185,CUST_00391,1999.00,2026-08-27T15:10:00,paid,PAY_PROD_000185
ORD_PROD_000186,CUST_00222,499.50,2026-08-27T15:13:00,paid,PAY_PROD_000186
ORD_PROD_000187,CUST_00291,19999.00,2026-08-27T15:42:00,paid,PAY_PROD_000187
ORD_PROD_000188,CUST_00066,799.00,2026-08-27T16:04:00,paid,PAY_PROD_000188
ORD_PROD_000189,CUST_00286,7499.00,2026-08-27T16:21:00,paid,PAY_PROD_000189
ORD_PROD_000190,CUST_00373,999.00,2026-08-27T16:53:00,paid,PAY_PROD_000190
ORD_PROD_000191,CUST_00248,3499.00,2026-08-27T17:07:00,paid,PAY_PROD_000191
ORD_PROD_000192,CUST_00399,7499.99,2026-08-27T17:42:00,paid,PAY_PROD_000192
ORD_PROD_000193,CUST_00356,19999.00,2026-08-27T17:50:00,paid,PAY_PROD_000193
ORD_PROD_000194,CUST_00383,4999.99,2026-08-27T18:01:00,paid,PAY_PROD_000194
ORD_PROD_000195,CUST_00073,7499.50,2026-08-27T18:30:00,paid,PAY_PROD_000195
ORD_PROD_000196,CUST_00135,9999.50,2026-08-27T18:54:00,paid,PAY_PROD_000196
ORD_PROD_000197,CUST_00377,499.00,2026-08-27T18:55:00,paid,PAY_PROD_000197
ORD_PROD_000198,CUST_00083,4999.00,2026-08-27T18:46:00,paid,PAY_PROD_000198
ORD_PROD_000199,CUST_00336,12499.50,2026-08-27T19:42:00,paid,PAY_PROD_000199
ORD_PROD_000200,CUST_00086,9999.00,2026-08-27T19:53:00,paid,PAY_PROD_000200
ORD_PROD_000201,CUST_00267,4999.99,2026-08-27T19:51:00,paid,PAY_PROD_000201
ORD_PROD_000202,CUST_00213,499.99,2026-08-27T20:15:00,paid,PAY_PROD_000202
ORD_PROD_000203,CUST_00298,299.00,2026-08-27T20:36:00,paid,PAY_PROD_000203
ORD_PROD_000204,CUST_00120,199.99,2026-08-27T20:49:00,paid,PAY_PROD_000204
ORD_PROD_000205,CUST_00186,499.00,2026-08-27T21:03:00,paid,PAY_PROD_000205
ORD_PROD_000206,CUST_00239,299.99,2026-08-27T21:17:00,paid,PAY_PROD_000206
ORD_PROD_000207,CUST_00269,3499.00,2026-08-27T21:23:00,paid,PAY_PROD_000207
ORD_PROD_000208,CUST_00309,299.00,2026-08-27T22:16:00,paid,PAY_PROD_000208
ORD_PROD_000209,CUST_00134,1999.99,2026-08-27T22:22:00,paid,PAY_PROD_000209
ORD_PROD_000210,CUST_00396,199.99,2026-08-27T22:28:00,paid,PAY_PROD_000210
ORD_PROD_000211,CUST_00382,2499.99,2026-08-27T23:10:00,paid,PAY_PROD_000211
ORD_PROD_000212,CUST_00020,199.00,2026-08-27T23:02:00,paid,PAY_PROD_000212
ORD_PROD_000213,CUST_00372,14999.99,2026-08-27T23:54:00,paid,PAY_PROD_000213
ORD_PROD_000214,CUST_00146,499.00,2026-08-27T23:34:00,paid,PAY_PROD_000214
ORD_PROD_000215,CUST_00089,9999.50,2026-08-28T00:08:00,paid,PAY_PROD_000215
ORD_PROD_000216,CUST_00053,2499.50,2026-08-28T00:16:00,paid,PAY_PROD_000216
ORD_PROD_000217,CUST_00137,799.50,2026-08-28T00:33:00,paid,PAY_PROD_000217
ORD_PROD_000218,CUST_00234,19999.00,2026-08-28T00:58:00,paid,PAY_PROD_000218
ORD_PROD_000219,CUST_00115,4999.00,2026-08-28T01:32:00,paid,PAY_PROD_000219
ORD_PROD_000220,CUST_00400,12499.00,2026-08-28T01:49:00,paid,PAY_PROD_000220
ORD_PROD_000221,CUST_00361,7499.00,2026-08-28T01:39:00,paid,PAY_PROD_000221
ORD_PROD_000222,CUST_00116,999.00,2026-08-28T02:34:00,paid,PAY_PROD_000222
ORD_PROD_000223,CUST_00141,9999.00,2026-08-28T02:37:00,paid,PAY_PROD_000223
ORD_PROD_000224,CUST_00060,9999.00,2026-08-28T02:49:00,paid,PAY_PROD_000224
ORD_PROD_000225,CUST_00100,7499.99,2026-08-28T03:25:00,paid,PAY_PROD_000225
ORD_PROD_000226,CUST_00041,3499.00,2026-08-28T03:23:00,paid,PAY_PROD_000226
ORD_PROD_000227,CUST_00037,4999.00,2026-08-28T03:47:00,paid,PAY_PROD_000227
ORD_PROD_000228,CUST_00400,199.99,2026-08-28T04:06:00,paid,PAY_PROD_000228
ORD_PROD_000229,CUST_00004,14999.00,2026-08-28T04:11:00,paid,PAY_PROD_000229
ORD_PROD_000230,CUST_00250,9999.00,2026-08-28T04:47:00,paid,PAY_PROD_000230
ORD_PROD_000231,CUST_00238,199.50,2026-08-28T04:53:00,paid,PAY_PROD_000231
ORD_PROD_000232,CUST_00210,7499.00,2026-08-28T04:51:00,paid,PAY_PROD_000232
ORD_PROD_000233,CUST_00385,799.00,2026-08-28T05:49:00,paid,PAY_PROD_000233
ORD_PROD_000234,CUST_00412,19999.00,2026-08-28T05:54:00,paid,PAY_PROD_000234
ORD_PROD_000235,CUST_00197,4999.00,2026-08-28T05:54:00,paid,PAY_PROD_000235
ORD_PROD_000236,CUST_00398,7499.00,2026-08-28T06:48:00,paid,PAY_PROD_000236
ORD_PROD_000237,CUST_00244,7499.00,2026-08-28T06:24:00,paid,PAY_PROD_000237
ORD_PROD_000238,CUST_00293,19999.00,2026-08-28T07:17:00,paid,PAY_PROD_000238
ORD_PROD_000239,CUST_00120,12499.00,2026-08-28T07:29:00,paid,PAY_PROD_000239
ORD_PROD_000240,CUST_00111,19999.50,2026-08-28T07:34:00,paid,PAY_PROD_000240
ORD_PROD_000241,CUST_00357,12499.00,2026-08-28T08:10:00,paid,PAY_PROD_000241
ORD_PROD_000242,CUST_00119,7499.00,2026-08-28T08:31:00,paid,PAY_PROD_000242
ORD_PROD_000243,CUST_00419,12499.50,2026-08-28T08:28:00,paid,PAY_PROD_000243
ORD_PROD_000244,CUST_00034,14999.00,2026-08-28T08:44:00,paid,PAY_PROD_000244
ORD_PROD_000245,CUST_00317,3499.00,2026-08-28T08:56:00,paid,PAY_PROD_000245
ORD_PROD_000246,CUST_00076,799.00,2026-08-28T09:21:00,paid,PAY_PROD_000246
ORD_PROD_000247,CUST_00020,19999.99,2026-08-28T09:35:00,paid,PAY_PROD_000247
ORD_PROD_000248,CUST_00390,3499.00,2026-08-28T10:17:00,paid,PAY_PROD_000248
ORD_PROD_000249,CUST_00029,1999.99,2026-08-28T10:22:00,paid,PAY_PROD_000249
ORD_PROD_000250,CUST_00401,2499.00,2026-08-28T10:37:00,paid,PAY_PROD_000250
ORD_PROD_000251,CUST_00266,4999.50,2026-08-28T10:48:00,paid,PAY_PROD_000251
ORD_PROD_000252,CUST_00096,19999.00,2026-08-28T11:17:00,paid,PAY_PROD_000252
ORD_PROD_000253,CUST_00317,14999.00,2026-08-28T11:42:00,paid,PAY_PROD_000253
ORD_PROD_000254,CUST_00351,7499.00,2026-08-28T11:37:00,paid,PAY_PROD_000254
ORD_PROD_000255,CUST_00115,4999.00,2026-08-28T12:35:00,paid,PAY_PROD_000255
ORD_PROD_000256,CUST_00320,9999.00,2026-08-28T12:09:00,paid,PAY_PROD_000256
ORD_PROD_000257,CUST_00362,1499.99,2026-08-28T12:45:00,paid,PAY_PROD_000257
ORD_PROD_000258,CUST_00312,9999.00,2026-08-28T13:06:00,paid,PAY_PROD_000258
ORD_PROD_000259,CUST_00312,19999.99,2026-08-28T13:17:00,paid,PAY_PROD_000259
ORD_PROD_000260,CUST_00085,14999.99,2026-08-28T14:03:00,paid,PAY_PROD_000260
ORD_PROD_000261,CUST_00067,3499.00,2026-08-28T14:01:00,paid,PAY_PROD_000261
ORD_PROD_000262,CUST_00125,12499.00,2026-08-28T14:42:00,paid,PAY_PROD_000262
ORD_PROD_000263,CUST_00375,999.99,2026-08-28T14:59:00,paid,PAY_PROD_000263
ORD_PROD_000264,CUST_00237,4999.00,2026-08-28T15:15:00,paid,PAY_PROD_000264
ORD_PROD_000265,CUST_00338,999.00,2026-08-28T14:53:00,paid,PAY_PROD_000265
ORD_PROD_000266,CUST_00044,12499.50,2026-08-28T15:30:00,paid,PAY_PROD_000266
ORD_PROD_000267,CUST_00001,799.00,2026-08-28T15:42:00,paid,PAY_PROD_000267
ORD_PROD_000268,CUST_00124,9999.00,2026-08-28T16:00:00,paid,PAY_PROD_000268
ORD_PROD_000269,CUST_00188,7499.99,2026-08-28T16:05:00,paid,PAY_PROD_000269
ORD_PROD_000270,CUST_00040,1499.00,2026-08-28T16:31:00,paid,PAY_PROD_000270
ORD_PROD_000271,CUST_00211,4999.50,2026-08-28T17:18:00,paid,PAY_PROD_000271
ORD_PROD_000272,CUST_00360,1499.50,2026-08-28T17:11:00,paid,PAY_PROD_000272
ORD_PROD_000273,CUST_00291,1999.99,2026-08-28T17:51:00,paid,PAY_PROD_000273
ORD_PROD_000274,CUST_00102,14999.00,2026-08-28T17:44:00,paid,PAY_PROD_000274
ORD_PROD_000275,CUST_00265,14999.00,2026-08-28T18:08:00,paid,PAY_PROD_000275
ORD_PROD_000276,CUST_00191,499.50,2026-08-28T18:47:00,paid,PAY_PROD_000276
ORD_PROD_000277,CUST_00311,7499.00,2026-08-28T19:03:00,paid,PAY_PROD_000277
ORD_PROD_000278,CUST_00231,999.00,2026-08-28T19:09:00,paid,PAY_PROD_000278
ORD_PROD_000279,CUST_00212,12499.00,2026-08-28T19:19:00,paid,PAY_PROD_000279
ORD_PROD_000280,CUST_00389,1499.99,2026-08-28T19:36:00,paid,PAY_PROD_000280
ORD_PROD_000281,CUST_00200,19999.00,2026-08-28T19:55:00,paid,PAY_PROD_000281
ORD_PROD_000282,CUST_00155,7499.99,2026-08-28T20:19:00,paid,PAY_PROD_000282
ORD_PROD_000283,CUST_00170,1999.50,2026-08-28T20:34:00,paid,PAY_PROD_000283
ORD_PROD_000284,CUST_00029,499.00,2026-08-28T20:38:00,paid,PAY_PROD_000284
ORD_PROD_000285,CUST_00144,999.50,2026-08-28T21:17:00,paid,PAY_PROD_000285
ORD_PROD_000286,CUST_00068,799.00,2026-08-28T21:12:00,paid,PAY_PROD_000286
ORD_PROD_000287,CUST_00385,2499.50,2026-08-28T21:56:00,paid,PAY_PROD_000287
ORD_PROD_000288,CUST_00266,7499.50,2026-08-28T22:05:00,paid,PAY_PROD_000288
ORD_PROD_000289,CUST_00210,19999.00,2026-08-28T22:38:00,paid,PAY_PROD_000289
ORD_PROD_000290,CUST_00139,1999.00,2026-08-28T22:56:00,paid,PAY_PROD_000290
ORD_PROD_000291,CUST_00179,7499.00,2026-08-28T23:10:00,paid,PAY_PROD_000291
ORD_PROD_000292,CUST_00399,499.50,2026-08-28T23:37:00,paid,PAY_PROD_000292
ORD_PROD_000293,CUST_00043,14999.99,2026-08-28T23:47:00,paid,PAY_PROD_000293
ORD_PROD_000294,CUST_00085,1499.50,2026-08-28T23:56:00,paid,PAY_PROD_000294
ORD_PROD_000295,CUST_00131,199.00,2026-08-29T00:06:00,paid,PAY_PROD_000295
ORD_PROD_000296,CUST_00116,1499.00,2026-08-29T00:48:00,paid,PAY_PROD_000296
ORD_PROD_000297,CUST_00072,1999.00,2026-08-29T00:35:00,paid,PAY_PROD_000297
ORD_PROD_000298,CUST_00254,799.99,2026-08-29T01:16:00,paid,PAY_PROD_000298
ORD_PROD_000299,CUST_00259,499.00,2026-08-29T01:27:00,paid,PAY_PROD_000299
ORD_PROD_000300,CUST_00246,299.99,2026-08-29T02:06:00,paid,PAY_PROD_000300
ORD_PROD_000301,CUST_00211,499.00,2026-08-29T01:48:00,paid,PAY_PROD_000301
ORD_PROD_000302,CUST_00062,14999.00,2026-08-29T02:37:00,paid,PAY_PROD_000302
ORD_PROD_000303,CUST_00301,3499.00,2026-08-29T02:36:00,paid,PAY_PROD_000303
ORD_PROD_000304,CUST_00188,1499.00,2026-08-29T02:48:00,paid,PAY_PROD_000304
ORD_PROD_000305,CUST_00096,19999.99,2026-08-29T03:01:00,paid,PAY_PROD_000305
ORD_PROD_000306,CUST_00392,1499.00,2026-08-29T03:42:00,paid,PAY_PROD_000306
ORD_PROD_000307,CUST_00013,2499.50,2026-08-29T03:47:00,paid,PAY_PROD_000307
ORD_PROD_000308,CUST_00166,1499.00,2026-08-29T03:57:00,paid,PAY_PROD_000308
ORD_PROD_000309,CUST_00220,2499.00,2026-08-29T04:42:00,paid,PAY_PROD_000309
ORD_PROD_000310,CUST_00050,14999.99,2026-08-29T04:53:00,paid,PAY_PROD_000310
ORD_PROD_000311,CUST_00010,19999.50,2026-08-29T04:38:00,paid,PAY_PROD_000311
ORD_PROD_000312,CUST_00044,19999.99,2026-08-29T05:35:00,paid,PAY_PROD_000312
ORD_PROD_000313,CUST_00177,19999.50,2026-08-29T05:17:00,paid,PAY_PROD_000313
ORD_PROD_000314,CUST_00220,499.50,2026-08-29T05:53:00,paid,PAY_PROD_000314
ORD_PROD_000315,CUST_00092,4999.50,2026-08-29T06:00:00,paid,PAY_PROD_000315
ORD_PROD_000316,CUST_00040,19999.00,2026-08-29T06:28:00,paid,PAY_PROD_000316
ORD_PROD_000317,CUST_00193,199.00,2026-08-29T07:08:00,paid,PAY_PROD_000317
ORD_PROD_000318,CUST_00147,1499.99,2026-08-29T07:13:00,paid,PAY_PROD_000318
ORD_PROD_000319,CUST_00394,12499.00,2026-08-29T07:13:00,paid,PAY_PROD_000319
ORD_PROD_000320,CUST_00388,7499.00,2026-08-29T07:41:00,paid,PAY_PROD_000320
ORD_PROD_000321,CUST_00241,7499.00,2026-08-29T08:17:00,paid,PAY_PROD_000321
ORD_PROD_000322,CUST_00269,2499.00,2026-08-29T08:38:00,paid,PAY_PROD_000322
ORD_PROD_000323,CUST_00011,199.99,2026-08-29T08:11:00,paid,PAY_PROD_000323
ORD_PROD_000324,CUST_00033,3499.00,2026-08-29T09:06:00,paid,PAY_PROD_000324
ORD_PROD_000325,CUST_00008,799.00,2026-08-29T08:46:00,paid,PAY_PROD_000325
ORD_PROD_000326,CUST_00114,14999.99,2026-08-29T09:25:00,paid,PAY_PROD_000326
ORD_PROD_000327,CUST_00122,7499.00,2026-08-29T09:42:00,paid,PAY_PROD_000327
ORD_PROD_000328,CUST_00257,3499.50,2026-08-29T10:28:00,paid,PAY_PROD_000328
ORD_PROD_000329,CUST_00393,14999.50,2026-08-29T10:34:00,paid,PAY_PROD_000329
ORD_PROD_000330,CUST_00342,19999.99,2026-08-29T10:30:00,paid,PAY_PROD_000330
ORD_PROD_000331,CUST_00310,3499.00,2026-08-29T10:46:00,paid,PAY_PROD_000331
ORD_PROD_000332,CUST_00025,4999.99,2026-08-29T11:03:00,paid,PAY_PROD_000332
ORD_PROD_000333,CUST_00350,7499.00,2026-08-29T12:02:00,paid,PAY_PROD_000333
ORD_PROD_000334,CUST_00167,2499.00,2026-08-29T12:14:00,paid,PAY_PROD_000334
ORD_PROD_000335,CUST_00021,1999.99,2026-08-29T11:54:00,paid,PAY_PROD_000335
ORD_PROD_000336,CUST_00236,9999.00,2026-08-29T12:36:00,paid,PAY_PROD_000336
ORD_PROD_000337,CUST_00418,14999.00,2026-08-29T12:57:00,paid,PAY_PROD_000337
ORD_PROD_000338,CUST_00131,199.50,2026-08-29T13:13:00,paid,PAY_PROD_000338
ORD_PROD_000339,CUST_00341,799.00,2026-08-29T13:25:00,paid,PAY_PROD_000339
ORD_PROD_000340,CUST_00086,1999.00,2026-08-29T13:38:00,paid,PAY_PROD_000340
ORD_PROD_000341,CUST_00255,999.00,2026-08-29T14:14:00,paid,PAY_PROD_000341
ORD_PROD_000342,CUST_00405,999.50,2026-08-29T14:30:00,paid,PAY_PROD_000342
ORD_PROD_000343,CUST_00155,3499.99,2026-08-29T14:30:00,paid,PAY_PROD_000343
ORD_PROD_000344,CUST_00078,7499.00,2026-08-29T14:35:00,paid,PAY_PROD_000344
ORD_PROD_000345,CUST_00401,1499.50,2026-08-29T15:00:00,paid,PAY_PROD_000345
ORD_PROD_000346,CUST_00053,7499.00,2026-08-29T15:18:00,paid,PAY_PROD_000346
ORD_PROD_000347,CUST_00416,199.00,2026-08-29T15:27:00,paid,PAY_PROD_000347
ORD_PROD_000348,CUST_00105,2499.50,2026-08-29T16:23:00,paid,PAY_PROD_000348
ORD_PROD_000349,CUST_00166,3499.50,2026-08-29T16:33:00,paid,PAY_PROD_000349
ORD_PROD_000350,CUST_00093,799.50,2026-08-29T16:39:00,paid,PAY_PROD_000350
ORD_PROD_000351,CUST_00039,4999.00,2026-08-29T17:00:00,paid,PAY_PROD_000351
ORD_PROD_000352,CUST_00071,19999.00,2026-08-29T17:26:00,paid,PAY_PROD_000352
ORD_PROD_000353,CUST_00125,7499.00,2026-08-29T17:42:00,paid,PAY_PROD_000353
ORD_PROD_000354,CUST_00074,1499.99,2026-08-29T18:07:00,paid,PAY_PROD_000354
ORD_PROD_000355,CUST_00386,4999.00,2026-08-29T18:28:00,paid,PAY_PROD_000355
ORD_PROD_000356,CUST_00260,199.50,2026-08-29T18:12:00,paid,PAY_PROD_000356
ORD_PROD_000357,CUST_00054,499.00,2026-08-29T18:41:00,paid,PAY_PROD_000357
ORD_PROD_000358,CUST_00330,9999.00,2026-08-29T19:25:00,paid,PAY_PROD_000358
ORD_PROD_000359,CUST_00058,1499.99,2026-08-29T19:18:00,paid,PAY_PROD_000359
ORD_PROD_000360,CUST_00202,499.00,2026-08-29T19:44:00,paid,PAY_PROD_000360
ORD_PROD_000361,CUST_00313,1999.00,2026-08-29T20:18:00,paid,PAY_PROD_000361
ORD_PROD_000362,CUST_00034,199.00,2026-08-29T20:16:00,paid,PAY_PROD_000362
ORD_PROD_000363,CUST_00073,7499.00,2026-08-29T20:45:00,paid,PAY_PROD_000363
ORD_PROD_000364,CUST_00210,299.00,2026-08-29T21:13:00,paid,PAY_PROD_000364
ORD_PROD_000365,CUST_00286,499.50,2026-08-29T21:13:00,paid,PAY_PROD_000365
ORD_PROD_000366,CUST_00158,499.50,2026-08-29T21:05:00,paid,PAY_PROD_000366
ORD_PROD_000367,CUST_00341,1999.99,2026-08-29T21:57:00,paid,PAY_PROD_000367
ORD_PROD_000368,CUST_00037,199.99,2026-08-29T21:54:00,paid,PAY_PROD_000368
ORD_PROD_000369,CUST_00385,14999.00,2026-08-29T22:35:00,paid,PAY_PROD_000369
ORD_PROD_000370,CUST_00250,2499.50,2026-08-29T23:06:00,paid,PAY_PROD_000370
ORD_PROD_000371,CUST_00311,499.00,2026-08-29T23:04:00,paid,PAY_PROD_000371
ORD_PROD_000372,CUST_00294,14999.00,2026-08-29T23:01:00,paid,PAY_PROD_000372
ORD_PROD_000373,CUST_00069,12499.00,2026-08-29T23:47:00,paid,PAY_PROD_000373
ORD_PROD_000374,CUST_00050,299.50,2026-08-29T23:53:00,paid,PAY_PROD_000374
ORD_PROD_000375,CUST_00012,7499.99,2026-08-30T00:04:00,paid,PAY_PROD_000375
ORD_PROD_000376,CUST_00026,12499.00,2026-08-30T00:30:00,paid,PAY_PROD_000376
ORD_PROD_000377,CUST_00030,4999.50,2026-08-30T00:49:00,paid,PAY_PROD_000377
ORD_PROD_000378,CUST_00230,199.00,2026-08-30T00:59:00,paid,PAY_PROD_000378
ORD_PROD_000379,CUST_00383,4999.50,2026-08-30T01:13:00,paid,PAY_PROD_000379
ORD_PROD_000380,CUST_00243,999.50,2026-08-30T01:42:00,paid,PAY_PROD_000380
ORD_PROD_000381,CUST_00026,9999.99,2026-08-30T01:58:00,paid,PAY_PROD_000381
ORD_PROD_000382,CUST_00218,799.00,2026-08-30T02:13:00,paid,PAY_PROD_000382
ORD_PROD_000383,CUST_00413,7499.00,2026-08-30T02:35:00,paid,PAY_PROD_000383
ORD_PROD_000384,CUST_00312,799.99,2026-08-30T02:34:00,paid,PAY_PROD_000384
ORD_PROD_000385,CUST_00210,199.00,2026-08-30T03:38:00,paid,PAY_PROD_000385
ORD_PROD_000386,CUST_00022,14999.00,2026-08-30T03:39:00,paid,PAY_PROD_000386
ORD_PROD_000387,CUST_00041,4999.00,2026-08-30T03:59:00,paid,PAY_PROD_000387
ORD_PROD_000388,CUST_00049,999.99,2026-08-30T03:52:00,paid,PAY_PROD_000388
ORD_PROD_000389,CUST_00185,9999.00,2026-08-30T04:26:00,paid,PAY_PROD_000389
ORD_PROD_000390,CUST_00073,499.00,2026-08-30T04:21:00,paid,PAY_PROD_000390
ORD_PROD_000391,CUST_00103,799.00,2026-08-30T04:55:00,paid,PAY_PROD_000391
ORD_PROD_000392,CUST_00182,999.00,2026-08-30T05:05:00,paid,PAY_PROD_000392
ORD_PROD_000393,CUST_00373,999.00,2026-08-30T05:26:00,paid,PAY_PROD_000393
ORD_PROD_000394,CUST_00011,19999.99,2026-08-30T05:49:00,paid,PAY_PROD_000394
ORD_PROD_000395,CUST_00128,299.00,2026-08-30T06:18:00,paid,PAY_PROD_000395
ORD_PROD_000396,CUST_00093,1999.00,2026-08-30T06:39:00,paid,PAY_PROD_000396
ORD_PROD_000397,CUST_00244,3499.99,2026-08-30T07:03:00,paid,PAY_PROD_000397
ORD_PROD_000398,CUST_00123,199.00,2026-08-30T06:46:00,paid,PAY_PROD_000398
ORD_PROD_000399,CUST_00156,999.00,2026-08-30T07:27:00,paid,PAY_PROD_000399
ORD_PROD_000400,CUST_00380,299.00,2026-08-30T07:30:00,paid,PAY_PROD_000400
ORD_PROD_000401,CUST_00416,14999.99,2026-08-30T08:06:00,paid,PAY_PROD_000401
ORD_PROD_000402,CUST_00199,1999.99,2026-08-30T08:33:00,paid,PAY_PROD_000402
ORD_PROD_000403,CUST_00028,14999.00,2026-08-30T08:47:00,paid,PAY_PROD_000403
ORD_PROD_000404,CUST_00353,299.00,2026-08-30T08:32:00,paid,PAY_PROD_000404
ORD_PROD_000405,CUST_00388,7499.00,2026-08-30T08:59:00,paid,PAY_PROD_000405
ORD_PROD_000406,CUST_00158,4999.00,2026-08-30T09:34:00,paid,PAY_PROD_000406
ORD_PROD_000407,CUST_00072,799.50,2026-08-30T10:07:00,paid,PAY_PROD_000407
ORD_PROD_000408,CUST_00351,9999.00,2026-08-30T09:42:00,paid,PAY_PROD_000408
ORD_PROD_000409,CUST_00243,1999.00,2026-08-30T10:36:00,paid,PAY_PROD_000409
ORD_PROD_000410,CUST_00338,999.50,2026-08-30T10:22:00,paid,PAY_PROD_000410
ORD_PROD_000411,CUST_00289,499.50,2026-08-30T11:09:00,paid,PAY_PROD_000411
ORD_PROD_000412,CUST_00346,999.99,2026-08-30T11:04:00,paid,PAY_PROD_000412
ORD_PROD_000413,CUST_00132,9999.00,2026-08-30T11:31:00,paid,PAY_PROD_000413
ORD_PROD_000414,CUST_00070,4999.00,2026-08-30T11:50:00,paid,PAY_PROD_000414
ORD_PROD_000415,CUST_00358,1999.99,2026-08-30T12:21:00,paid,PAY_PROD_000415
ORD_PROD_000416,CUST_00240,1499.99,2026-08-30T12:35:00,paid,PAY_PROD_000416
ORD_PROD_000417,CUST_00158,2499.50,2026-08-30T12:26:00,paid,PAY_PROD_000417
ORD_PROD_000418,CUST_00070,9999.50,2026-08-30T13:12:00,paid,PAY_PROD_000418
ORD_PROD_000419,CUST_00147,12499.00,2026-08-30T13:11:00,paid,PAY_PROD_000419
ORD_PROD_000420,CUST_00122,3499.00,2026-08-30T13:35:00,paid,PAY_PROD_000420
ORD_PROD_000421,CUST_00291,9999.50,2026-08-30T13:33:00,paid,PAY_PROD_000421
ORD_PROD_000422,CUST_00326,3499.00,2026-08-30T14:14:00,paid,PAY_PROD_000422
ORD_PROD_000423,CUST_00091,1499.99,2026-08-30T14:32:00,paid,PAY_PROD_000423
ORD_PROD_000424,CUST_00296,499.00,2026-08-30T14:51:00,paid,PAY_PROD_000424
ORD_PROD_000425,CUST_00121,19999.50,2026-08-30T15:20:00,paid,PAY_PROD_000425
ORD_PROD_000426,CUST_00059,19999.00,2026-08-30T15:13:00,paid,PAY_PROD_000426
ORD_PROD_000427,CUST_00335,12499.00,2026-08-30T15:59:00,paid,PAY_PROD_000427
ORD_PROD_000428,CUST_00301,2499.00,2026-08-30T15:49:00,paid,PAY_PROD_000428
ORD_PROD_000429,CUST_00164,14999.50,2026-08-30T16:12:00,paid,PAY_PROD_000429
ORD_PROD_000430,CUST_00217,12499.00,2026-08-30T16:28:00,paid,PAY_PROD_000430
ORD_PROD_000431,CUST_00380,9999.00,2026-08-30T16:48:00,paid,PAY_PROD_000431
ORD_PROD_000432,CUST_00394,4999.50,2026-08-30T17:15:00,paid,PAY_PROD_000432
ORD_PROD_000433,CUST_00201,19999.99,2026-08-30T17:24:00,paid,PAY_PROD_000433
ORD_PROD_000434,CUST_00029,2499.99,2026-08-30T17:45:00,paid,PAY_PROD_000434
ORD_PROD_000435,CUST_00243,1999.50,2026-08-30T17:50:00,paid,PAY_PROD_000435
ORD_PROD_000436,CUST_00333,199.99,2026-08-30T18:48:00,paid,PAY_PROD_000436
ORD_PROD_000437,CUST_00068,7499.50,2026-08-30T18:48:00,paid,PAY_PROD_000437
ORD_PROD_000438,CUST_00165,12499.99,2026-08-30T19:25:00,paid,PAY_PROD_000438
ORD_PROD_000439,CUST_00293,4999.00,2026-08-30T19:02:00,paid,PAY_PROD_000439
ORD_PROD_000440,CUST_00289,299.00,2026-08-30T19:21:00,paid,PAY_PROD_000440
ORD_PROD_000441,CUST_00075,12499.00,2026-08-30T20:15:00,paid,PAY_PROD_000441
ORD_PROD_000442,CUST_00359,499.50,2026-08-30T19:56:00,paid,PAY_PROD_000442
ORD_PROD_000443,CUST_00329,19999.99,2026-08-30T20:41:00,paid,PAY_PROD_000443
ORD_PROD_000444,CUST_00388,19999.00,2026-08-30T21:03:00,paid,PAY_PROD_000444
ORD_PROD_000445,CUST_00405,1999.50,2026-08-30T21:16:00,paid,PAY_PROD_000445
ORD_PROD_000446,CUST_00055,799.50,2026-08-30T21:11:00,paid,PAY_PROD_000446
ORD_PROD_000447,CUST_00106,499.99,2026-08-30T21:38:00,paid,PAY_PROD_000447
ORD_PROD_000448,CUST_00078,299.00,2026-08-30T22:31:00,paid,PAY_PROD_000448
ORD_PROD_000449,CUST_00213,9999.00,2026-08-30T22:46:00,paid,PAY_PROD_000449
ORD_PROD_000450,CUST_00258,1999.00,2026-08-30T22:37:00,paid,PAY_PROD_000450
ORD_PROD_000451,CUST_00039,9999.99,2026-08-30T22:47:00,paid,PAY_PROD_000451
ORD_PROD_000452,CUST_00361,1999.00,2026-08-30T23:35:00,paid,PAY_PROD_000452
ORD_PROD_000453,CUST_00072,14999.50,2026-08-30T23:43:00,paid,PAY_PROD_000453
ORD_PROD_000454,CUST_00146,2499.00,2026-08-31T00:08:00,paid,PAY_PROD_000454
ORD_PROD_000455,CUST_00278,1499.00,2026-08-31T00:05:00,paid,PAY_PROD_000455
ORD_PROD_000456,CUST_00039,12499.00,2026-08-31T00:30:00,paid,PAY_PROD_000456
ORD_PROD_000457,CUST_00171,799.00,2026-08-31T00:34:00,paid,PAY_PROD_000457
ORD_PROD_000458,CUST_00278,9999.00,2026-08-31T01:20:00,paid,PAY_PROD_000458
ORD_PROD_000459,CUST_00377,7499.00,2026-08-31T01:38:00,paid,PAY_PROD_000459
ORD_PROD_000460,CUST_00377,19999.50,2026-08-31T01:57:00,paid,PAY_PROD_000460
ORD_PROD_000461,CUST_00148,9999.00,2026-08-31T01:39:00,paid,PAY_PROD_000461
ORD_PROD_000462,CUST_00134,799.00,2026-08-31T02:17:00,paid,PAY_PROD_000462
ORD_PROD_000463,CUST_00403,14999.00,2026-08-31T02:35:00,paid,PAY_PROD_000463
ORD_PROD_000464,CUST_00025,4999.00,2026-08-31T02:33:00,paid,PAY_PROD_000464
ORD_PROD_000465,CUST_00399,999.99,2026-08-31T03:33:00,paid,PAY_PROD_000465
ORD_PROD_000466,CUST_00290,3499.00,2026-08-31T03:31:00,paid,PAY_PROD_000466
ORD_PROD_000467,CUST_00194,799.00,2026-08-31T04:09:00,paid,PAY_PROD_000467
ORD_PROD_000468,CUST_00095,12499.50,2026-08-31T04:13:00,paid,PAY_PROD_000468
ORD_PROD_000469,CUST_00093,7499.00,2026-08-31T04:41:00,paid,PAY_PROD_000469
ORD_PROD_000470,CUST_00055,1999.99,2026-08-31T04:47:00,paid,PAY_PROD_000470
ORD_PROD_000471,CUST_00305,299.99,2026-08-31T04:59:00,paid,PAY_PROD_000471
ORD_PROD_000472,CUST_00008,799.00,2026-08-31T05:02:00,paid,PAY_PROD_000472
ORD_PROD_000473,CUST_00379,799.00,2026-08-31T05:23:00,paid,PAY_PROD_000473
ORD_PROD_000474,CUST_00322,12499.50,2026-08-31T06:13:00,paid,PAY_PROD_000474
ORD_PROD_000475,CUST_00316,19999.00,2026-08-31T06:08:00,paid,PAY_PROD_000475
ORD_PROD_000476,CUST_00206,199.00,2026-08-31T06:30:00,paid,PAY_PROD_000476
ORD_PROD_000477,CUST_00064,199.50,2026-08-31T07:01:00,paid,PAY_PROD_000477
ORD_PROD_000478,CUST_00381,1999.50,2026-08-31T07:06:00,paid,PAY_PROD_000478
ORD_PROD_000479,CUST_00029,1499.00,2026-08-31T07:39:00,paid,PAY_PROD_000479
ORD_PROD_000480,CUST_00001,19999.50,2026-08-31T07:43:00,paid,PAY_PROD_000480
ORD_PROD_000481,CUST_00146,3499.00,2026-08-31T08:11:00,paid,PAY_PROD_000481
ORD_PROD_000482,CUST_00359,499.00,2026-08-31T08:16:00,paid,PAY_PROD_000482
ORD_PROD_000483,CUST_00179,1999.00,2026-08-31T08:51:00,paid,PAY_PROD_000483
ORD_PROD_000484,CUST_00116,199.00,2026-08-31T08:41:00,paid,PAY_PROD_000484
ORD_PROD_000485,CUST_00278,19999.00,2026-08-31T09:18:00,paid,PAY_PROD_000485
ORD_PROD_000486,CUST_00318,19999.00,2026-08-31T09:17:00,paid,PAY_PROD_000486
ORD_PROD_000487,CUST_00105,499.99,2026-08-31T09:43:00,paid,PAY_PROD_000487
ORD_PROD_000488,CUST_00043,499.50,2026-08-31T09:59:00,paid,PAY_PROD_000488
ORD_PROD_000489,CUST_00107,299.00,2026-08-31T10:38:00,paid,PAY_PROD_000489
ORD_PROD_000490,CUST_00365,999.00,2026-08-31T11:05:00,paid,PAY_PROD_000490
ORD_PROD_000491,CUST_00374,1499.99,2026-08-31T11:07:00,paid,PAY_PROD_000491
ORD_PROD_000492,CUST_00380,299.99,2026-08-31T10:52:00,paid,PAY_PROD_000492
ORD_PROD_000493,CUST_00069,1999.00,2026-08-31T12:01:00,paid,PAY_PROD_000493
ORD_PROD_000494,CUST_00231,199.00,2026-08-31T11:38:00,paid,PAY_PROD_000494
ORD_PROD_000495,CUST_00344,7499.00,2026-08-31T12:19:00,paid,PAY_PROD_000495
ORD_PROD_000496,CUST_00088,1499.99,2026-08-31T12:07:00,paid,PAY_PROD_000496
ORD_PROD_000497,CUST_00021,7499.50,2026-08-31T12:54:00,paid,PAY_PROD_000497
ORD_PROD_000498,CUST_00200,499.00,2026-08-31T12:54:00,paid,PAY_PROD_000498
ORD_PROD_000499,CUST_00315,9999.99,2026-08-31T13:34:00,paid,PAY_PROD_000499
ORD_PROD_000500,CUST_00365,3499.00,2026-08-31T13:40:00,paid,PAY_PROD_000500
ORD_PROD_000501,CUST_00219,499.00,2026-08-31T14:03:00,paid,PAY_PROD_000501
ORD_PROD_000502,CUST_00337,3499.00,2026-08-31T14:16:00,paid,PAY_PROD_000502
ORD_PROD_000503,CUST_00208,199.99,2026-08-31T14:14:00,paid,PAY_PROD_000503
ORD_PROD_000504,CUST_00099,4999.00,2026-08-31T14:49:00,paid,PAY_PROD_000504
ORD_PROD_000505,CUST_00242,19999.00,2026-08-31T15:32:00,paid,PAY_PROD_000505
ORD_PROD_000506,CUST_00067,799.00,2026-08-31T15:29:00,paid,PAY_PROD_000506
ORD_PROD_000507,CUST_00305,2499.00,2026-08-31T15:47:00,paid,PAY_PROD_000507
ORD_PROD_000508,CUST_00415,799.00,2026-08-31T16:07:00,paid,PAY_PROD_000508
ORD_PROD_000509,CUST_00256,199.50,2026-08-31T16:43:00,paid,PAY_PROD_000509
ORD_PROD_000510,CUST_00358,14999.50,2026-08-31T16:40:00,paid,PAY_PROD_000510
ORD_PROD_000511,CUST_00306,1499.00,2026-08-31T17:05:00,paid,PAY_PROD_000511
ORD_PROD_000512,CUST_00056,999.50,2026-08-31T17:14:00,paid,PAY_PROD_000512
ORD_PROD_000513,CUST_00101,4999.00,2026-08-31T18:00:00,paid,PAY_PROD_000513
ORD_PROD_000514,CUST_00289,19999.50,2026-08-31T17:52:00,paid,PAY_PROD_000514
ORD_PROD_000515,CUST_00041,7499.00,2026-08-31T18:01:00,paid,PAY_PROD_000515
ORD_PROD_000516,CUST_00148,199.99,2026-08-31T18:43:00,paid,PAY_PROD_000516
ORD_PROD_000517,CUST_00339,12499.00,2026-08-31T18:50:00,paid,PAY_PROD_000517
ORD_PROD_000518,CUST_00148,4999.00,2026-08-31T18:50:00,paid,PAY_PROD_000518
ORD_PROD_000519,CUST_00051,4999.00,2026-08-31T19:11:00,paid,PAY_PROD_000519
ORD_PROD_000520,CUST_00121,1499.50,2026-08-31T19:22:00,paid,PAY_PROD_000520
ORD_PROD_000521,CUST_00120,12499.00,2026-08-31T19:56:00,paid,PAY_PROD_000521
ORD_PROD_000522,CUST_00052,199.00,2026-08-31T20:01:00,paid,PAY_PROD_000522
ORD_PROD_000523,CUST_00164,299.00,2026-08-31T20:44:00,paid,PAY_PROD_000523
ORD_PROD_000524,CUST_00271,9999.99,2026-08-31T21:15:00,paid,PAY_PROD_000524
ORD_PROD_000525,CUST_00348,799.00,2026-08-31T21:00:00,paid,PAY_PROD_000525
ORD_PROD_000526,CUST_00168,1999.00,2026-08-31T21:15:00,paid,PAY_PROD_000526
ORD_PROD_000527,CUST_00102,1499.00,2026-08-31T22:01:00,paid,PAY_PROD_000527
ORD_PROD_000528,CUST_00295,7499.99,2026-08-31T22:25:00,paid,PAY_PROD_000528
ORD_PROD_000529,CUST_00311,799.00,2026-08-31T22:18:00,paid,PAY_PROD_000529
ORD_PROD_000530,CUST_00387,7499.50,2026-08-31T22:56:00,paid,PAY_PROD_000530
ORD_PROD_000531,CUST_00371,199.00,2026-08-31T23:15:00,paid,PAY_PROD_000531
ORD_PROD_000532,CUST_00220,999.00,2026-08-31T23:12:00,paid,PAY_PROD_000532
ORD_PROD_000533,CUST_00402,3499.99,2026-08-31T23:59:00,paid,PAY_PROD_000533
ORD_PROD_000534,CUST_00105,1499.50,2026-08-31T23:52:00,paid,PAY_PROD_000534
ORD_PROD_000535,CUST_00298,9999.50,2026-09-01T00:11:00,paid,PAY_PROD_000535
ORD_PROD_000536,CUST_00069,499.50,2026-09-01T00:17:00,paid,PAY_PROD_000536
ORD_PROD_000537,CUST_00188,2499.00,2026-09-01T01:02:00,paid,PAY_PROD_000537
ORD_PROD_000538,CUST_00009,7499.99,2026-09-01T01:15:00,paid,PAY_PROD_000538
ORD_PROD_000539,CUST_00331,4999.99,2026-09-01T01:28:00,paid,PAY_PROD_000539
ORD_PROD_000540,CUST_00359,9999.00,2026-09-01T01:40:00,paid,PAY_PROD_000540
ORD_PROD_000541,CUST_00005,999.00,2026-09-01T01:53:00,paid,PAY_PROD_000541
ORD_PROD_000542,CUST_00380,7499.50,2026-09-01T02:23:00,paid,PAY_PROD_000542
ORD_PROD_000543,CUST_00381,14999.00,2026-09-01T02:32:00,paid,PAY_PROD_000543
ORD_PROD_000544,CUST_00189,299.00,2026-09-01T02:55:00,paid,PAY_PROD_000544
ORD_PROD_000545,CUST_00228,14999.99,2026-09-01T02:58:00,paid,PAY_PROD_000545
ORD_PROD_000546,CUST_00105,1499.99,2026-09-01T03:52:00,paid,PAY_PROD_000546
ORD_PROD_000547,CUST_00253,799.00,2026-09-01T03:30:00,paid,PAY_PROD_000547
ORD_PROD_000548,CUST_00293,299.00,2026-09-01T03:56:00,paid,PAY_PROD_000548
ORD_PROD_000549,CUST_00137,2499.00,2026-09-01T04:00:00,paid,PAY_PROD_000549
ORD_PROD_000550,CUST_00397,19999.50,2026-09-01T04:44:00,paid,PAY_PROD_000550
ORD_PROD_000551,CUST_00177,4999.50,2026-09-01T04:56:00,paid,PAY_PROD_000551
ORD_PROD_000552,CUST_00012,799.99,2026-09-01T05:13:00,paid,PAY_PROD_000552
ORD_PROD_000553,CUST_00100,1999.00,2026-09-01T05:16:00,paid,PAY_PROD_000553
ORD_PROD_000554,CUST_00055,499.00,2026-09-01T05:44:00,paid,PAY_PROD_000554
ORD_PROD_000555,CUST_00112,2499.50,2026-09-01T06:22:00,paid,PAY_PROD_000555
ORD_PROD_000556,CUST_00162,999.50,2026-09-01T06:46:00,paid,PAY_PROD_000556
ORD_PROD_000557,CUST_00114,2499.00,2026-09-01T06:39:00,paid,PAY_PROD_000557
ORD_PROD_000558,CUST_00223,14999.00,2026-09-01T07:04:00,paid,PAY_PROD_000558
ORD_PROD_000559,CUST_00085,999.00,2026-09-01T07:37:00,paid,PAY_PROD_000559
ORD_PROD_000560,CUST_00321,19999.00,2026-09-01T07:29:00,paid,PAY_PROD_000560
ORD_PROD_000561,CUST_00260,999.00,2026-09-01T07:50:00,paid,PAY_PROD_000561
ORD_PROD_000562,CUST_00270,499.50,2026-09-01T08:11:00,paid,PAY_PROD_000562
ORD_PROD_000563,CUST_00282,4999.00,2026-09-01T08:45:00,paid,PAY_PROD_000563
ORD_PROD_000564,CUST_00073,2499.99,2026-09-01T08:48:00,paid,PAY_PROD_000564
ORD_PROD_000565,CUST_00067,499.00,2026-09-01T09:27:00,paid,PAY_PROD_000565
ORD_PROD_000566,CUST_00280,12499.00,2026-09-01T09:27:00,paid,PAY_PROD_000566
ORD_PROD_000567,CUST_00312,499.50,2026-09-01T09:31:00,paid,PAY_PROD_000567
ORD_PROD_000568,CUST_00009,199.00,2026-09-01T10:18:00,paid,PAY_PROD_000568
ORD_PROD_000569,CUST_00129,2499.00,2026-09-01T10:27:00,paid,PAY_PROD_000569
ORD_PROD_000570,CUST_00267,3499.00,2026-09-01T10:45:00,paid,PAY_PROD_000570
ORD_PROD_000571,CUST_00402,2499.99,2026-09-01T10:47:00,paid,PAY_PROD_000571
ORD_PROD_000572,CUST_00197,12499.00,2026-09-01T11:35:00,paid,PAY_PROD_000572
ORD_PROD_000573,CUST_00147,3499.50,2026-09-01T11:49:00,paid,PAY_PROD_000573
ORD_PROD_000574,CUST_00319,199.00,2026-09-01T11:41:00,paid,PAY_PROD_000574
ORD_PROD_000575,CUST_00035,1999.00,2026-09-01T11:47:00,paid,PAY_PROD_000575
ORD_PROD_000576,CUST_00154,1999.00,2026-09-01T12:35:00,paid,PAY_PROD_000576
ORD_PROD_000577,CUST_00098,3499.00,2026-09-01T12:32:00,paid,PAY_PROD_000577
ORD_PROD_000578,CUST_00271,12499.99,2026-09-01T12:58:00,paid,PAY_PROD_000578
ORD_PROD_000579,CUST_00261,7499.00,2026-09-01T13:11:00,paid,PAY_PROD_000579
ORD_PROD_000580,CUST_00080,299.00,2026-09-01T13:41:00,paid,PAY_PROD_000580
ORD_PROD_000581,CUST_00380,299.00,2026-09-01T14:16:00,paid,PAY_PROD_000581
ORD_PROD_000582,CUST_00249,19999.99,2026-09-01T14:33:00,paid,PAY_PROD_000582
ORD_PROD_000583,CUST_00265,19999.00,2026-09-01T14:26:00,paid,PAY_PROD_000583
ORD_PROD_000584,CUST_00318,12499.00,2026-09-01T14:50:00,paid,PAY_PROD_000584
ORD_PROD_000585,CUST_00054,1499.50,2026-09-01T15:20:00,paid,PAY_PROD_000585
ORD_PROD_000586,CUST_00066,9999.00,2026-09-01T15:34:00,paid,PAY_PROD_000586
ORD_PROD_000587,CUST_00027,499.99,2026-09-01T15:47:00,paid,PAY_PROD_000587
ORD_PROD_000588,CUST_00283,299.00,2026-09-01T16:07:00,paid,PAY_PROD_000588
ORD_PROD_000589,CUST_00337,9999.00,2026-09-01T16:12:00,paid,PAY_PROD_000589
ORD_PROD_000590,CUST_00419,499.00,2026-09-01T16:42:00,paid,PAY_PROD_000590
ORD_PROD_000591,CUST_00023,19999.00,2026-09-01T17:02:00,paid,PAY_PROD_000591
ORD_PROD_000592,CUST_00202,9999.50,2026-09-01T17:23:00,paid,PAY_PROD_000592
ORD_PROD_000593,CUST_00237,4999.00,2026-09-01T17:44:00,paid,PAY_PROD_000593
ORD_PROD_000594,CUST_00273,2499.00,2026-09-01T17:43:00,paid,PAY_PROD_000594
ORD_PROD_000595,CUST_00129,3499.00,2026-09-01T17:55:00,paid,PAY_PROD_000595
ORD_PROD_000596,CUST_00209,299.00,2026-09-01T18:22:00,paid,PAY_PROD_000596
ORD_PROD_000597,CUST_00380,799.50,2026-09-01T18:57:00,paid,PAY_PROD_000597
ORD_PROD_000598,CUST_00337,9999.00,2026-09-01T18:49:00,paid,PAY_PROD_000598
ORD_PROD_000599,CUST_00091,1499.00,2026-09-01T19:28:00,paid,PAY_PROD_000599
ORD_PROD_000600,CUST_00079,19999.99,2026-09-01T19:20:00,paid,PAY_PROD_000600
ORD_PROD_000601,CUST_00033,1499.99,2026-09-01T19:44:00,paid,PAY_PROD_000601
ORD_PROD_000602,CUST_00223,499.00,2026-09-01T19:53:00,paid,PAY_PROD_000602
ORD_PROD_000603,CUST_00039,4999.00,2026-09-01T20:48:00,paid,PAY_PROD_000603
ORD_PROD_000604,CUST_00295,199.00,2026-09-01T21:01:00,paid,PAY_PROD_000604
ORD_PROD_000605,CUST_00401,3499.00,2026-09-01T21:26:00,paid,PAY_PROD_000605
ORD_PROD_000606,CUST_00065,1499.00,2026-09-01T21:11:00,paid,PAY_PROD_000606
ORD_PROD_000607,CUST_00417,3499.50,2026-09-01T21:57:00,paid,PAY_PROD_000607
ORD_PROD_000608,CUST_00329,3499.00,2026-09-01T22:00:00,paid,PAY_PROD_000608
ORD_PROD_000609,CUST_00388,1999.00,2026-09-01T22:10:00,paid,PAY_PROD_000609
ORD_PROD_000610,CUST_00310,9999.50,2026-09-01T22:30:00,paid,PAY_PROD_000610
ORD_PROD_000611,CUST_00309,199.00,2026-09-01T23:11:00,paid,PAY_PROD_000611
ORD_PROD_000612,CUST_00236,2499.50,2026-09-01T22:59:00,paid,PAY_PROD_000612
ORD_PROD_000613,CUST_00004,999.50,2026-09-01T23:38:00,paid,PAY_PROD_000613
ORD_PROD_000614,CUST_00015,3499.00,2026-09-01T23:48:00,paid,PAY_PROD_000614
ORD_PROD_000615,CUST_00218,12499.00,2026-09-02T00:28:00,paid,PAY_PROD_000615
ORD_PROD_000616,CUST_00161,19999.00,2026-09-02T00:30:00,paid,PAY_PROD_000616
ORD_PROD_000617,CUST_00039,299.00,2026-09-02T00:58:00,paid,PAY_PROD_000617
ORD_PROD_000618,CUST_00017,14999.50,2026-09-02T00:59:00,paid,PAY_PROD_000618
ORD_PROD_000619,CUST_00108,1999.99,2026-09-02T01:34:00,paid,PAY_PROD_000619
ORD_PROD_000620,CUST_00082,3499.00,2026-09-02T01:26:00,paid,PAY_PROD_000620
ORD_PROD_000621,CUST_00077,2499.99,2026-09-02T02:02:00,paid,PAY_PROD_000621
ORD_PROD_000622,CUST_00024,4999.99,2026-09-02T02:07:00,paid,PAY_PROD_000622
ORD_PROD_000623,CUST_00219,3499.00,2026-09-02T02:22:00,paid,PAY_PROD_000623
ORD_PROD_000624,CUST_00134,1999.00,2026-09-02T02:32:00,paid,PAY_PROD_000624
ORD_PROD_000625,CUST_00073,12499.00,2026-09-02T03:15:00,paid,PAY_PROD_000625
ORD_PROD_000626,CUST_00134,2499.00,2026-09-02T03:43:00,paid,PAY_PROD_000626
ORD_PROD_000627,CUST_00408,9999.50,2026-09-02T03:58:00,paid,PAY_PROD_000627
ORD_PROD_000628,CUST_00307,299.99,2026-09-02T03:46:00,paid,PAY_PROD_000628
ORD_PROD_000629,CUST_00206,3499.00,2026-09-02T04:18:00,paid,PAY_PROD_000629
ORD_PROD_000630,CUST_00086,12499.00,2026-09-02T04:40:00,paid,PAY_PROD_000630
ORD_PROD_000631,CUST_00355,199.00,2026-09-02T05:08:00,paid,PAY_PROD_000631
ORD_PROD_000632,CUST_00198,14999.50,2026-09-02T05:13:00,paid,PAY_PROD_000632
ORD_PROD_000633,CUST_00372,999.50,2026-09-02T05:34:00,paid,PAY_PROD_000633
ORD_PROD_000634,CUST_00092,7499.00,2026-09-02T05:37:00,paid,PAY_PROD_000634
ORD_PROD_000635,CUST_00318,799.99,2026-09-02T06:27:00,paid,PAY_PROD_000635
ORD_PROD_000636,CUST_00270,299.00,2026-09-02T06:37:00,paid,PAY_PROD_000636
ORD_PROD_000637,CUST_00055,799.00,2026-09-02T06:39:00,paid,PAY_PROD_000637
ORD_PROD_000638,CUST_00055,299.00,2026-09-02T07:16:00,paid,PAY_PROD_000638
ORD_PROD_000639,CUST_00069,12499.50,2026-09-02T07:26:00,paid,PAY_PROD_000639
ORD_PROD_000640,CUST_00141,799.00,2026-09-02T07:25:00,paid,PAY_PROD_000640
ORD_PROD_000641,CUST_00329,1499.50,2026-09-02T08:08:00,paid,PAY_PROD_000641
ORD_PROD_000642,CUST_00097,12499.00,2026-09-02T08:18:00,paid,PAY_PROD_000642
ORD_PROD_000643,CUST_00374,7499.00,2026-09-02T08:30:00,paid,PAY_PROD_000643
ORD_PROD_000644,CUST_00103,7499.00,2026-09-02T09:03:00,paid,PAY_PROD_000644
ORD_PROD_000645,CUST_00372,799.00,2026-09-02T09:04:00,paid,PAY_PROD_000645
ORD_PROD_000646,CUST_00010,499.99,2026-09-02T09:41:00,paid,PAY_PROD_000646
ORD_PROD_000647,CUST_00217,1499.00,2026-09-02T09:51:00,paid,PAY_PROD_000647
ORD_PROD_000648,CUST_00178,799.00,2026-09-02T09:46:00,paid,PAY_PROD_000648
ORD_PROD_000649,CUST_00386,7499.00,2026-09-02T10:44:00,paid,PAY_PROD_000649
ORD_PROD_000650,CUST_00084,499.00,2026-09-02T10:39:00,paid,PAY_PROD_000650
ORD_PROD_000651,CUST_00343,199.99,2026-09-02T11:00:00,paid,PAY_PROD_000651
ORD_PROD_000652,CUST_00195,7499.00,2026-09-02T11:25:00,paid,PAY_PROD_000652
ORD_PROD_000653,CUST_00348,3499.99,2026-09-02T11:18:00,paid,PAY_PROD_000653
ORD_PROD_000654,CUST_00137,299.00,2026-09-02T11:45:00,paid,PAY_PROD_000654
ORD_PROD_000655,CUST_00330,799.00,2026-09-02T12:36:00,paid,PAY_PROD_000655
ORD_PROD_000656,CUST_00072,9999.50,2026-09-02T12:14:00,paid,PAY_PROD_000656
ORD_PROD_000657,CUST_00175,499.00,2026-09-02T13:11:00,paid,PAY_PROD_000657
ORD_PROD_000658,CUST_00321,19999.00,2026-09-02T13:01:00,paid,PAY_PROD_000658
ORD_PROD_000659,CUST_00039,9999.00,2026-09-02T13:18:00,paid,PAY_PROD_000659
ORD_PROD_000660,CUST_00019,2499.99,2026-09-02T13:42:00,paid,PAY_PROD_000660
ORD_PROD_000661,CUST_00202,4999.99,2026-09-02T13:58:00,paid,PAY_PROD_000661
ORD_PROD_000662,CUST_00364,999.00,2026-09-02T14:32:00,paid,PAY_PROD_000662
ORD_PROD_000663,CUST_00385,1499.00,2026-09-02T14:20:00,paid,PAY_PROD_000663
ORD_PROD_000664,CUST_00267,12499.50,2026-09-02T14:47:00,paid,PAY_PROD_000664
ORD_PROD_000665,CUST_00211,1499.99,2026-09-02T15:24:00,paid,PAY_PROD_000665
ORD_PROD_000666,CUST_00010,12499.50,2026-09-02T15:50:00,paid,PAY_PROD_000666
ORD_PROD_000667,CUST_00377,299.99,2026-09-02T15:34:00,paid,PAY_PROD_000667
ORD_PROD_000668,CUST_00270,499.00,2026-09-02T16:15:00,paid,PAY_PROD_000668
ORD_PROD_000669,CUST_00337,1999.00,2026-09-02T16:22:00,paid,PAY_PROD_000669
ORD_PROD_000670,CUST_00117,199.00,2026-09-02T16:30:00,paid,PAY_PROD_000670
ORD_PROD_000671,CUST_00210,299.00,2026-09-02T17:14:00,paid,PAY_PROD_000671
ORD_PROD_000672,CUST_00090,14999.50,2026-09-02T17:19:00,paid,PAY_PROD_000672
ORD_PROD_000673,CUST_00223,2499.99,2026-09-02T17:50:00,paid,PAY_PROD_000673
ORD_PROD_000674,CUST_00228,1999.00,2026-09-02T17:36:00,paid,PAY_PROD_000674
ORD_PROD_000675,CUST_00027,12499.00,2026-09-02T17:54:00,paid,PAY_PROD_000675
ORD_PROD_000676,CUST_00138,199.50,2026-09-02T18:48:00,paid,PAY_PROD_000676
ORD_PROD_000677,CUST_00142,199.50,2026-09-02T18:49:00,paid,PAY_PROD_000677
ORD_PROD_000678,CUST_00138,9999.99,2026-09-02T18:55:00,paid,PAY_PROD_000678
ORD_PROD_000679,CUST_00373,12499.00,2026-09-02T19:03:00,paid,PAY_PROD_000679
ORD_PROD_000680,CUST_00212,9999.50,2026-09-02T19:47:00,paid,PAY_PROD_000680
ORD_PROD_000681,CUST_00124,799.00,2026-09-02T20:07:00,paid,PAY_PROD_000681
ORD_PROD_000682,CUST_00003,1499.50,2026-09-02T20:07:00,paid,PAY_PROD_000682
ORD_PROD_000683,CUST_00154,999.00,2026-09-02T20:37:00,paid,PAY_PROD_000683
ORD_PROD_000684,CUST_00146,4999.00,2026-09-02T20:48:00,paid,PAY_PROD_000684
ORD_PROD_000685,CUST_00053,799.00,2026-09-02T21:02:00,paid,PAY_PROD_000685
ORD_PROD_000686,CUST_00375,4999.00,2026-09-02T21:14:00,paid,PAY_PROD_000686
ORD_PROD_000687,CUST_00333,799.00,2026-09-02T21:54:00,paid,PAY_PROD_000687
ORD_PROD_000688,CUST_00163,1999.00,2026-09-02T22:13:00,paid,PAY_PROD_000688
ORD_PROD_000689,CUST_00379,14999.00,2026-09-02T22:30:00,paid,PAY_PROD_000689
ORD_PROD_000690,CUST_00173,14999.00,2026-09-02T23:07:00,paid,PAY_PROD_000690
ORD_PROD_000691,CUST_00137,999.00,2026-09-02T23:17:00,paid,PAY_PROD_000691
ORD_PROD_000692,CUST_00267,999.00,2026-09-02T23:01:00,paid,PAY_PROD_000692
ORD_PROD_000693,CUST_00012,799.00,2026-09-02T23:35:00,paid,PAY_PROD_000693
ORD_PROD_000694,CUST_00152,2499.50,2026-09-02T23:33:00,paid,PAY_PROD_000694
ORD_PROD_000695,CUST_00033,9999.50,2026-09-03T00:05:00,paid,PAY_PROD_000695
ORD_PROD_000696,CUST_00112,12499.00,2026-09-03T00:54:00,paid,PAY_PROD_000696
ORD_PROD_000697,CUST_00061,299.99,2026-09-03T01:02:00,paid,PAY_PROD_000697
ORD_PROD_000698,CUST_00296,499.00,2026-09-03T00:56:00,paid,PAY_PROD_000698
ORD_PROD_000699,CUST_00323,9999.99,2026-09-03T01:37:00,paid,PAY_PROD_000699
ORD_PROD_000700,CUST_00288,2499.00,2026-09-03T01:52:00,paid,PAY_PROD_000700
ORD_PROD_000701,CUST_00193,3499.99,2026-09-03T01:59:00,paid,PAY_PROD_000701
ORD_PROD_000702,CUST_00201,799.99,2026-09-03T02:26:00,paid,PAY_PROD_000702
ORD_PROD_000703,CUST_00217,2499.00,2026-09-03T02:23:00,paid,PAY_PROD_000703
ORD_PROD_000704,CUST_00281,9999.50,2026-09-03T02:35:00,paid,PAY_PROD_000704
ORD_PROD_000705,CUST_00160,14999.00,2026-09-03T02:58:00,paid,PAY_PROD_000705
ORD_PROD_000706,CUST_00106,999.99,2026-09-03T03:39:00,paid,PAY_PROD_000706
ORD_PROD_000707,CUST_00355,799.50,2026-09-03T03:30:00,paid,PAY_PROD_000707
ORD_PROD_000708,CUST_00265,799.00,2026-09-03T04:13:00,paid,PAY_PROD_000708
ORD_PROD_000709,CUST_00350,799.00,2026-09-03T04:39:00,paid,PAY_PROD_000709
ORD_PROD_000710,CUST_00413,2499.00,2026-09-03T04:26:00,paid,PAY_PROD_000710
ORD_PROD_000711,CUST_00177,3499.99,2026-09-03T04:58:00,paid,PAY_PROD_000711
ORD_PROD_000712,CUST_00078,4999.50,2026-09-03T05:06:00,paid,PAY_PROD_000712
ORD_PROD_000713,CUST_00277,14999.00,2026-09-03T05:44:00,paid,PAY_PROD_000713
ORD_PROD_000714,CUST_00367,14999.00,2026-09-03T05:56:00,paid,PAY_PROD_000714
ORD_PROD_000715,CUST_00165,19999.00,2026-09-03T06:22:00,paid,PAY_PROD_000715
ORD_PROD_000716,CUST_00222,2499.99,2026-09-03T06:21:00,paid,PAY_PROD_000716
ORD_PROD_000717,CUST_00209,299.00,2026-09-03T06:33:00,paid,PAY_PROD_000717
ORD_PROD_000718,CUST_00010,199.99,2026-09-03T06:40:00,paid,PAY_PROD_000718
ORD_PROD_000719,CUST_00208,1999.99,2026-09-03T07:15:00,paid,PAY_PROD_000719
ORD_PROD_000720,CUST_00304,7499.00,2026-09-03T07:42:00,paid,PAY_PROD_000720
ORD_PROD_000721,CUST_00335,799.00,2026-09-03T07:56:00,paid,PAY_PROD_000721
ORD_PROD_000722,CUST_00143,9999.00,2026-09-03T08:34:00,paid,PAY_PROD_000722
ORD_PROD_000723,CUST_00407,299.50,2026-09-03T08:36:00,paid,PAY_PROD_000723
ORD_PROD_000724,CUST_00240,3499.50,2026-09-03T08:59:00,paid,PAY_PROD_000724
ORD_PROD_000725,CUST_00407,499.00,2026-09-03T09:23:00,paid,PAY_PROD_000725
ORD_PROD_000726,CUST_00391,299.00,2026-09-03T09:41:00,paid,PAY_PROD_000726
ORD_PROD_000727,CUST_00006,1999.99,2026-09-03T09:29:00,paid,PAY_PROD_000727
ORD_PROD_000728,CUST_00303,4999.00,2026-09-03T10:21:00,paid,PAY_PROD_000728
ORD_PROD_000729,CUST_00133,4999.00,2026-09-03T10:22:00,paid,PAY_PROD_000729
ORD_PROD_000730,CUST_00346,999.00,2026-09-03T10:40:00,paid,PAY_PROD_000730
ORD_PROD_000731,CUST_00164,2499.00,2026-09-03T11:15:00,paid,PAY_PROD_000731
ORD_PROD_000732,CUST_00387,799.00,2026-09-03T11:05:00,paid,PAY_PROD_000732
ORD_PROD_000733,CUST_00384,1499.99,2026-09-03T11:19:00,paid,PAY_PROD_000733
ORD_PROD_000734,CUST_00326,12499.00,2026-09-03T11:57:00,paid,PAY_PROD_000734
ORD_PROD_000735,CUST_00078,4999.50,2026-09-03T11:47:00,paid,PAY_PROD_000735
ORD_PROD_000736,CUST_00185,3499.00,2026-09-03T12:08:00,paid,PAY_PROD_000736
ORD_PROD_000737,CUST_00244,14999.50,2026-09-03T12:47:00,paid,PAY_PROD_000737
ORD_PROD_000738,CUST_00318,199.00,2026-09-03T13:00:00,paid,PAY_PROD_000738
ORD_PROD_000739,CUST_00016,4999.99,2026-09-03T13:41:00,paid,PAY_PROD_000739
ORD_PROD_000740,CUST_00325,14999.00,2026-09-03T13:53:00,paid,PAY_PROD_000740
ORD_PROD_000741,CUST_00142,299.00,2026-09-03T14:17:00,paid,PAY_PROD_000741
ORD_PROD_000742,CUST_00190,7499.99,2026-09-03T14:24:00,paid,PAY_PROD_000742
ORD_PROD_000743,CUST_00104,19999.00,2026-09-03T14:59:00,paid,PAY_PROD_000743
ORD_PROD_000744,CUST_00015,9999.00,2026-09-03T14:43:00,paid,PAY_PROD_000744
ORD_PROD_000745,CUST_00342,999.00,2026-09-03T15:33:00,paid,PAY_PROD_000745
ORD_PROD_000746,CUST_00275,4999.00,2026-09-03T15:22:00,paid,PAY_PROD_000746
ORD_PROD_000747,CUST_00175,1499.00,2026-09-03T15:58:00,paid,PAY_PROD_000747
ORD_PROD_000748,CUST_00163,12499.00,2026-09-03T16:08:00,paid,PAY_PROD_000748
ORD_PROD_000749,CUST_00106,499.00,2026-09-03T16:23:00,paid,PAY_PROD_000749
ORD_PROD_000750,CUST_00006,799.00,2026-09-03T16:32:00,paid,PAY_PROD_000750
ORD_PROD_000751,CUST_00420,19999.00,2026-09-03T17:07:00,paid,PAY_PROD_000751
ORD_PROD_000752,CUST_00322,2499.00,2026-09-03T17:30:00,paid,PAY_PROD_000752
ORD_PROD_000753,CUST_00247,19999.00,2026-09-03T17:36:00,paid,PAY_PROD_000753
ORD_PROD_000754,CUST_00249,7499.50,2026-09-03T18:07:00,paid,PAY_PROD_000754
ORD_PROD_000755,CUST_00073,19999.50,2026-09-03T18:25:00,paid,PAY_PROD_000755
ORD_PROD_000756,CUST_00247,14999.99,2026-09-03T18:29:00,paid,PAY_PROD_000756
ORD_PROD_000757,CUST_00265,2499.50,2026-09-03T18:44:00,paid,PAY_PROD_000757
ORD_PROD_000758,CUST_00359,299.00,2026-09-03T19:19:00,paid,PAY_PROD_000758
ORD_PROD_000759,CUST_00292,12499.00,2026-09-03T19:30:00,paid,PAY_PROD_000759
ORD_PROD_000760,CUST_00125,1999.00,2026-09-03T19:28:00,paid,PAY_PROD_000760
ORD_PROD_000761,CUST_00282,19999.00,2026-09-03T20:12:00,paid,PAY_PROD_000761
ORD_PROD_000762,CUST_00277,1499.99,2026-09-03T20:36:00,paid,PAY_PROD_000762
ORD_PROD_000763,CUST_00417,799.50,2026-09-03T20:44:00,paid,PAY_PROD_000763
ORD_PROD_000764,CUST_00035,999.99,2026-09-03T20:50:00,paid,PAY_PROD_000764
ORD_PROD_000765,CUST_00344,299.00,2026-09-03T21:21:00,paid,PAY_PROD_000765
ORD_PROD_000766,CUST_00350,7499.00,2026-09-03T21:41:00,paid,PAY_PROD_000766
ORD_PROD_000767,CUST_00304,19999.50,2026-09-03T22:04:00,paid,PAY_PROD_000767
ORD_PROD_000768,CUST_00280,12499.00,2026-09-03T22:20:00,paid,PAY_PROD_000768
ORD_PROD_000769,CUST_00298,999.50,2026-09-03T22:02:00,paid,PAY_PROD_000769
ORD_PROD_000770,CUST_00274,299.00,2026-09-03T22:26:00,paid,PAY_PROD_000770
ORD_PROD_000771,CUST_00174,19999.00,2026-09-03T23:00:00,paid,PAY_PROD_000771
ORD_PROD_000772,CUST_00252,2499.00,2026-09-03T23:28:00,paid,PAY_PROD_000772
ORD_PROD_000773,CUST_00262,799.00,2026-09-03T23:29:00,paid,PAY_PROD_000773
ORD_PROD_000774,CUST_00219,1499.50,2026-09-03T23:33:00,paid,PAY_PROD_000774
ORD_PROD_000775,CUST_00292,4999.00,2026-09-04T00:10:00,paid,PAY_PROD_000775
ORD_PROD_000776,CUST_00370,2499.00,2026-09-04T00:42:00,paid,PAY_PROD_000776
ORD_PROD_000777,CUST_00036,199.50,2026-09-04T01:06:00,paid,PAY_PROD_000777
ORD_PROD_000778,CUST_00304,1499.00,2026-09-04T01:11:00,paid,PAY_PROD_000778
ORD_PROD_000779,CUST_00021,799.00,2026-09-04T01:02:00,paid,PAY_PROD_000779
ORD_PROD_000780,CUST_00017,2499.00,2026-09-04T01:51:00,paid,PAY_PROD_000780
ORD_PROD_000781,CUST_00253,14999.50,2026-09-04T02:20:00,paid,PAY_PROD_000781
ORD_PROD_000782,CUST_00188,4999.50,2026-09-04T02:29:00,paid,PAY_PROD_000782
ORD_PROD_000783,CUST_00187,299.00,2026-09-04T02:21:00,paid,PAY_PROD_000783
ORD_PROD_000784,CUST_00024,9999.00,2026-09-04T03:11:00,paid,PAY_PROD_000784
ORD_PROD_000785,CUST_00328,1999.00,2026-09-04T03:03:00,paid,PAY_PROD_000785
ORD_PROD_000786,CUST_00056,7499.00,2026-09-04T03:29:00,paid,PAY_PROD_000786
ORD_PROD_000787,CUST_00226,1999.00,2026-09-04T04:08:00,paid,PAY_PROD_000787
ORD_PROD_000788,CUST_00413,3499.00,2026-09-04T04:10:00,paid,PAY_PROD_000788
ORD_PROD_000789,CUST_00389,299.00,2026-09-04T04:12:00,paid,PAY_PROD_000789
ORD_PROD_000790,CUST_00284,4999.50,2026-09-04T05:00:00,paid,PAY_PROD_000790
ORD_PROD_000791,CUST_00080,299.50,2026-09-04T05:15:00,paid,PAY_PROD_000791
ORD_PROD_000792,CUST_00237,12499.00,2026-09-04T05:10:00,paid,PAY_PROD_000792
ORD_PROD_000793,CUST_00396,4999.00,2026-09-04T05:14:00,paid,PAY_PROD_000793
ORD_PROD_000794,CUST_00294,14999.00,2026-09-04T05:42:00,paid,PAY_PROD_000794
ORD_PROD_000795,CUST_00171,2499.50,2026-09-04T05:55:00,paid,PAY_PROD_000795
ORD_PROD_000796,CUST_00103,1499.00,2026-09-04T06:18:00,paid,PAY_PROD_000796
ORD_PROD_000797,CUST_00213,19999.00,2026-09-04T06:28:00,paid,PAY_PROD_000797
ORD_PROD_000798,CUST_00417,299.00,2026-09-04T06:50:00,paid,PAY_PROD_000798
ORD_PROD_000799,CUST_00279,19999.00,2026-09-04T07:36:00,paid,PAY_PROD_000799
ORD_PROD_000800,CUST_00333,7499.00,2026-09-04T07:43:00,paid,PAY_PROD_000800
ORD_PROD_000801,CUST_00041,799.00,2026-09-04T08:09:00,paid,PAY_PROD_000801
ORD_PROD_000802,CUST_00392,12499.50,2026-09-04T08:14:00,paid,PAY_PROD_000802
ORD_PROD_000803,CUST_00122,299.00,2026-09-04T08:30:00,paid,PAY_PROD_000803
ORD_PROD_000804,CUST_00141,19999.00,2026-09-04T08:42:00,paid,PAY_PROD_000804
ORD_PROD_000805,CUST_00153,2499.00,2026-09-04T08:52:00,paid,PAY_PROD_000805
ORD_PROD_000806,CUST_00312,2499.00,2026-09-04T09:46:00,paid,PAY_PROD_000806
ORD_PROD_000807,CUST_00267,1499.00,2026-09-04T09:47:00,paid,PAY_PROD_000807
ORD_PROD_000808,CUST_00188,12499.00,2026-09-04T10:10:00,paid,PAY_PROD_000808
ORD_PROD_000809,CUST_00153,799.00,2026-09-04T10:38:00,paid,PAY_PROD_000809
ORD_PROD_000810,CUST_00130,299.00,2026-09-04T10:32:00,paid,PAY_PROD_000810
ORD_PROD_000811,CUST_00360,7499.50,2026-09-04T10:52:00,paid,PAY_PROD_000811
ORD_PROD_000812,CUST_00369,14999.50,2026-09-04T11:22:00,paid,PAY_PROD_000812
ORD_PROD_000813,CUST_00092,299.00,2026-09-04T12:01:00,paid,PAY_PROD_000813
ORD_PROD_000814,CUST_00021,3499.99,2026-09-04T11:47:00,paid,PAY_PROD_000814
ORD_PROD_000815,CUST_00135,3499.00,2026-09-04T11:56:00,paid,PAY_PROD_000815
ORD_PROD_000816,CUST_00132,9999.00,2026-09-04T12:15:00,paid,PAY_PROD_000816
ORD_PROD_000817,CUST_00044,4999.00,2026-09-04T12:42:00,paid,PAY_PROD_000817
ORD_PROD_000818,CUST_00072,12499.00,2026-09-04T13:19:00,paid,PAY_PROD_000818
ORD_PROD_000819,CUST_00187,199.00,2026-09-04T13:34:00,paid,PAY_PROD_000819
ORD_PROD_000820,CUST_00085,3499.00,2026-09-04T13:45:00,paid,PAY_PROD_000820
ORD_PROD_000821,CUST_00269,299.00,2026-09-04T13:59:00,paid,PAY_PROD_000821
ORD_PROD_000822,CUST_00022,299.00,2026-09-04T14:17:00,paid,PAY_PROD_000822
ORD_PROD_000823,CUST_00050,999.00,2026-09-04T14:35:00,paid,PAY_PROD_000823
ORD_PROD_000824,CUST_00039,499.00,2026-09-04T15:09:00,paid,PAY_PROD_000824
ORD_PROD_000825,CUST_00214,499.50,2026-09-04T15:12:00,paid,PAY_PROD_000825
ORD_PROD_000826,CUST_00148,7499.50,2026-09-04T15:53:00,paid,PAY_PROD_000826
ORD_PROD_000827,CUST_00070,199.00,2026-09-04T16:02:00,paid,PAY_PROD_000827
ORD_PROD_000828,CUST_00063,12499.00,2026-09-04T16:14:00,paid,PAY_PROD_000828
ORD_PROD_000829,CUST_00271,1999.00,2026-09-04T16:04:00,paid,PAY_PROD_000829
ORD_PROD_000830,CUST_00402,1999.99,2026-09-04T16:53:00,paid,PAY_PROD_000830
ORD_PROD_000831,CUST_00144,2499.50,2026-09-04T16:49:00,paid,PAY_PROD_000831
ORD_PROD_000832,CUST_00108,199.99,2026-09-04T17:19:00,paid,PAY_PROD_000832
ORD_PROD_000833,CUST_00215,2499.00,2026-09-04T17:39:00,paid,PAY_PROD_000833
ORD_PROD_000834,CUST_00028,12499.99,2026-09-04T18:03:00,paid,PAY_PROD_000834
ORD_PROD_000835,CUST_00027,199.50,2026-09-04T17:55:00,paid,PAY_PROD_000835
ORD_PROD_000836,CUST_00384,1499.50,2026-09-04T18:32:00,paid,PAY_PROD_000836
ORD_PROD_000837,CUST_00315,799.00,2026-09-04T18:48:00,paid,PAY_PROD_000837
ORD_PROD_000838,CUST_00319,1999.00,2026-09-04T19:11:00,paid,PAY_PROD_000838
ORD_PROD_000839,CUST_00031,199.00,2026-09-04T19:28:00,paid,PAY_PROD_000839
ORD_PROD_000840,CUST_00211,799.00,2026-09-04T20:03:00,paid,PAY_PROD_000840
ORD_PROD_000841,CUST_00386,9999.00,2026-09-04T19:45:00,paid,PAY_PROD_000841
ORD_PROD_000842,CUST_00337,3499.50,2026-09-04T20:24:00,paid,PAY_PROD_000842
ORD_PROD_000843,CUST_00227,299.00,2026-09-04T20:28:00,paid,PAY_PROD_000843
ORD_PROD_000844,CUST_00328,799.00,2026-09-04T20:51:00,paid,PAY_PROD_000844
ORD_PROD_000845,CUST_00010,19999.50,2026-09-04T21:11:00,paid,PAY_PROD_000845
ORD_PROD_000846,CUST_00270,1499.99,2026-09-04T21:41:00,paid,PAY_PROD_000846
ORD_PROD_000847,CUST_00035,19999.00,2026-09-04T21:38:00,paid,PAY_PROD_000847
ORD_PROD_000848,CUST_00027,499.50,2026-09-04T21:43:00,paid,PAY_PROD_000848
ORD_PROD_000849,CUST_00193,9999.50,2026-09-04T22:44:00,paid,PAY_PROD_000849
ORD_PROD_000850,CUST_00229,3499.00,2026-09-04T22:48:00,paid,PAY_PROD_000850
ORD_PROD_000851,CUST_00107,1499.00,2026-09-04T23:12:00,paid,PAY_PROD_000851
ORD_PROD_000852,CUST_00342,1999.00,2026-09-04T23:31:00,paid,PAY_PROD_000852
ORD_PROD_000853,CUST_00040,12499.99,2026-09-05T00:00:00,paid,PAY_PROD_000853
ORD_PROD_000854,CUST_00379,19999.00,2026-09-05T00:08:00,paid,PAY_PROD_000854
ORD_PROD_000855,CUST_00381,499.00,2026-09-05T00:05:00,paid,PAY_PROD_000855
ORD_PROD_000856,CUST_00387,999.00,2026-09-05T00:40:00,paid,PAY_PROD_000856
ORD_PROD_000857,CUST_00162,14999.00,2026-09-05T00:21:00,paid,PAY_PROD_000857
ORD_PROD_000858,CUST_00372,14999.00,2026-09-05T01:10:00,paid,PAY_PROD_000858
ORD_PROD_000859,CUST_00073,1999.99,2026-09-05T01:41:00,paid,PAY_PROD_000859
ORD_PROD_000860,CUST_00015,12499.00,2026-09-05T01:31:00,paid,PAY_PROD_000860
ORD_PROD_000861,CUST_00100,199.99,2026-09-05T01:45:00,paid,PAY_PROD_000861
ORD_PROD_000862,CUST_00096,3499.99,2026-09-05T02:03:00,paid,PAY_PROD_000862
ORD_PROD_000863,CUST_00167,7499.00,2026-09-05T02:17:00,paid,PAY_PROD_000863
ORD_PROD_000864,CUST_00317,999.00,2026-09-05T02:51:00,paid,PAY_PROD_000864
ORD_PROD_000865,CUST_00133,299.00,2026-09-05T02:58:00,paid,PAY_PROD_000865
ORD_PROD_000866,CUST_00185,7499.99,2026-09-05T03:41:00,paid,PAY_PROD_000866
ORD_PROD_000867,CUST_00304,4999.00,2026-09-05T03:35:00,paid,PAY_PROD_000867
ORD_PROD_000868,CUST_00002,999.99,2026-09-05T04:06:00,paid,PAY_PROD_000868
ORD_PROD_000869,CUST_00349,19999.00,2026-09-05T04:36:00,paid,PAY_PROD_000869
ORD_PROD_000870,CUST_00383,4999.00,2026-09-05T04:38:00,paid,PAY_PROD_000870
ORD_PROD_000871,CUST_00148,499.99,2026-09-05T05:20:00,paid,PAY_PROD_000871
ORD_PROD_000872,CUST_00041,7499.50,2026-09-05T05:34:00,paid,PAY_PROD_000872
ORD_PROD_000873,CUST_00107,799.00,2026-09-05T05:44:00,paid,PAY_PROD_000873
ORD_PROD_000874,CUST_00161,14999.00,2026-09-05T05:51:00,paid,PAY_PROD_000874
ORD_PROD_000875,CUST_00349,1999.00,2026-09-05T06:21:00,paid,PAY_PROD_000875
ORD_PROD_000876,CUST_00189,499.99,2026-09-05T06:11:00,paid,PAY_PROD_000876
ORD_PROD_000877,CUST_00352,1999.00,2026-09-05T06:24:00,paid,PAY_PROD_000877
ORD_PROD_000878,CUST_00029,499.50,2026-09-05T06:59:00,paid,PAY_PROD_000878
ORD_PROD_000879,CUST_00015,999.50,2026-09-05T07:14:00,paid,PAY_PROD_000879
ORD_PROD_000880,CUST_00135,499.99,2026-09-05T07:45:00,paid,PAY_PROD_000880
ORD_PROD_000881,CUST_00203,12499.00,2026-09-05T07:48:00,paid,PAY_PROD_000881
ORD_PROD_000882,CUST_00383,4999.00,2026-09-05T08:00:00,paid,PAY_PROD_000882
ORD_PROD_000883,CUST_00050,7499.99,2026-09-05T08:52:00,paid,PAY_PROD_000883
ORD_PROD_000884,CUST_00090,9999.00,2026-09-05T08:46:00,paid,PAY_PROD_000884
ORD_PROD_000885,CUST_00351,1999.00,2026-09-05T09:07:00,paid,PAY_PROD_000885
ORD_PROD_000886,CUST_00350,2499.99,2026-09-05T09:27:00,paid,PAY_PROD_000886
ORD_PROD_000887,CUST_00061,999.99,2026-09-05T09:57:00,paid,PAY_PROD_000887
ORD_PROD_000888,CUST_00122,299.00,2026-09-05T10:05:00,paid,PAY_PROD_000888
ORD_PROD_000889,CUST_00002,9999.00,2026-09-05T10:36:00,paid,PAY_PROD_000889
ORD_PROD_000890,CUST_00210,799.00,2026-09-05T10:56:00,paid,PAY_PROD_000890
ORD_PROD_000891,CUST_00238,1999.00,2026-09-05T11:03:00,paid,PAY_PROD_000891
ORD_PROD_000892,CUST_00250,2499.00,2026-09-05T11:22:00,paid,PAY_PROD_000892
ORD_PROD_000893,CUST_00082,799.00,2026-09-05T11:33:00,paid,PAY_PROD_000893
ORD_PROD_000894,CUST_00397,799.50,2026-09-05T12:04:00,paid,PAY_PROD_000894
ORD_PROD_000895,CUST_00207,4999.50,2026-09-05T12:06:00,paid,PAY_PROD_000895
ORD_PROD_000896,CUST_00201,1999.00,2026-09-05T12:45:00,paid,PAY_PROD_000896
ORD_PROD_000897,CUST_00270,299.50,2026-09-05T12:41:00,paid,PAY_PROD_000897
ORD_PROD_000898,CUST_00324,499.00,2026-09-05T12:50:00,paid,PAY_PROD_000898
ORD_PROD_000899,CUST_00329,299.00,2026-09-05T13:26:00,paid,PAY_PROD_000899
ORD_PROD_000900,CUST_00390,7499.00,2026-09-05T13:56:00,paid,PAY_PROD_000900
ORD_PROD_000901,CUST_00189,3499.00,2026-09-05T13:42:00,paid,PAY_PROD_000901
ORD_PROD_000902,CUST_00199,199.00,2026-09-05T14:30:00,paid,PAY_PROD_000902
ORD_PROD_000903,CUST_00188,3499.50,2026-09-05T14:14:00,paid,PAY_PROD_000903
ORD_PROD_000904,CUST_00388,7499.50,2026-09-05T14:29:00,paid,PAY_PROD_000904
ORD_PROD_000905,CUST_00406,499.00,2026-09-05T15:05:00,paid,PAY_PROD_000905
ORD_PROD_000906,CUST_00143,12499.99,2026-09-05T15:31:00,paid,PAY_PROD_000906
ORD_PROD_000907,CUST_00103,3499.00,2026-09-05T15:37:00,paid,PAY_PROD_000907
ORD_PROD_000908,CUST_00379,999.00,2026-09-05T16:11:00,paid,PAY_PROD_000908
ORD_PROD_000909,CUST_00214,7499.00,2026-09-05T16:23:00,paid,PAY_PROD_000909
ORD_PROD_000910,CUST_00003,1999.00,2026-09-05T16:44:00,paid,PAY_PROD_000910
ORD_PROD_000911,CUST_00196,999.00,2026-09-05T16:46:00,paid,PAY_PROD_000911
ORD_PROD_000912,CUST_00140,4999.99,2026-09-05T17:28:00,paid,PAY_PROD_000912
ORD_PROD_000913,CUST_00066,199.00,2026-09-05T17:34:00,paid,PAY_PROD_000913
ORD_PROD_000914,CUST_00370,14999.00,2026-09-05T17:47:00,paid,PAY_PROD_000914
ORD_PROD_000915,CUST_00375,199.50,2026-09-05T17:56:00,paid,PAY_PROD_000915
ORD_PROD_000916,CUST_00278,199.00,2026-09-05T18:28:00,paid,PAY_PROD_000916
ORD_PROD_000917,CUST_00049,199.00,2026-09-05T18:58:00,paid,PAY_PROD_000917
ORD_PROD_000918,CUST_00244,4999.50,2026-09-05T19:20:00,paid,PAY_PROD_000918
ORD_PROD_000919,CUST_00024,4999.99,2026-09-05T19:19:00,paid,PAY_PROD_000919
ORD_PROD_000920,CUST_00081,12499.50,2026-09-05T20:01:00,paid,PAY_PROD_000920
ORD_PROD_000921,CUST_00404,499.00,2026-09-05T19:50:00,paid,PAY_PROD_000921
ORD_PROD_000922,CUST_00111,12499.99,2026-09-05T20:27:00,paid,PAY_PROD_000922
ORD_PROD_000923,CUST_00108,299.50,2026-09-05T20:42:00,paid,PAY_PROD_000923
ORD_PROD_000924,CUST_00333,12499.99,2026-09-05T20:44:00,paid,PAY_PROD_000924
ORD_PROD_000925,CUST_00328,14999.00,2026-09-05T21:27:00,paid,PAY_PROD_000925
ORD_PROD_000926,CUST_00255,4999.00,2026-09-05T21:51:00,paid,PAY_PROD_000926
ORD_PROD_000927,CUST_00292,1499.99,2026-09-05T22:05:00,paid,PAY_PROD_000927
ORD_PROD_000928,CUST_00088,499.00,2026-09-05T21:49:00,paid,PAY_PROD_000928
ORD_PROD_000929,CUST_00294,2499.99,2026-09-05T22:20:00,paid,PAY_PROD_000929
ORD_PROD_000930,CUST_00362,4999.50,2026-09-05T22:31:00,paid,PAY_PROD_000930
ORD_PROD_000931,CUST_00071,2499.00,2026-09-02T17:43:00,failed,PAY_PROD_000931
ORD_PROD_000932,CUST_00289,2499.00,2026-09-02T17:56:00,failed,PAY_PROD_000932
ORD_PROD_000933,CUST_00096,3499.00,2026-09-02T18:09:00,failed,PAY_PROD_000933
ORD_PROD_000934,CUST_00344,2499.00,2026-09-02T18:22:00,failed,PAY_PROD_000934
ORD_PROD_000935,CUST_00361,14999.00,2026-09-02T18:35:00,failed,PAY_PROD_000935
ORD_PROD_000936,CUST_00312,999.00,2026-09-02T18:48:00,failed,PAY_PROD_000936
ORD_PROD_000937,CUST_00138,2499.00,2026-09-02T19:01:00,failed,PAY_PROD_000937
ORD_PROD_000938,CUST_00347,7499.00,2026-09-02T19:14:00,failed,PAY_PROD_000938
ORD_PROD_000939,CUST_00312,14999.00,2026-09-02T19:27:00,failed,PAY_PROD_000939
ORD_PROD_000940,CUST_00318,2499.00,2026-09-02T19:40:00,failed,PAY_PROD_000940
ORD_PROD_000941,CUST_00249,2499.00,2026-09-02T19:53:00,failed,PAY_PROD_000941
ORD_PROD_000942,CUST_00306,799.00,2026-09-02T20:06:00,failed,PAY_PROD_000942
ORD_PROD_000943,CUST_00175,299.00,2026-09-02T20:19:00,failed,PAY_PROD_000943
ORD_PROD_000944,CUST_00184,199.00,2026-09-02T20:32:00,failed,PAY_PROD_000944
ORD_PROD_000945,CUST_00119,7499.00,2026-09-02T20:45:00,failed,PAY_PROD_000945
ORD_PROD_000946,CUST_00062,1499.00,2026-09-02T20:58:00,failed,PAY_PROD_000946
ORD_PROD_000947,CUST_00288,19999.00,2026-09-02T21:11:00,failed,PAY_PROD_000947
ORD_PROD_000948,CUST_00089,4999.00,2026-09-02T21:24:00,failed,PAY_PROD_000948
ORD_PROD_000949,CUST_00168,2499.00,2026-09-02T21:37:00,failed,PAY_PROD_000949
ORD_PROD_000950,CUST_00261,19999.00,2026-09-02T21:50:00,failed,PAY_PROD_000950
ORD_PROD_000951,CUST_00399,2499.00,2026-09-02T22:03:00,failed,PAY_PROD_000951
ORD_PROD_000952,CUST_00354,299.00,2026-09-02T22:16:00,failed,PAY_PROD_000952
ORD_PROD_000953,CUST_00295,2499.00,2026-09-02T22:29:00,failed,PAY_PROD_000953
ORD_PROD_000954,CUST_00119,4999.00,2026-09-02T22:42:00,failed,PAY_PROD_000954
ORD_PROD_000955,CUST_00169,999.00,2026-09-02T22:55:00,failed,PAY_PROD_000955
ORD_PROD_000956,CUST_00419,12499.00,2026-09-02T23:08:00,failed,PAY_PROD_000956
ORD_PROD_000957,CUST_00160,14999.00,2026-09-02T23:21:00,failed,PAY_PROD_000957
ORD_PROD_000958,CUST_00300,9999.00,2026-09-02T23:34:00,failed,PAY_PROD_000958
ORD_PROD_000959,CUST_00301,1999.00,2026-09-02T23:47:00,failed,PAY_PROD_000959
ORD_PROD_000960,CUST_00133,7499.00,2026-09-03T00:00:00,failed,PAY_PROD_000960
ORD_PROD_000961,CUST_00366,199.00,2026-09-03T00:13:00,failed,PAY_PROD_000961
ORD_PROD_000962,CUST_00389,999.00,2026-09-03T00:26:00,failed,PAY_PROD_000962
ORD_PROD_000963,CUST_00301,7499.00,2026-09-03T00:39:00,failed,PAY_PROD_000963
ORD_PROD_000964,CUST_00315,12499.00,2026-09-03T00:52:00,failed,PAY_PROD_000964
ORD_PROD_000965,CUST_00254,7499.00,2026-09-03T01:05:00,failed,PAY_PROD_000965
ORD_PROD_000966,CUST_00066,299.00,2026-09-03T01:18:00,failed,PAY_PROD_000966
ORD_PROD_000967,CUST_00024,9999.00,2026-09-03T01:31:00,failed,PAY_PROD_000967
ORD_PROD_000968,CUST_00230,3499.00,2026-09-03T01:44:00,failed,PAY_PROD_000968
ORD_PROD_000969,CUST_00384,199.00,2026-09-03T01:57:00,failed,PAY_PROD_000969
ORD_PROD_000970,CUST_00213,2499.00,2026-09-03T02:10:00,failed,PAY_PROD_000970
ORD_PROD_000971,CUST_00023,19999.00,2026-09-03T02:23:00,failed,PAY_PROD_000971
ORD_PROD_000972,CUST_00007,3499.00,2026-09-03T02:36:00,failed,PAY_PROD_000972
ORD_PROD_000973,CUST_00137,499.00,2026-09-03T02:49:00,failed,PAY_PROD_000973
ORD_PROD_000974,CUST_00395,14999.00,2026-09-03T03:02:00,failed,PAY_PROD_000974
ORD_PROD_000975,CUST_00071,1499.00,2026-09-03T03:15:00,failed,PAY_PROD_000975
ORD_PROD_000976,CUST_00206,3499.00,2026-09-03T03:28:00,failed,PAY_PROD_000976
ORD_PROD_000977,CUST_00344,799.00,2026-09-03T03:41:00,failed,PAY_PROD_000977
ORD_PROD_000978,CUST_00082,7499.00,2026-09-03T03:54:00,failed,PAY_PROD_000978
ORD_PROD_000979,CUST_00368,1499.00,2026-09-03T04:07:00,failed,PAY_PROD_000979
ORD_PROD_000980,CUST_00051,14999.00,2026-09-03T04:20:00,failed,PAY_PROD_000980
ORD_PROD_000981,CUST_00141,19999.00,2026-09-03T04:33:00,failed,PAY_PROD_000981
ORD_PROD_000982,CUST_00110,4999.00,2026-09-03T04:46:00,failed,PAY_PROD_000982
ORD_PROD_000983,CUST_00105,3499.00,2026-09-03T04:59:00,failed,PAY_PROD_000983
ORD_PROD_000984,CUST_00411,499.00,2026-09-03T05:12:00,failed,PAY_PROD_000984
ORD_PROD_000985,CUST_00026,9999.00,2026-09-03T05:25:00,failed,PAY_PROD_000985
ORD_PROD_000986,CUST_00295,2499.00,2026-09-03T05:38:00,failed,PAY_PROD_000986
ORD_PROD_000987,CUST_00028,299.00,2026-09-03T05:51:00,failed,PAY_PROD_000987
ORD_PROD_000988,CUST_00226,3499.00,2026-09-03T06:04:00,failed,PAY_PROD_000988
ORD_PROD_000989,CUST_00336,19999.00,2026-09-03T06:17:00,failed,PAY_PROD_000989
ORD_PROD_000990,CUST_00359,299.00,2026-09-03T06:30:00,failed,PAY_PROD_000990
ORD_PROD_000991,CUST_00296,1499.00,2026-09-03T06:43:00,failed,PAY_PROD_000991
ORD_PROD_000992,CUST_00299,9999.00,2026-09-03T06:56:00,failed,PAY_PROD_000992
ORD_PROD_000993,CUST_00068,9999.00,2026-09-03T07:09:00,failed,PAY_PROD_000993
ORD_PROD_000994,CUST_00043,1999.00,2026-09-03T07:22:00,failed,PAY_PROD_000994
ORD_PROD_000995,CUST_00249,1999.00,2026-09-03T07:35:00,failed,PAY_PROD_000995
ORD_PROD_000996,CUST_00414,499.00,2026-09-03T07:48:00,failed,PAY_PROD_000996
ORD_PROD_000997,CUST_00263,12499.00,2026-09-03T08:01:00,failed,PAY_PROD_000997
ORD_PROD_000998,CUST_00231,9999.00,2026-09-03T08:14:00,failed,PAY_PROD_000998
ORD_PROD_000999,CUST_00173,1999.00,2026-09-03T08:27:00,failed,PAY_PROD_000999
ORD_PROD_001000,CUST_00024,299.00,2026-09-03T08:40:00,failed,PAY_PROD_001000
