payment_id,order_id,amount,currency,payment_method,card_network,card_scope,captured_at,fee,tax,status
PAY_82HD9,ORD_0000,10000.00,INR,card,Mastercard,domestic,2026-08-17T09:30:00+00:00,175.00,31.50,captured
PAY_0001,ORD_0001,9992.00,INR,card,Visa,domestic,2026-08-17T10:17:00+00:00,174.86,31.47,captured
PAY_0002,ORD_0002,36394.00,INR,card,Visa,domestic,2026-08-17T11:04:00+00:00,636.90,114.64,captured
PAY_0003,ORD_0003,84375.00,INR,card,Mastercard,domestic,2026-08-17T11:51:00+00:00,1476.56,265.78,captured
PAY_0004,ORD_0004,24804.00,INR,card,Visa,domestic,2026-08-17T12:38:00+00:00,434.07,78.13,captured
PAY_0005,ORD_0005,45003.00,INR,card,Visa,domestic,2026-08-17T13:25:00+00:00,787.55,141.76,captured
PAY_0006,ORD_0006,56882.00,INR,card,Mastercard,domestic,2026-08-17T14:12:00+00:00,995.44,179.18,captured
PAY_0007,ORD_0007,10762.00,INR,card,Visa,domestic,2026-08-17T14:59:00+00:00,188.34,33.90,captured
PAY_0008,ORD_0008,1427.00,INR,card,Visa,domestic,2026-08-17T15:46:00+00:00,24.97,4.49,captured
PAY_0009,ORD_0009,26120.00,INR,card,Mastercard,domestic,2026-08-17T16:33:00+00:00,457.10,82.28,captured
PAY_0010,ORD_0010,37319.00,INR,card,Visa,domestic,2026-08-17T17:20:00+00:00,653.08,117.55,captured
PAY_0011,ORD_0011,42602.00,INR,card,Visa,domestic,2026-08-17T18:07:00+00:00,745.54,134.20,captured
PAY_0012,ORD_0012,13265.00,INR,card,Mastercard,domestic,2026-08-17T18:54:00+00:00,232.14,41.79,captured
PAY_0013,ORD_0013,7573.00,INR,card,Visa,domestic,2026-08-17T19:41:00+00:00,132.53,23.86,captured
PAY_0014,ORD_0014,46255.00,INR,card,Visa,domestic,2026-08-17T20:28:00+00:00,809.46,145.70,captured
PAY_0015,ORD_0015,30309.00,INR,card,Mastercard,domestic,2026-08-17T21:15:00+00:00,530.41,95.47,captured
PAY_0016,ORD_0016,21294.00,INR,card,Visa,domestic,2026-08-17T22:02:00+00:00,372.65,67.08,captured
PAY_0017,ORD_0017,61401.00,INR,card,Visa,domestic,2026-08-17T22:49:00+00:00,1074.52,193.41,captured
PAY_0018,ORD_0018,34166.00,INR,card,Mastercard,domestic,2026-08-17T23:36:00+00:00,597.91,107.62,captured
PAY_0019,ORD_0019,23440.00,INR,card,Visa,domestic,2026-08-18T00:23:00+00:00,410.20,73.84,captured
PAY_0020,ORD_0020,12726.00,INR,card,Visa,domestic,2026-08-18T01:10:00+00:00,222.71,40.09,captured
PAY_0021,ORD_0021,58853.00,INR,card,Mastercard,domestic,2026-08-18T01:57:00+00:00,1029.93,185.39,captured
PAY_0022,ORD_0022,14125.00,INR,card,Visa,domestic,2026-08-18T02:44:00+00:00,247.19,44.49,captured
PAY_0023,ORD_0023,82300.00,INR,card,Visa,domestic,2026-08-18T03:31:00+00:00,1440.25,259.25,captured
PAY_0024,ORD_0024,74199.00,INR,card,Mastercard,domestic,2026-08-18T04:18:00+00:00,1298.48,233.73,captured
PAY_0025,ORD_0025,66043.00,INR,card,Visa,domestic,2026-08-18T05:05:00+00:00,1023.67,204.73,captured
PAY_0026,ORD_0026,41711.00,INR,card,Visa,domestic,2026-08-18T05:52:00+00:00,646.52,129.30,captured
PAY_0027,ORD_0027,19050.00,INR,card,Mastercard,domestic,2026-08-18T06:39:00+00:00,295.28,59.06,captured
PAY_0028,ORD_0028,62669.00,INR,card,Visa,domestic,2026-08-18T07:26:00+00:00,971.37,194.27,captured
PAY_0029,ORD_0029,56680.00,INR,card,Visa,domestic,2026-08-18T08:13:00+00:00,878.54,175.71,captured
PAY_0030,ORD_0030,44927.00,INR,card,Mastercard,domestic,2026-08-18T09:00:00+00:00,696.37,139.27,captured
PAY_0031,ORD_0031,5774.00,INR,card,Visa,domestic,2026-08-18T09:47:00+00:00,89.50,17.90,captured
PAY_0032,ORD_0032,76167.00,INR,card,Visa,domestic,2026-08-18T10:34:00+00:00,1180.59,236.12,captured
PAY_0033,ORD_0033,3649.00,INR,card,Mastercard,domestic,2026-08-18T11:21:00+00:00,56.56,10.18,captured
PAY_0034,ORD_0034,72062.00,INR,card,Visa,domestic,2026-08-18T12:08:00+00:00,1116.96,201.05,captured
PAY_0035,ORD_0035,18758.00,INR,card,Visa,domestic,2026-08-18T12:55:00+00:00,290.75,52.34,captured
PAY_0036,ORD_0036,74129.00,INR,card,Mastercard,domestic,2026-08-18T13:42:00+00:00,1149.00,206.82,captured
PAY_0037,ORD_0037,36053.00,INR,card,Visa,domestic,2026-08-18T14:29:00+00:00,558.82,100.59,captured
PAY_0038,ORD_0038,38480.00,INR,card,Visa,domestic,2026-08-18T15:16:00+00:00,596.44,107.36,captured
PAY_0039,ORD_0039,58912.00,INR,card,Mastercard,domestic,2026-08-18T16:03:00+00:00,913.14,164.37,captured
PAY_0040,ORD_0040,83665.00,INR,card,Visa,domestic,2026-08-18T16:50:00+00:00,1296.81,233.43,captured
PAY_0041,ORD_0041,13127.00,INR,card,Visa,domestic,2026-08-18T17:37:00+00:00,203.47,36.62,captured
PAY_0042,ORD_0042,47861.00,INR,card,Mastercard,domestic,2026-08-18T18:24:00+00:00,741.85,133.53,captured
PAY_0043,ORD_0043,39365.00,INR,card,Visa,domestic,2026-08-18T19:11:00+00:00,610.16,109.83,captured
PAY_0044,ORD_0044,46139.00,INR,card,Visa,domestic,2026-08-18T19:58:00+00:00,715.15,128.73,captured
PAY_0045,ORD_0045,37964.00,INR,card,Mastercard,domestic,2026-08-18T20:45:00+00:00,588.44,105.92,captured
PAY_0046,ORD_0046,48980.00,INR,card,Visa,domestic,2026-08-18T21:32:00+00:00,759.19,136.65,captured
PAY_0047,ORD_0047,60415.00,INR,card,Visa,domestic,2026-08-18T22:19:00+00:00,936.43,168.56,captured
PAY_0048,ORD_0048,46583.00,INR,card,Mastercard,domestic,2026-08-18T23:06:00+00:00,722.04,129.97,captured
PAY_0049,ORD_0049,26326.00,INR,card,Visa,domestic,2026-08-18T23:53:00+00:00,408.05,73.45,captured
PAY_0050,ORD_0050,2116.00,INR,card,Visa,domestic,2026-08-19T00:40:00+00:00,32.80,5.90,captured
PAY_0051,ORD_0051,70431.00,INR,card,Mastercard,domestic,2026-08-19T01:27:00+00:00,1091.68,196.50,captured
PAY_0052,ORD_0052,60564.00,INR,card,Visa,domestic,2026-08-19T02:14:00+00:00,938.74,168.97,captured
PAY_0053,ORD_0053,78371.00,INR,card,Visa,domestic,2026-08-19T03:01:00+00:00,1214.75,218.66,captured
PAY_0054,ORD_0054,8131.00,INR,card,Mastercard,domestic,2026-08-19T03:48:00+00:00,126.03,22.69,captured
PAY_0055,ORD_0055,76531.00,INR,card,Visa,domestic,2026-08-19T04:35:00+00:00,1186.23,213.52,captured
PAY_0056,ORD_0056,82661.00,INR,card,Visa,domestic,2026-08-19T05:22:00+00:00,1281.25,230.63,captured
PAY_0057,ORD_0057,16978.00,INR,card,Mastercard,domestic,2026-08-19T06:09:00+00:00,263.16,47.37,captured
PAY_0058,ORD_0058,54905.00,INR,card,Visa,domestic,2026-08-19T06:56:00+00:00,851.03,153.19,captured
PAY_0059,ORD_0059,16777.00,INR,card,Visa,domestic,2026-08-19T07:43:00+00:00,260.04,46.81,captured
PAY_0060,ORD_0060,77935.00,INR,card,Mastercard,domestic,2026-08-19T08:30:00+00:00,1207.99,217.44,captured
PAY_0061,ORD_0061,48106.00,INR,card,Visa,domestic,2026-08-19T09:17:00+00:00,745.64,134.22,captured
PAY_0062,ORD_0062,1397.00,INR,card,Visa,domestic,2026-08-19T10:04:00+00:00,21.65,3.90,captured
PAY_0063,ORD_0063,38237.00,INR,card,Mastercard,domestic,2026-08-19T10:51:00+00:00,592.67,106.68,captured
PAY_0064,ORD_0064,52924.00,INR,card,Visa,domestic,2026-08-19T11:38:00+00:00,820.32,147.66,captured
PAY_0065,ORD_0065,51358.00,INR,card,Visa,domestic,2026-08-19T12:25:00+00:00,796.05,143.29,captured
PAY_0066,ORD_0066,77142.00,INR,card,Mastercard,domestic,2026-08-19T13:12:00+00:00,1195.70,215.23,captured
PAY_0067,ORD_0067,65106.00,INR,card,Visa,domestic,2026-08-19T13:59:00+00:00,1009.14,181.65,captured
PAY_0068,ORD_0068,76391.00,INR,card,Visa,domestic,2026-08-19T14:46:00+00:00,1184.06,213.13,captured
PAY_0069,ORD_0069,57763.00,INR,card,Mastercard,domestic,2026-08-19T15:33:00+00:00,895.33,161.16,captured
PAY_0070,ORD_0070,79804.00,INR,card,Visa,domestic,2026-08-19T16:20:00+00:00,1236.96,222.65,captured
PAY_0071,ORD_0071,61427.00,INR,card,Visa,domestic,2026-08-19T17:07:00+00:00,952.12,171.38,captured
PAY_0072,ORD_0072,74097.00,INR,card,Mastercard,domestic,2026-08-19T17:54:00+00:00,1148.50,206.73,captured
PAY_0073,ORD_0073,29405.00,INR,card,Visa,domestic,2026-08-19T18:41:00+00:00,455.78,82.04,captured
PAY_0074,ORD_0074,32116.00,INR,card,Visa,domestic,2026-08-19T19:28:00+00:00,497.80,89.60,captured
PAY_0075,ORD_0075,74496.00,INR,card,Mastercard,domestic,2026-08-19T20:15:00+00:00,1154.69,207.84,captured
PAY_0076,ORD_0076,4484.00,INR,card,Visa,domestic,2026-08-19T21:02:00+00:00,69.50,12.51,captured
PAY_0077,ORD_0077,47721.00,INR,card,Visa,domestic,2026-08-19T21:49:00+00:00,739.68,133.14,captured
PAY_0078,ORD_0078,32826.00,INR,card,Mastercard,domestic,2026-08-19T22:36:00+00:00,508.80,91.58,captured
PAY_0079,ORD_0079,68066.00,INR,card,Visa,domestic,2026-08-19T23:23:00+00:00,1055.02,189.90,captured
PAY_0080,ORD_0080,58161.00,INR,card,Visa,domestic,2026-08-20T00:10:00+00:00,901.50,162.27,captured
PAY_0081,ORD_0081,10297.00,INR,card,Mastercard,domestic,2026-08-20T00:57:00+00:00,159.60,28.73,captured
PAY_0082,ORD_0082,9599.00,INR,card,Visa,domestic,2026-08-20T01:44:00+00:00,148.78,26.78,captured
PAY_0083,ORD_0083,54661.00,INR,card,Visa,domestic,2026-08-20T02:31:00+00:00,847.25,152.51,captured
PAY_0084,ORD_0084,55236.00,INR,card,Mastercard,domestic,2026-08-20T03:18:00+00:00,856.16,154.11,captured
PAY_0085,ORD_0085,68307.00,INR,card,Visa,domestic,2026-08-20T04:05:00+00:00,1058.76,190.58,captured
PAY_0086,ORD_0086,41228.00,INR,card,Visa,domestic,2026-08-20T04:52:00+00:00,639.03,115.03,captured
PAY_0087,ORD_0087,26490.00,INR,card,Mastercard,domestic,2026-08-20T05:39:00+00:00,410.60,73.91,captured
PAY_0088,ORD_0088,17141.00,INR,card,Visa,domestic,2026-08-20T06:26:00+00:00,265.69,47.82,captured
PAY_0089,ORD_0089,32743.00,INR,card,Visa,domestic,2026-08-20T07:13:00+00:00,507.52,91.35,captured
PAY_0090,ORD_0090,84311.00,INR,card,Mastercard,domestic,2026-08-20T08:00:00+00:00,1306.82,235.23,captured
PAY_0091,ORD_0091,44222.00,INR,card,Visa,domestic,2026-08-20T08:47:00+00:00,685.44,123.38,captured
PAY_0092,ORD_0092,49591.00,INR,card,Visa,domestic,2026-08-20T09:34:00+00:00,768.66,138.36,captured
PAY_0093,ORD_0093,69819.00,INR,card,Mastercard,domestic,2026-08-20T10:21:00+00:00,1082.19,194.79,captured
PAY_0094,ORD_0094,73773.00,INR,card,Visa,domestic,2026-08-20T11:08:00+00:00,1143.48,205.83,captured
PAY_0095,ORD_0095,41458.00,INR,card,Visa,domestic,2026-08-20T11:55:00+00:00,642.60,115.67,captured
PAY_0096,ORD_0096,56220.00,INR,card,Mastercard,domestic,2026-08-20T12:42:00+00:00,871.41,156.85,captured
PAY_0097,ORD_0097,58893.00,INR,card,Visa,domestic,2026-08-20T13:29:00+00:00,912.84,164.31,captured
PAY_0098,ORD_0098,49393.00,INR,card,Visa,domestic,2026-08-20T14:16:00+00:00,765.59,137.81,captured
PAY_0099,ORD_0099,32022.00,INR,card,Mastercard,domestic,2026-08-20T15:03:00+00:00,496.34,89.34,captured
PAY_0100,ORD_0100,51280.00,INR,card,Visa,domestic,2026-08-20T15:50:00+00:00,794.84,143.07,captured
PAY_0101,ORD_0101,47889.00,INR,card,Visa,domestic,2026-08-20T16:37:00+00:00,742.28,133.61,captured
PAY_0102,ORD_0102,74822.00,INR,card,Mastercard,domestic,2026-08-20T17:24:00+00:00,1159.74,208.75,captured
PAY_0103,ORD_0103,29961.00,INR,card,Visa,domestic,2026-08-20T18:11:00+00:00,464.40,83.59,captured
PAY_0104,ORD_0104,44683.00,INR,card,Visa,domestic,2026-08-20T18:58:00+00:00,692.59,124.67,captured
PAY_0105,ORD_0105,78105.00,INR,card,Mastercard,domestic,2026-08-20T19:45:00+00:00,1210.63,217.91,captured
PAY_0106,ORD_0106,73815.00,INR,card,Visa,domestic,2026-08-20T20:32:00+00:00,1144.13,205.94,captured
PAY_0107,ORD_0107,24877.00,INR,card,Visa,domestic,2026-08-20T21:19:00+00:00,385.59,69.41,captured
PAY_0108,ORD_0108,42341.00,INR,card,Mastercard,domestic,2026-08-20T22:06:00+00:00,656.29,118.13,captured
PAY_0109,ORD_0109,78450.00,INR,card,Visa,domestic,2026-08-20T22:53:00+00:00,1215.98,218.88,captured
PAY_0110,ORD_0110,18858.00,INR,card,Visa,domestic,2026-08-20T23:40:00+00:00,292.30,52.61,captured
PAY_0111,ORD_0111,66242.00,INR,card,Mastercard,domestic,2026-08-21T00:27:00+00:00,1026.75,184.82,captured
PAY_0112,ORD_0112,76403.00,INR,card,Visa,domestic,2026-08-21T01:14:00+00:00,1184.25,213.17,captured
PAY_0113,ORD_0113,17881.00,INR,card,Visa,domestic,2026-08-21T02:01:00+00:00,277.16,49.89,captured
PAY_0114,ORD_0114,36241.00,INR,card,Mastercard,domestic,2026-08-21T02:48:00+00:00,561.74,101.11,captured
PAY_0115,ORD_0115,14842.00,INR,card,Visa,domestic,2026-08-21T03:35:00+00:00,230.05,41.41,captured
PAY_0116,ORD_0116,44056.00,INR,card,Visa,domestic,2026-08-21T04:22:00+00:00,682.87,122.92,captured
PAY_0117,ORD_0117,55143.00,INR,card,Mastercard,domestic,2026-08-21T05:09:00+00:00,854.72,153.85,captured
PAY_0118,ORD_0118,55603.00,INR,card,Visa,domestic,2026-08-21T05:56:00+00:00,861.85,155.13,captured
PAY_0119,ORD_0119,33789.00,INR,card,Visa,domestic,2026-08-21T06:43:00+00:00,523.73,94.27,captured
PAY_0120,ORD_0120,64383.00,INR,card,Mastercard,domestic,2026-08-21T07:30:00+00:00,997.94,179.63,captured
PAY_0121,ORD_0121,52889.00,INR,card,Visa,domestic,2026-08-21T08:17:00+00:00,819.78,147.56,captured
PAY_0122,ORD_0122,9289.00,INR,card,Visa,domestic,2026-08-21T09:04:00+00:00,143.98,25.92,captured
PAY_0123,ORD_0123,77342.00,INR,card,Mastercard,domestic,2026-08-21T09:51:00+00:00,1198.80,215.78,captured
PAY_0124,ORD_0124,4587.00,INR,card,Visa,domestic,2026-08-21T10:38:00+00:00,71.10,12.80,captured
PAY_0125,ORD_0125,14966.00,INR,card,Visa,domestic,2026-08-21T11:25:00+00:00,231.97,41.75,captured
PAY_0126,ORD_0126,1342.00,INR,card,Mastercard,domestic,2026-08-21T12:12:00+00:00,20.80,3.74,captured
PAY_0127,ORD_0127,37905.00,INR,card,Visa,domestic,2026-08-21T12:59:00+00:00,587.53,105.76,captured
PAY_0128,ORD_0128,30175.00,INR,card,Visa,domestic,2026-08-21T13:46:00+00:00,467.71,84.19,captured
PAY_0129,ORD_0129,5661.00,INR,card,Mastercard,domestic,2026-08-21T14:33:00+00:00,87.75,15.80,captured
PAY_0130,ORD_0130,8310.00,INR,card,Visa,domestic,2026-08-21T15:20:00+00:00,128.81,23.19,captured
PAY_0131,ORD_0131,2527.00,INR,card,Visa,domestic,2026-08-21T16:07:00+00:00,39.17,7.05,captured
PAY_0132,ORD_0132,57434.00,INR,card,Mastercard,domestic,2026-08-21T16:54:00+00:00,890.23,160.24,captured
PAY_0133,ORD_0133,78091.00,INR,card,Visa,domestic,2026-08-21T17:41:00+00:00,1210.41,217.87,captured
PAY_0134,ORD_0134,47571.00,INR,card,Visa,domestic,2026-08-21T18:28:00+00:00,737.35,132.72,captured
PAY_0135,ORD_0135,19878.00,INR,card,Mastercard,domestic,2026-08-21T19:15:00+00:00,308.11,55.46,captured
PAY_0136,ORD_0136,43713.00,INR,card,Visa,domestic,2026-08-21T20:02:00+00:00,677.55,121.96,captured
PAY_0137,ORD_0137,67376.00,INR,card,Visa,domestic,2026-08-21T20:49:00+00:00,1044.33,187.98,captured
PAY_0138,ORD_0138,2981.00,INR,card,Mastercard,domestic,2026-08-21T21:36:00+00:00,46.21,8.32,captured
PAY_0139,ORD_0139,7087.00,INR,card,Visa,domestic,2026-08-21T22:23:00+00:00,109.85,19.77,captured
PAY_0140,ORD_0140,18765.00,INR,card,Visa,domestic,2026-08-21T23:10:00+00:00,290.86,52.35,captured
PAY_0141,ORD_0141,8860.00,INR,card,Mastercard,domestic,2026-08-21T23:57:00+00:00,137.33,24.72,captured
PAY_0142,ORD_0142,14546.00,INR,card,Visa,domestic,2026-08-22T00:44:00+00:00,225.46,40.58,captured
PAY_0143,ORD_0143,84326.00,INR,card,Visa,domestic,2026-08-22T01:31:00+00:00,1307.05,235.27,captured
PAY_0144,ORD_0144,9728.00,INR,card,Mastercard,domestic,2026-08-22T02:18:00+00:00,150.78,27.14,captured
PAY_0145,ORD_0145,42501.00,INR,card,Visa,domestic,2026-08-22T03:05:00+00:00,658.77,118.58,captured
PAY_0146,ORD_0146,83987.00,INR,card,Visa,domestic,2026-08-22T03:52:00+00:00,1301.80,234.32,captured
PAY_0147,ORD_0147,29128.00,INR,card,Mastercard,domestic,2026-08-22T04:39:00+00:00,451.48,81.27,captured
PAY_0148,ORD_0148,32204.00,INR,card,Visa,domestic,2026-08-22T05:26:00+00:00,499.16,89.85,captured
PAY_0149,ORD_0149,3175.00,INR,card,Visa,domestic,2026-08-22T06:13:00+00:00,49.21,8.86,captured
PAY_0150,ORD_0150,55349.00,INR,card,Mastercard,domestic,2026-08-22T07:00:00+00:00,857.91,154.42,captured
PAY_0151,ORD_0151,22616.00,INR,card,Visa,domestic,2026-08-22T07:47:00+00:00,350.55,63.10,captured
PAY_0152,ORD_0152,55875.00,INR,card,Visa,domestic,2026-08-22T08:34:00+00:00,866.06,155.89,captured
PAY_0153,ORD_0153,1912.00,INR,card,Mastercard,domestic,2026-08-22T09:21:00+00:00,29.64,5.34,captured
PAY_0154,ORD_0154,8829.00,INR,card,Visa,domestic,2026-08-22T10:08:00+00:00,136.85,24.63,captured
PAY_0155,ORD_0155,51105.00,INR,card,Visa,domestic,2026-08-22T10:55:00+00:00,792.13,142.58,captured
PAY_0156,ORD_0156,53608.00,INR,card,Mastercard,domestic,2026-08-22T11:42:00+00:00,830.92,149.57,captured
PAY_0157,ORD_0157,65652.00,INR,card,Visa,domestic,2026-08-22T12:29:00+00:00,1017.61,183.17,captured
PAY_0158,ORD_0158,64434.00,INR,card,Visa,domestic,2026-08-22T13:16:00+00:00,998.73,179.77,captured
PAY_0159,ORD_0159,77995.00,INR,card,Mastercard,domestic,2026-08-22T14:03:00+00:00,1208.92,217.61,captured
PAY_0160,ORD_0160,4630.00,INR,card,Visa,domestic,2026-08-22T14:50:00+00:00,71.77,12.92,captured
PAY_0161,ORD_0161,69554.00,INR,card,Visa,domestic,2026-08-22T15:37:00+00:00,1078.09,194.06,captured
PAY_0162,ORD_0162,78926.00,INR,card,Mastercard,domestic,2026-08-22T16:24:00+00:00,1223.35,220.20,captured
PAY_0163,ORD_0163,68673.00,INR,card,Visa,domestic,2026-08-22T17:11:00+00:00,1064.43,191.60,captured
PAY_0164,ORD_0164,61002.00,INR,card,Visa,domestic,2026-08-22T17:58:00+00:00,945.53,170.20,captured
PAY_0165,ORD_0165,12478.00,INR,card,Mastercard,domestic,2026-08-22T18:45:00+00:00,193.41,34.81,captured
PAY_0166,ORD_0166,6925.00,INR,card,Visa,domestic,2026-08-22T19:32:00+00:00,107.34,19.32,captured
PAY_0167,ORD_0167,71999.00,INR,card,Visa,domestic,2026-08-22T20:19:00+00:00,1115.98,200.88,captured
PAY_0168,ORD_0168,64458.00,INR,card,Mastercard,domestic,2026-08-22T21:06:00+00:00,999.10,179.84,captured
PAY_0169,ORD_0169,65778.00,INR,card,Visa,domestic,2026-08-22T21:53:00+00:00,1019.56,183.52,captured
PAY_0170,ORD_0170,21171.00,INR,card,Visa,domestic,2026-08-22T22:40:00+00:00,328.15,59.07,captured
PAY_0171,ORD_0171,71961.00,INR,card,Mastercard,domestic,2026-08-22T23:27:00+00:00,1115.40,200.77,captured
PAY_0172,ORD_0172,37332.00,INR,card,Visa,domestic,2026-08-23T00:14:00+00:00,578.65,104.16,captured
PAY_0173,ORD_0173,2626.00,INR,card,Visa,domestic,2026-08-23T01:01:00+00:00,40.70,7.33,captured
PAY_0174,ORD_0174,3100.00,INR,card,Mastercard,domestic,2026-08-23T01:48:00+00:00,48.05,8.65,captured
PAY_0175,ORD_0175,70634.00,INR,card,Visa,domestic,2026-08-23T02:35:00+00:00,1094.83,197.07,captured
PAY_0176,ORD_0176,3413.00,INR,card,Visa,domestic,2026-08-23T03:22:00+00:00,52.90,9.52,captured
PAY_0177,ORD_0177,24847.00,INR,card,Mastercard,domestic,2026-08-23T04:09:00+00:00,385.13,69.32,captured
PAY_0178,ORD_0178,47742.00,INR,card,Visa,domestic,2026-08-23T04:56:00+00:00,740.00,133.20,captured
PAY_0179,ORD_0179,53553.00,INR,card,Visa,domestic,2026-08-23T05:43:00+00:00,830.07,149.41,captured
PAY_0180,ORD_0180,75341.00,INR,card,Mastercard,domestic,2026-08-23T06:30:00+00:00,1167.79,210.20,captured
PAY_0181,ORD_0181,80759.00,INR,card,Visa,domestic,2026-08-23T07:17:00+00:00,1251.76,225.32,captured
PAY_0182,ORD_0182,28050.00,INR,card,Visa,domestic,2026-08-23T08:04:00+00:00,434.78,78.26,captured
PAY_0183,ORD_0183,60192.00,INR,card,Mastercard,domestic,2026-08-23T08:51:00+00:00,932.98,167.94,captured
PAY_0184,ORD_0184,30065.00,INR,card,Visa,domestic,2026-08-23T09:38:00+00:00,466.01,83.88,captured
PAY_0185,ORD_0185,76869.00,INR,card,Visa,domestic,2026-08-23T10:25:00+00:00,1191.47,214.46,captured
PAY_0186,ORD_0186,2395.00,INR,card,Mastercard,domestic,2026-08-23T11:12:00+00:00,37.12,6.68,captured
PAY_0187,ORD_0187,59131.00,INR,card,Visa,domestic,2026-08-23T11:59:00+00:00,916.53,164.98,captured
PAY_0188,ORD_0188,11206.00,INR,card,Visa,domestic,2026-08-23T12:46:00+00:00,173.69,31.26,captured
PAY_0189,ORD_0189,52029.00,INR,card,Mastercard,domestic,2026-08-23T13:33:00+00:00,806.45,145.16,captured
PAY_0190,ORD_0190,54147.00,INR,card,Visa,domestic,2026-08-23T14:20:00+00:00,839.28,151.07,captured
PAY_0191,ORD_0191,56740.00,INR,card,Visa,domestic,2026-08-23T15:07:00+00:00,879.47,158.30,captured
PAY_0192,ORD_0192,48405.00,INR,card,Mastercard,domestic,2026-08-23T15:54:00+00:00,750.28,135.05,captured
PAY_0193,ORD_0193,25507.00,INR,card,Visa,domestic,2026-08-23T16:41:00+00:00,395.36,71.16,captured
PAY_0194,ORD_0194,67857.00,INR,card,Visa,domestic,2026-08-23T17:28:00+00:00,1051.78,189.32,captured
PAY_0195,ORD_0195,50872.00,INR,card,Mastercard,domestic,2026-08-23T18:15:00+00:00,788.52,141.93,captured
PAY_0196,ORD_0196,66278.00,INR,card,Visa,domestic,2026-08-23T19:02:00+00:00,1027.31,184.92,captured
PAY_0197,ORD_0197,64615.00,INR,card,Visa,domestic,2026-08-23T19:49:00+00:00,1001.53,180.28,captured
PAY_0198,ORD_0198,75568.00,INR,card,Mastercard,domestic,2026-08-23T20:36:00+00:00,1171.30,210.83,captured
PAY_0199,ORD_0199,53376.00,INR,card,Visa,domestic,2026-08-23T21:23:00+00:00,827.33,148.92,captured
PAY_0200,ORD_0200,25804.00,INR,card,Visa,domestic,2026-08-23T22:10:00+00:00,399.96,71.99,captured
PAY_0201,ORD_0201,2752.00,INR,card,Mastercard,domestic,2026-08-23T22:57:00+00:00,42.66,7.68,captured
PAY_0202,ORD_0202,32126.00,INR,card,Visa,domestic,2026-08-23T23:44:00+00:00,497.95,89.63,captured
PAY_0203,ORD_0203,16897.00,INR,card,Visa,domestic,2026-08-24T00:31:00+00:00,261.90,47.14,captured
PAY_0204,ORD_0204,59586.00,INR,card,Mastercard,domestic,2026-08-24T01:18:00+00:00,923.58,166.24,captured
PAY_0205,ORD_0205,51864.00,INR,card,Visa,domestic,2026-08-24T02:05:00+00:00,803.89,144.70,captured
PAY_0206,ORD_0206,80713.00,INR,card,Visa,domestic,2026-08-24T02:52:00+00:00,1251.05,225.19,captured
PAY_0207,ORD_0207,3634.00,INR,card,Mastercard,domestic,2026-08-24T03:39:00+00:00,56.33,10.14,captured
PAY_0208,ORD_0208,83929.00,INR,card,Visa,domestic,2026-08-24T04:26:00+00:00,1300.90,234.16,captured
PAY_0209,ORD_0209,943.00,INR,card,Visa,domestic,2026-08-24T05:13:00+00:00,14.62,2.63,captured
PAY_0210,ORD_0210,41646.00,INR,card,Mastercard,domestic,2026-08-24T06:00:00+00:00,645.51,116.19,captured
PAY_0211,ORD_0211,49164.00,INR,card,Visa,domestic,2026-08-24T06:47:00+00:00,762.04,137.17,captured
PAY_0212,ORD_0212,3465.00,INR,card,Visa,domestic,2026-08-24T07:34:00+00:00,53.71,9.67,captured
PAY_0213,ORD_0213,60046.00,INR,card,Mastercard,domestic,2026-08-24T08:21:00+00:00,930.71,167.53,captured
PAY_0214,ORD_0214,9376.00,INR,card,Visa,domestic,2026-08-24T09:08:00+00:00,145.33,26.16,captured
PAY_0215,ORD_0215,70947.00,INR,card,Visa,domestic,2026-08-24T09:55:00+00:00,1099.68,197.94,captured
PAY_0216,ORD_0216,7016.00,INR,card,Mastercard,domestic,2026-08-24T10:42:00+00:00,108.75,19.58,captured
PAY_0217,ORD_0217,72841.00,INR,card,Visa,domestic,2026-08-24T11:29:00+00:00,1129.04,203.23,captured
PAY_0218,ORD_0218,14154.00,INR,card,Visa,domestic,2026-08-24T12:16:00+00:00,219.39,39.49,captured
PAY_0219,ORD_0219,54799.00,INR,card,Mastercard,domestic,2026-08-24T13:03:00+00:00,849.38,152.89,captured
PAY_0220,ORD_0220,81687.00,INR,card,Visa,domestic,2026-08-24T13:50:00+00:00,1266.15,227.91,captured
PAY_0221,ORD_0221,36772.00,INR,card,Visa,domestic,2026-08-24T14:37:00+00:00,569.97,102.59,captured
PAY_0222,ORD_0222,44458.00,INR,card,Mastercard,domestic,2026-08-24T15:24:00+00:00,689.10,124.04,captured
PAY_0223,ORD_0223,42607.00,INR,card,Visa,domestic,2026-08-24T16:11:00+00:00,660.41,118.87,captured
PAY_0224,ORD_0224,66007.00,INR,card,Visa,domestic,2026-08-24T16:58:00+00:00,1023.11,184.16,captured
PAY_0225,ORD_0225,54165.00,INR,card,Mastercard,domestic,2026-08-24T17:45:00+00:00,839.56,151.12,captured
PAY_0226,ORD_0226,55435.00,INR,card,Visa,domestic,2026-08-24T18:32:00+00:00,859.24,154.66,captured
PAY_0227,ORD_0227,76201.00,INR,card,Visa,domestic,2026-08-24T19:19:00+00:00,1181.12,212.60,captured
PAY_0228,ORD_0228,64184.00,INR,card,Mastercard,domestic,2026-08-24T20:06:00+00:00,994.85,179.07,captured
PAY_0229,ORD_0229,82934.00,INR,card,Visa,domestic,2026-08-24T20:53:00+00:00,1285.48,231.39,captured
PAY_0230,ORD_0230,10156.00,INR,card,Visa,domestic,2026-08-24T21:40:00+00:00,157.42,28.34,captured
PAY_0231,ORD_0231,17204.00,INR,card,Mastercard,domestic,2026-08-24T22:27:00+00:00,266.66,48.00,captured
PAY_0232,ORD_0232,57823.00,INR,card,Visa,domestic,2026-08-24T23:14:00+00:00,896.26,161.33,captured
PAY_0233,ORD_0233,24848.00,INR,card,Visa,domestic,2026-08-25T00:01:00+00:00,385.14,69.33,captured
PAY_0234,ORD_0234,27001.00,INR,card,Mastercard,domestic,2026-08-25T00:48:00+00:00,418.52,75.33,captured
PAY_0235,ORD_0235,60297.00,INR,card,Visa,domestic,2026-08-25T01:35:00+00:00,934.60,168.23,captured
PAY_0236,ORD_0236,1779.00,INR,card,Visa,domestic,2026-08-25T02:22:00+00:00,27.57,4.96,captured
PAY_0237,ORD_0237,49658.00,INR,card,Mastercard,domestic,2026-08-25T03:09:00+00:00,769.70,138.55,captured
PAY_0238,ORD_0238,63014.00,INR,card,Visa,domestic,2026-08-25T03:56:00+00:00,976.72,175.81,captured
PAY_0239,ORD_0239,37190.00,INR,card,Visa,domestic,2026-08-25T04:43:00+00:00,576.45,103.76,captured
PAY_0240,ORD_0240,67776.00,INR,card,Mastercard,domestic,2026-08-25T05:30:00+00:00,1050.53,189.10,captured
PAY_0241,ORD_0241,7616.00,INR,card,Visa,domestic,2026-08-25T06:17:00+00:00,118.05,21.25,captured
PAY_0242,ORD_0242,41105.00,INR,card,Visa,domestic,2026-08-25T07:04:00+00:00,637.13,114.68,captured
PAY_0243,ORD_0243,80466.00,INR,card,Mastercard,domestic,2026-08-25T07:51:00+00:00,1247.22,224.50,captured
PAY_0244,ORD_0244,61413.00,INR,card,Visa,domestic,2026-08-25T08:38:00+00:00,951.90,171.34,captured
PAY_0245,ORD_0245,23854.00,INR,card,Visa,domestic,2026-08-25T09:25:00+00:00,369.74,66.55,captured
PAY_0246,ORD_0246,34940.00,INR,card,Mastercard,domestic,2026-08-25T10:12:00+00:00,541.57,97.48,captured
PAY_0247,ORD_0247,28919.00,INR,card,Visa,domestic,2026-08-25T10:59:00+00:00,448.24,80.68,captured
PAY_0248,ORD_0248,48520.00,INR,card,Visa,domestic,2026-08-25T11:46:00+00:00,752.06,135.37,captured
PAY_0249,ORD_0249,34439.00,INR,card,Mastercard,domestic,2026-08-25T12:33:00+00:00,533.80,96.08,captured
PAY_0250,ORD_0250,26612.00,INR,card,Visa,domestic,2026-08-25T13:20:00+00:00,412.49,74.25,captured
PAY_0251,ORD_0251,65843.00,INR,card,Visa,domestic,2026-08-25T14:07:00+00:00,1020.57,183.70,captured
PAY_0252,ORD_0252,63499.00,INR,card,Mastercard,domestic,2026-08-25T14:54:00+00:00,984.23,177.16,captured
PAY_0253,ORD_0253,80363.00,INR,card,Visa,domestic,2026-08-25T15:41:00+00:00,1245.63,224.21,captured
PAY_0254,ORD_0254,26959.00,INR,card,Visa,domestic,2026-08-25T16:28:00+00:00,417.86,75.21,captured
PAY_0255,ORD_0255,18333.00,INR,card,Mastercard,domestic,2026-08-25T17:15:00+00:00,284.16,51.15,captured
PAY_0256,ORD_0256,19093.00,INR,card,Visa,domestic,2026-08-25T18:02:00+00:00,295.94,53.27,captured
PAY_0257,ORD_0257,12371.00,INR,card,Visa,domestic,2026-08-25T18:49:00+00:00,191.75,34.52,captured
PAY_0258,ORD_0258,25757.00,INR,card,Mastercard,domestic,2026-08-25T19:36:00+00:00,399.23,71.86,captured
PAY_0259,ORD_0259,73890.00,INR,card,Visa,domestic,2026-08-25T20:23:00+00:00,1145.30,206.15,captured
PAY_0260,ORD_0260,51905.00,INR,card,Visa,domestic,2026-08-25T21:10:00+00:00,804.53,144.82,captured
PAY_0261,ORD_0261,30137.00,INR,card,Mastercard,domestic,2026-08-25T21:57:00+00:00,467.12,84.08,captured
PAY_0262,ORD_0262,59592.00,INR,card,Visa,domestic,2026-08-25T22:44:00+00:00,923.68,166.26,captured
PAY_0263,ORD_0263,13856.00,INR,card,Visa,domestic,2026-08-25T23:31:00+00:00,214.77,38.66,captured
PAY_0264,ORD_0264,74766.00,INR,card,Mastercard,domestic,2026-08-26T00:18:00+00:00,1158.87,208.60,captured
PAY_0265,ORD_0265,68374.00,INR,card,Visa,domestic,2026-08-26T01:05:00+00:00,1059.80,190.76,captured
PAY_0266,ORD_0266,78717.00,INR,card,Visa,domestic,2026-08-26T01:52:00+00:00,1220.11,219.62,captured
PAY_0267,ORD_0267,32781.00,INR,card,Mastercard,domestic,2026-08-26T02:39:00+00:00,508.11,91.46,captured
PAY_0268,ORD_0268,4130.00,INR,card,Visa,domestic,2026-08-26T03:26:00+00:00,64.02,11.52,captured
PAY_0269,ORD_0269,39853.00,INR,card,Visa,domestic,2026-08-26T04:13:00+00:00,617.72,111.19,captured
PAY_0270,ORD_0270,43148.00,INR,card,Mastercard,domestic,2026-08-26T05:00:00+00:00,668.79,120.38,captured
PAY_0271,ORD_0271,10305.00,INR,card,Visa,domestic,2026-08-26T05:47:00+00:00,159.73,28.75,captured
PAY_0272,ORD_0272,17456.00,INR,card,Visa,domestic,2026-08-26T06:34:00+00:00,270.57,48.70,captured
PAY_0273,ORD_0273,84600.00,INR,card,Mastercard,domestic,2026-08-26T07:21:00+00:00,1311.30,236.03,captured
PAY_0274,ORD_0274,59698.00,INR,card,Visa,domestic,2026-08-26T08:08:00+00:00,925.32,166.56,captured
PAY_0275,ORD_0275,64873.00,INR,card,Visa,domestic,2026-08-26T08:55:00+00:00,1005.53,181.00,captured
PAY_0276,ORD_0276,54254.00,INR,card,Mastercard,domestic,2026-08-26T09:42:00+00:00,840.94,151.37,captured
PAY_0277,ORD_0277,26509.00,INR,card,Visa,domestic,2026-08-26T10:29:00+00:00,410.89,73.96,captured
PAY_0278,ORD_0278,21527.00,INR,card,Visa,domestic,2026-08-26T11:16:00+00:00,333.67,60.06,captured
PAY_0279,ORD_0279,10537.00,INR,card,Mastercard,domestic,2026-08-26T12:03:00+00:00,163.32,29.40,captured
PAY_0280,ORD_0280,80011.00,INR,card,Visa,domestic,2026-08-26T12:50:00+00:00,1240.17,223.23,captured
PAY_0281,ORD_0281,3569.00,INR,card,Visa,domestic,2026-08-26T13:37:00+00:00,55.32,9.96,captured
PAY_0282,ORD_0282,21587.00,INR,card,Mastercard,domestic,2026-08-26T14:24:00+00:00,334.60,60.23,captured
PAY_0283,ORD_0283,30734.00,INR,card,Visa,domestic,2026-08-26T15:11:00+00:00,476.38,85.75,captured
PAY_0284,ORD_0284,20362.00,INR,card,Visa,domestic,2026-08-26T15:58:00+00:00,315.61,56.81,captured
PAY_0285,ORD_0285,71955.00,INR,card,Mastercard,domestic,2026-08-26T16:45:00+00:00,1115.30,200.75,captured
PAY_0286,ORD_0286,59094.00,INR,card,Visa,domestic,2026-08-26T17:32:00+00:00,915.96,164.87,captured
PAY_0287,ORD_0287,68834.00,INR,card,Visa,domestic,2026-08-26T18:19:00+00:00,1066.93,192.05,captured
PAY_0288,ORD_0288,13741.00,INR,card,Mastercard,domestic,2026-08-26T19:06:00+00:00,212.99,38.34,captured
PAY_0289,ORD_0289,63288.00,INR,card,Visa,domestic,2026-08-26T19:53:00+00:00,980.96,176.57,captured
PAY_0290,ORD_0290,70171.00,INR,card,Visa,domestic,2026-08-26T20:40:00+00:00,1087.65,195.78,captured
PAY_0291,ORD_0291,27811.00,INR,card,Mastercard,domestic,2026-08-26T21:27:00+00:00,431.07,77.59,captured
PAY_0292,ORD_0292,35237.00,INR,card,Visa,domestic,2026-08-26T22:14:00+00:00,546.17,98.31,captured
PAY_0293,ORD_0293,45510.00,INR,card,Visa,domestic,2026-08-26T23:01:00+00:00,705.41,126.97,captured
PAY_0294,ORD_0294,5047.00,INR,card,Mastercard,domestic,2026-08-26T23:48:00+00:00,78.23,14.08,captured
PAY_0295,ORD_0295,6336.00,INR,card,Visa,domestic,2026-08-27T00:35:00+00:00,98.21,17.68,captured
PAY_0296,ORD_0296,32346.00,INR,card,Visa,domestic,2026-08-27T01:22:00+00:00,501.36,90.24,captured
PAY_0297,ORD_0297,21381.00,INR,card,Mastercard,domestic,2026-08-27T02:09:00+00:00,331.41,59.65,captured
PAY_0298,ORD_0298,71383.00,INR,card,Visa,domestic,2026-08-27T02:56:00+00:00,1106.44,199.16,captured
PAY_0299,ORD_0299,70638.00,INR,card,Visa,domestic,2026-08-27T03:43:00+00:00,1094.89,197.08,captured
PAY_0300,ORD_0300,45786.00,INR,card,Mastercard,domestic,2026-08-27T04:30:00+00:00,709.68,127.74,captured
PAY_0301,ORD_0301,18430.00,INR,card,Visa,domestic,2026-08-27T05:17:00+00:00,285.67,51.42,captured
PAY_0302,ORD_0302,47718.00,INR,card,Visa,domestic,2026-08-27T06:04:00+00:00,739.63,133.13,captured
PAY_0303,ORD_0303,41074.00,INR,card,Mastercard,domestic,2026-08-27T06:51:00+00:00,636.65,114.60,captured
PAY_0304,ORD_0304,84205.00,INR,card,Visa,domestic,2026-08-27T07:38:00+00:00,1305.18,234.93,captured
PAY_0305,ORD_0305,27709.00,INR,card,Visa,domestic,2026-08-27T08:25:00+00:00,429.49,77.31,captured
PAY_0306,ORD_0306,47348.00,INR,card,Mastercard,domestic,2026-08-27T09:12:00+00:00,733.89,132.10,captured
PAY_0307,ORD_0307,51022.00,INR,card,Visa,domestic,2026-08-27T09:59:00+00:00,790.84,142.35,captured
PAY_0308,ORD_0308,79573.00,INR,card,Visa,domestic,2026-08-27T10:46:00+00:00,1233.38,222.01,captured
PAY_0309,ORD_0309,56927.00,INR,card,Mastercard,domestic,2026-08-27T11:33:00+00:00,882.37,158.83,captured
PAY_0310,ORD_0310,3832.00,INR,card,Visa,domestic,2026-08-27T12:20:00+00:00,59.40,10.69,captured
PAY_0311,ORD_0311,14116.00,INR,card,Visa,domestic,2026-08-27T13:07:00+00:00,218.80,39.38,captured
PAY_0312,ORD_0312,17574.00,INR,card,Mastercard,domestic,2026-08-27T13:54:00+00:00,272.40,49.03,captured
PAY_0313,ORD_0313,81442.00,INR,card,Visa,domestic,2026-08-27T14:41:00+00:00,1262.35,227.22,captured
PAY_0314,ORD_0314,70918.00,INR,card,Visa,domestic,2026-08-27T15:28:00+00:00,1099.23,197.86,captured
PAY_0315,ORD_0315,57694.00,INR,card,Mastercard,domestic,2026-08-27T16:15:00+00:00,894.26,160.97,captured
PAY_0316,ORD_0316,27833.00,INR,card,Visa,domestic,2026-08-27T17:02:00+00:00,431.41,77.65,captured
PAY_0317,ORD_0317,75133.00,INR,card,Visa,domestic,2026-08-27T17:49:00+00:00,1164.56,209.62,captured
PAY_0318,ORD_0318,79651.00,INR,card,Mastercard,domestic,2026-08-27T18:36:00+00:00,1234.59,222.23,captured
PAY_0319,ORD_0319,11418.00,INR,card,Visa,domestic,2026-08-27T19:23:00+00:00,176.98,31.86,captured
PAY_0320,ORD_0320,76432.00,INR,card,Visa,domestic,2026-08-27T20:10:00+00:00,1184.70,213.25,captured
PAY_0321,ORD_0321,67233.00,INR,card,Mastercard,domestic,2026-08-27T20:57:00+00:00,1042.11,187.58,captured
PAY_0322,ORD_0322,71710.00,INR,card,Visa,domestic,2026-08-27T21:44:00+00:00,1111.51,200.07,captured
PAY_0323,ORD_0323,54154.00,INR,card,Visa,domestic,2026-08-27T22:31:00+00:00,839.39,151.09,captured
PAY_0324,ORD_0324,4455.00,INR,card,Mastercard,domestic,2026-08-27T23:18:00+00:00,69.05,12.43,captured
PAY_0325,ORD_0325,81211.00,INR,card,Visa,domestic,2026-08-28T00:05:00+00:00,1258.77,226.58,captured
PAY_0326,ORD_0326,59954.00,INR,card,Visa,domestic,2026-08-28T00:52:00+00:00,929.29,167.27,captured
PAY_0327,ORD_0327,66876.00,INR,card,Mastercard,domestic,2026-08-28T01:39:00+00:00,1036.58,186.58,captured
PAY_0328,ORD_0328,43156.00,INR,card,Visa,domestic,2026-08-28T02:26:00+00:00,668.92,120.41,captured
PAY_0329,ORD_0329,18823.00,INR,card,Visa,domestic,2026-08-28T03:13:00+00:00,291.76,52.52,captured
PAY_0330,ORD_0330,57143.00,INR,card,Mastercard,domestic,2026-08-28T04:00:00+00:00,885.72,159.43,captured
PAY_0331,ORD_0331,82124.00,INR,card,Visa,domestic,2026-08-28T04:47:00+00:00,1272.92,229.13,captured
PAY_0332,ORD_0332,36428.00,INR,card,Visa,domestic,2026-08-28T05:34:00+00:00,564.63,101.63,captured
PAY_0333,ORD_0333,24213.00,INR,card,Mastercard,domestic,2026-08-28T06:21:00+00:00,375.30,67.55,captured
PAY_0334,ORD_0334,61096.00,INR,card,Visa,domestic,2026-08-28T07:08:00+00:00,946.99,170.46,captured
PAY_0335,ORD_0335,19762.00,INR,card,Visa,domestic,2026-08-28T07:55:00+00:00,306.31,55.14,captured
PAY_0336,ORD_0336,3444.00,INR,card,Mastercard,domestic,2026-08-28T08:42:00+00:00,53.38,9.61,captured
PAY_0337,ORD_0337,38453.00,INR,card,Visa,domestic,2026-08-28T09:29:00+00:00,596.02,107.28,captured
PAY_0338,ORD_0338,42023.00,INR,card,Visa,domestic,2026-08-28T10:16:00+00:00,651.36,117.24,captured
PAY_0339,ORD_0339,59549.00,INR,card,Mastercard,domestic,2026-08-28T11:03:00+00:00,923.01,166.14,captured
PAY_0340,ORD_0340,27277.00,INR,card,Visa,domestic,2026-08-28T11:50:00+00:00,422.79,76.10,captured
PAY_0341,ORD_0341,69210.00,INR,card,Visa,domestic,2026-08-28T12:37:00+00:00,1072.76,193.10,captured
PAY_0342,ORD_0342,54211.00,INR,card,Mastercard,domestic,2026-08-28T13:24:00+00:00,840.27,151.25,captured
PAY_0343,ORD_0343,54417.00,INR,card,Visa,domestic,2026-08-28T14:11:00+00:00,843.46,151.82,captured
PAY_0344,ORD_0344,50866.00,INR,card,Visa,domestic,2026-08-28T14:58:00+00:00,788.42,141.92,captured
PAY_0345,ORD_0345,51027.00,INR,card,Mastercard,domestic,2026-08-28T15:45:00+00:00,790.92,142.37,captured
PAY_0346,ORD_0346,75302.00,INR,card,Visa,domestic,2026-08-28T16:32:00+00:00,1167.18,210.09,captured
PAY_0347,ORD_0347,53433.00,INR,card,Visa,domestic,2026-08-28T17:19:00+00:00,828.21,149.08,captured
PAY_0348,ORD_0348,11306.00,INR,card,Mastercard,domestic,2026-08-28T18:06:00+00:00,175.24,31.54,captured
PAY_0349,ORD_0349,40738.00,INR,card,Visa,domestic,2026-08-28T18:53:00+00:00,631.44,113.66,captured
PAY_0350,ORD_0350,66998.00,INR,card,Visa,domestic,2026-08-28T19:40:00+00:00,1038.47,186.92,captured
PAY_0351,ORD_0351,59201.00,INR,card,Mastercard,domestic,2026-08-28T20:27:00+00:00,917.62,165.17,captured
PAY_0352,ORD_0352,24715.00,INR,card,Visa,domestic,2026-08-28T21:14:00+00:00,383.08,68.95,captured
PAY_0353,ORD_0353,22713.00,INR,card,Visa,domestic,2026-08-28T22:01:00+00:00,352.05,63.37,captured
PAY_0354,ORD_0354,46815.00,INR,card,Mastercard,domestic,2026-08-28T22:48:00+00:00,725.63,130.61,captured
PAY_0355,ORD_0355,18952.00,INR,card,Visa,domestic,2026-08-28T23:35:00+00:00,293.76,52.88,captured
PAY_0356,ORD_0356,16860.00,INR,card,Visa,domestic,2026-08-29T00:22:00+00:00,261.33,47.04,captured
PAY_0357,ORD_0357,76607.00,INR,card,Mastercard,domestic,2026-08-29T01:09:00+00:00,1187.41,213.73,captured
PAY_0358,ORD_0358,17803.00,INR,card,Visa,domestic,2026-08-29T01:56:00+00:00,275.95,49.67,captured
PAY_0359,ORD_0359,11678.00,INR,card,Visa,domestic,2026-08-29T02:43:00+00:00,181.01,32.58,captured
PAY_0360,ORD_0360,25418.00,INR,card,Mastercard,domestic,2026-08-29T03:30:00+00:00,393.98,70.92,captured
PAY_0361,ORD_0361,39961.00,INR,card,Visa,domestic,2026-08-29T04:17:00+00:00,619.40,111.49,captured
PAY_0362,ORD_0362,11568.00,INR,card,Visa,domestic,2026-08-29T05:04:00+00:00,179.30,32.27,captured
PAY_0363,ORD_0363,8712.00,INR,card,Mastercard,domestic,2026-08-29T05:51:00+00:00,135.04,24.31,captured
PAY_0364,ORD_0364,20008.00,INR,card,Visa,domestic,2026-08-29T06:38:00+00:00,310.12,55.82,captured
PAY_0365,ORD_0365,16553.00,INR,card,Visa,domestic,2026-08-29T07:25:00+00:00,256.57,46.18,captured
PAY_0366,ORD_0366,76805.00,INR,card,Mastercard,domestic,2026-08-29T08:12:00+00:00,1190.48,214.29,captured
PAY_0367,ORD_0367,56930.00,INR,card,Visa,domestic,2026-08-29T08:59:00+00:00,882.42,158.84,captured
PAY_0368,ORD_0368,51762.00,INR,card,Visa,domestic,2026-08-29T09:46:00+00:00,802.31,144.42,captured
PAY_0369,ORD_0369,65660.00,INR,card,Mastercard,domestic,2026-08-29T10:33:00+00:00,1017.73,183.19,captured
PAY_0370,ORD_0370,60165.00,INR,card,Visa,domestic,2026-08-29T11:20:00+00:00,932.56,167.86,captured
PAY_0371,ORD_0371,31686.00,INR,card,Visa,domestic,2026-08-29T12:07:00+00:00,491.13,88.40,captured
PAY_0372,ORD_0372,5319.00,INR,card,Mastercard,domestic,2026-08-29T12:54:00+00:00,82.44,14.84,captured
PAY_0373,ORD_0373,52751.00,INR,card,Visa,domestic,2026-08-29T13:41:00+00:00,817.64,147.18,captured
PAY_0374,ORD_0374,15608.00,INR,card,Visa,domestic,2026-08-29T14:28:00+00:00,241.92,43.55,captured
PAY_0375,ORD_0375,29983.00,INR,card,Mastercard,domestic,2026-08-29T15:15:00+00:00,464.74,83.65,captured
PAY_0376,ORD_0376,5184.00,INR,card,Visa,domestic,2026-08-29T16:02:00+00:00,80.35,14.46,captured
PAY_0377,ORD_0377,81822.00,INR,card,Visa,domestic,2026-08-29T16:49:00+00:00,1268.24,228.28,captured
PAY_0378,ORD_0378,71244.00,INR,card,Mastercard,domestic,2026-08-29T17:36:00+00:00,1104.28,198.77,captured
PAY_0379,ORD_0379,37085.00,INR,card,Visa,domestic,2026-08-29T18:23:00+00:00,574.82,103.47,captured
PAY_0380,ORD_0380,66527.00,INR,card,Visa,domestic,2026-08-29T19:10:00+00:00,1031.17,185.61,captured
PAY_0381,ORD_0381,19690.00,INR,card,Mastercard,domestic,2026-08-29T19:57:00+00:00,305.20,54.94,captured
PAY_0382,ORD_0382,22206.00,INR,card,Visa,domestic,2026-08-29T20:44:00+00:00,344.19,61.95,captured
PAY_0383,ORD_0383,21896.00,INR,card,Visa,domestic,2026-08-29T21:31:00+00:00,339.39,61.09,captured
PAY_0384,ORD_0384,38633.00,INR,card,Mastercard,domestic,2026-08-29T22:18:00+00:00,598.81,107.79,captured
PAY_0385,ORD_0385,41424.00,INR,card,Visa,domestic,2026-08-29T23:05:00+00:00,642.07,115.57,captured
PAY_0386,ORD_0386,52029.00,INR,card,Visa,domestic,2026-08-29T23:52:00+00:00,806.45,145.16,captured
PAY_0387,ORD_0387,13891.00,INR,card,Mastercard,domestic,2026-08-30T00:39:00+00:00,215.31,38.76,captured
PAY_0388,ORD_0388,17069.00,INR,card,Visa,domestic,2026-08-30T01:26:00+00:00,264.57,47.62,captured
PAY_0389,ORD_0389,63313.00,INR,card,Visa,domestic,2026-08-30T02:13:00+00:00,981.35,176.64,captured
PAY_0390,ORD_0390,79798.00,INR,card,Mastercard,domestic,2026-08-30T03:00:00+00:00,1236.87,222.64,captured
PAY_0391,ORD_0391,80534.00,INR,card,Visa,domestic,2026-08-30T03:47:00+00:00,1248.28,224.69,captured
PAY_0392,ORD_0392,8335.00,INR,card,Visa,domestic,2026-08-30T04:34:00+00:00,129.19,23.25,captured
PAY_0393,ORD_0393,2442.00,INR,card,Mastercard,domestic,2026-08-30T05:21:00+00:00,37.85,6.81,captured
PAY_0394,ORD_0394,15233.00,INR,card,Visa,domestic,2026-08-30T06:08:00+00:00,236.11,42.50,captured
PAY_0395,ORD_0395,10322.00,INR,card,Visa,domestic,2026-08-30T06:55:00+00:00,159.99,28.80,captured
PAY_0396,ORD_0396,28841.00,INR,card,Mastercard,domestic,2026-08-30T07:42:00+00:00,447.04,80.47,captured
PAY_0397,ORD_0397,73017.00,INR,card,Visa,domestic,2026-08-30T08:29:00+00:00,1131.76,203.72,captured
PAY_0398,ORD_0398,28173.00,INR,card,Visa,domestic,2026-08-30T09:16:00+00:00,436.68,78.60,captured
PAY_0399,ORD_0399,37755.00,INR,card,Mastercard,domestic,2026-08-30T10:03:00+00:00,585.20,105.34,captured
PAY_0400,ORD_0400,54976.00,INR,card,Visa,domestic,2026-08-30T10:50:00+00:00,852.13,153.38,captured
PAY_0401,ORD_0401,71952.00,INR,card,Visa,domestic,2026-08-30T11:37:00+00:00,1115.26,200.75,captured
PAY_0402,ORD_0402,886.00,INR,card,Mastercard,domestic,2026-08-30T12:24:00+00:00,13.73,2.47,captured
PAY_0403,ORD_0403,18034.00,INR,card,Visa,domestic,2026-08-30T13:11:00+00:00,279.53,50.32,captured
PAY_0404,ORD_0404,28514.00,INR,card,Visa,domestic,2026-08-30T13:58:00+00:00,441.97,79.55,captured
PAY_0405,ORD_0405,23964.00,INR,card,Mastercard,domestic,2026-08-30T14:45:00+00:00,371.44,66.86,captured
PAY_0406,ORD_0406,75034.00,INR,card,Visa,domestic,2026-08-30T15:32:00+00:00,1163.03,209.35,captured
PAY_0407,ORD_0407,49705.00,INR,card,Visa,domestic,2026-08-30T16:19:00+00:00,770.43,138.68,captured
PAY_0408,ORD_0408,49876.00,INR,card,Mastercard,domestic,2026-08-30T17:06:00+00:00,773.08,139.15,captured
PAY_0409,ORD_0409,52495.00,INR,card,Visa,domestic,2026-08-30T17:53:00+00:00,813.67,146.46,captured
PAY_0410,ORD_0410,47358.00,INR,card,Visa,domestic,2026-08-30T18:40:00+00:00,734.05,132.13,captured
PAY_0411,ORD_0411,23932.00,INR,card,Mastercard,domestic,2026-08-30T19:27:00+00:00,370.95,66.77,captured
PAY_0412,ORD_0412,4528.00,INR,card,Visa,domestic,2026-08-30T20:14:00+00:00,70.18,12.63,captured
PAY_0413,ORD_0413,39367.00,INR,card,Visa,domestic,2026-08-30T21:01:00+00:00,610.19,109.83,captured
PAY_0414,ORD_0414,43121.00,INR,card,Mastercard,domestic,2026-08-30T21:48:00+00:00,668.38,120.31,captured
PAY_0415,ORD_0415,71740.00,INR,card,Visa,domestic,2026-08-30T22:35:00+00:00,1111.97,200.15,captured
PAY_0416,ORD_0416,65650.00,INR,card,Visa,domestic,2026-08-30T23:22:00+00:00,1017.58,183.16,captured
PAY_0417,ORD_0417,26565.00,INR,card,Mastercard,domestic,2026-08-31T00:09:00+00:00,411.76,74.12,captured
PAY_0418,ORD_0418,5530.00,INR,card,Visa,domestic,2026-08-31T00:56:00+00:00,85.72,15.43,captured
PAY_0419,ORD_0419,47304.00,INR,card,Visa,domestic,2026-08-31T01:43:00+00:00,733.21,131.98,captured
PAY_0420,ORD_0420,79407.00,INR,card,Mastercard,domestic,2026-08-31T02:30:00+00:00,1230.81,221.55,captured
PAY_0421,ORD_0421,25512.00,INR,card,Visa,domestic,2026-08-31T03:17:00+00:00,395.44,71.18,captured
PAY_0422,ORD_0422,12530.00,INR,card,Visa,domestic,2026-08-31T04:04:00+00:00,194.22,34.96,captured
PAY_0423,ORD_0423,41575.00,INR,card,Mastercard,domestic,2026-08-31T04:51:00+00:00,644.41,115.99,captured
PAY_0424,ORD_0424,850.00,INR,card,Visa,domestic,2026-08-31T05:38:00+00:00,13.18,2.37,captured
PAY_0425,ORD_0425,35904.00,INR,card,Visa,domestic,2026-08-31T06:25:00+00:00,556.51,100.17,captured
PAY_0426,ORD_0426,16884.00,INR,card,Mastercard,domestic,2026-08-31T07:12:00+00:00,261.70,47.11,captured
PAY_0427,ORD_0427,52615.00,INR,card,Visa,domestic,2026-08-31T07:59:00+00:00,815.53,146.80,captured
PAY_0428,ORD_0428,32956.00,INR,card,Visa,domestic,2026-08-31T08:46:00+00:00,510.82,91.95,captured
PAY_0429,ORD_0429,18873.00,INR,card,Mastercard,domestic,2026-08-31T09:33:00+00:00,292.53,52.66,captured
PAY_0430,ORD_0430,80140.00,INR,card,Visa,domestic,2026-08-31T10:20:00+00:00,1242.17,223.59,captured
PAY_0431,ORD_0431,77957.00,INR,card,Visa,domestic,2026-08-31T11:07:00+00:00,1208.33,217.50,captured
PAY_0432,ORD_0432,10705.00,INR,card,Mastercard,domestic,2026-08-31T11:54:00+00:00,165.93,29.87,captured
PAY_0433,ORD_0433,49717.00,INR,card,Visa,domestic,2026-08-31T12:41:00+00:00,770.61,138.71,captured
PAY_0434,ORD_0434,54781.00,INR,card,Visa,domestic,2026-08-31T13:28:00+00:00,849.11,152.84,captured
PAY_0435,ORD_0435,21154.00,INR,card,Mastercard,domestic,2026-08-31T14:15:00+00:00,327.89,59.02,captured
PAY_0436,ORD_0436,4111.00,INR,card,Visa,domestic,2026-08-31T15:02:00+00:00,63.72,11.47,captured
PAY_0437,ORD_0437,34406.00,INR,card,Visa,domestic,2026-08-31T15:49:00+00:00,533.29,95.99,captured
PAY_0438,ORD_0438,23075.00,INR,card,Mastercard,domestic,2026-08-31T16:36:00+00:00,357.66,64.38,captured
PAY_0439,ORD_0439,57191.00,INR,card,Visa,domestic,2026-08-31T17:23:00+00:00,886.46,159.56,captured
PAY_0440,ORD_0440,77714.00,INR,card,Visa,domestic,2026-08-31T18:10:00+00:00,1204.57,216.82,captured
PAY_0441,ORD_0441,59546.00,INR,card,Mastercard,domestic,2026-08-31T18:57:00+00:00,922.96,166.13,captured
PAY_0442,ORD_0442,13267.00,INR,card,Visa,domestic,2026-08-31T19:44:00+00:00,205.64,37.02,captured
PAY_0443,ORD_0443,52438.00,INR,card,Visa,domestic,2026-08-31T20:31:00+00:00,812.79,146.30,captured
PAY_0444,ORD_0444,63255.00,INR,card,Mastercard,domestic,2026-08-31T21:18:00+00:00,980.45,176.48,captured
PAY_0445,ORD_0445,77898.00,INR,card,Visa,domestic,2026-08-31T22:05:00+00:00,1207.42,217.34,captured
PAY_0446,ORD_0446,45475.00,INR,card,Visa,domestic,2026-08-31T22:52:00+00:00,704.86,126.87,captured
PAY_0447,ORD_0447,81553.00,INR,card,Mastercard,domestic,2026-08-31T23:39:00+00:00,1264.07,227.53,captured
PAY_0448,ORD_0448,32266.00,INR,card,Visa,domestic,2026-09-01T00:26:00+00:00,500.12,90.02,captured
PAY_0449,ORD_0449,60140.00,INR,card,Visa,domestic,2026-09-01T01:13:00+00:00,932.17,167.79,captured
PAY_0450,ORD_0450,15022.00,INR,card,Mastercard,domestic,2026-09-01T02:00:00+00:00,232.84,41.91,captured
PAY_0451,ORD_0451,83328.00,INR,card,Visa,domestic,2026-09-01T02:47:00+00:00,1291.58,232.48,captured
PAY_0452,ORD_0452,42428.00,INR,card,Visa,domestic,2026-09-01T03:34:00+00:00,657.63,118.37,captured
PAY_0453,ORD_0453,46447.00,INR,card,Mastercard,domestic,2026-09-01T04:21:00+00:00,719.93,129.59,captured
PAY_0454,ORD_0454,12399.00,INR,card,Visa,domestic,2026-09-01T05:08:00+00:00,192.18,34.59,captured
PAY_0455,ORD_0455,46311.00,INR,card,Visa,domestic,2026-09-01T05:55:00+00:00,717.82,129.21,captured
PAY_0456,ORD_0456,45620.00,INR,card,Mastercard,domestic,2026-09-01T06:42:00+00:00,707.11,127.28,captured
PAY_0457,ORD_0457,10593.00,INR,card,Visa,domestic,2026-09-01T07:29:00+00:00,164.19,29.55,captured
PAY_0458,ORD_0458,64007.00,INR,card,Visa,domestic,2026-09-01T08:16:00+00:00,992.11,178.58,captured
PAY_0459,ORD_0459,909.00,INR,card,Mastercard,domestic,2026-09-01T09:03:00+00:00,14.09,2.54,captured
PAY_0460,ORD_0460,28726.00,INR,card,Visa,domestic,2026-09-01T09:50:00+00:00,445.25,80.15,captured
PAY_0461,ORD_0461,17344.00,INR,card,Visa,domestic,2026-09-01T10:37:00+00:00,268.83,48.39,captured
PAY_0462,ORD_0462,48307.00,INR,card,Mastercard,domestic,2026-09-01T11:24:00+00:00,748.76,134.78,captured
PAY_0463,ORD_0463,36402.00,INR,card,Visa,domestic,2026-09-01T12:11:00+00:00,564.23,101.56,captured
PAY_0464,ORD_0464,23830.00,INR,card,Visa,domestic,2026-09-01T12:58:00+00:00,369.37,66.49,captured
PAY_0465,ORD_0465,59574.00,INR,card,Mastercard,domestic,2026-09-01T13:45:00+00:00,923.40,166.21,captured
PAY_0466,ORD_0466,34146.00,INR,card,Visa,domestic,2026-09-01T14:32:00+00:00,529.26,95.27,captured
PAY_0467,ORD_0467,50004.00,INR,card,Visa,domestic,2026-09-01T15:19:00+00:00,775.06,139.51,captured
PAY_0468,ORD_0468,8157.00,INR,card,Mastercard,domestic,2026-09-01T16:06:00+00:00,126.43,22.76,captured
PAY_0469,ORD_0469,10915.00,INR,card,Visa,domestic,2026-09-01T16:53:00+00:00,169.18,30.45,captured
PAY_0470,ORD_0470,62333.00,INR,card,Visa,domestic,2026-09-01T17:40:00+00:00,966.16,173.91,captured
PAY_0471,ORD_0471,77967.00,INR,card,Mastercard,domestic,2026-09-01T18:27:00+00:00,1208.49,217.53,captured
PAY_0472,ORD_0472,36016.00,INR,card,Visa,domestic,2026-09-01T19:14:00+00:00,558.25,100.49,captured
PAY_0473,ORD_0473,78563.00,INR,card,Visa,domestic,2026-09-01T20:01:00+00:00,1217.73,219.19,captured
PAY_0474,ORD_0474,43774.00,INR,card,Mastercard,domestic,2026-09-01T20:48:00+00:00,678.50,122.13,captured
PAY_0475,ORD_0475,30848.00,INR,card,Visa,domestic,2026-09-01T21:35:00+00:00,478.14,86.07,captured
PAY_0476,ORD_0476,43821.00,INR,card,Visa,domestic,2026-09-01T22:22:00+00:00,679.23,122.26,captured
PAY_0477,ORD_0477,9739.00,INR,card,Mastercard,domestic,2026-09-01T23:09:00+00:00,150.95,27.17,captured
PAY_0478,ORD_0478,9012.00,INR,card,Visa,domestic,2026-09-01T23:56:00+00:00,139.69,25.14,captured
PAY_0479,ORD_0479,18900.00,INR,card,Visa,domestic,2026-09-02T00:43:00+00:00,292.95,52.73,captured
PAY_0480,ORD_0480,39124.00,INR,card,Mastercard,domestic,2026-09-02T01:30:00+00:00,606.42,109.16,captured
PAY_0481,ORD_0481,34949.00,INR,card,Visa,domestic,2026-09-02T02:17:00+00:00,541.71,97.51,captured
PAY_0482,ORD_0482,29606.00,INR,card,Visa,domestic,2026-09-02T03:04:00+00:00,458.89,82.60,captured
PAY_0483,ORD_0483,47165.00,INR,card,Mastercard,domestic,2026-09-02T03:51:00+00:00,731.06,131.59,captured
PAY_0484,ORD_0484,74043.00,INR,card,Visa,domestic,2026-09-02T04:38:00+00:00,1147.67,206.58,captured
PAY_0485,ORD_0485,37312.00,INR,card,Visa,domestic,2026-09-02T05:25:00+00:00,578.34,104.10,captured
PAY_0486,ORD_0486,23775.00,INR,card,Mastercard,domestic,2026-09-02T06:12:00+00:00,368.51,66.33,captured
PAY_0487,ORD_0487,77117.00,INR,card,Visa,domestic,2026-09-02T06:59:00+00:00,1195.31,215.16,captured
PAY_0488,ORD_0488,2456.00,INR,card,Visa,domestic,2026-09-02T07:46:00+00:00,38.07,6.85,captured
PAY_0489,ORD_0489,57459.00,INR,card,Mastercard,domestic,2026-09-02T08:33:00+00:00,890.61,160.31,captured
PAY_0490,ORD_0490,67077.00,INR,card,Visa,domestic,2026-09-02T09:20:00+00:00,1039.69,187.14,captured
PAY_0491,ORD_0491,3256.00,INR,card,Visa,domestic,2026-09-02T10:07:00+00:00,50.47,9.08,captured
PAY_0492,ORD_0492,56361.00,INR,card,Mastercard,domestic,2026-09-02T10:54:00+00:00,873.60,157.25,captured
PAY_0493,ORD_0493,3021.00,INR,card,Visa,domestic,2026-09-02T11:41:00+00:00,46.83,8.43,captured
PAY_0494,ORD_0494,16251.00,INR,card,Visa,domestic,2026-09-02T12:28:00+00:00,251.89,45.34,captured
PAY_0495,ORD_0495,34166.00,INR,card,Mastercard,domestic,2026-09-02T13:15:00+00:00,529.57,95.32,captured
PAY_0496,ORD_0496,54036.00,INR,card,Visa,domestic,2026-09-02T14:02:00+00:00,837.56,150.76,captured
PAY_0497,ORD_0497,39289.00,INR,card,Visa,domestic,2026-09-02T14:49:00+00:00,608.98,109.62,captured
PAY_0498,ORD_0498,31495.00,INR,card,Mastercard,domestic,2026-09-02T15:36:00+00:00,488.17,87.87,captured
PAY_0499,ORD_0499,52387.00,INR,card,Visa,domestic,2026-09-02T16:23:00+00:00,812.00,146.16,captured
