settlement_id,payment_id,gross_amount,fee,tax,refund_adjustment,other_adjustment,net_amount,settled_at
SET_000,PAY_82HD9,10000.00,175.00,31.50,0,0,9793.50,2026-08-19T09:30:00+00:00
SET_000,PAY_0001,9992.00,174.86,31.47,0,0,9785.67,2026-08-19T10:17:00+00:00
SET_000,PAY_0002,36394.00,636.90,114.64,0,0,35642.46,2026-08-19T11:04:00+00:00
SET_000,PAY_0003,84375.00,1476.56,265.78,0,0,82632.66,2026-08-19T11:51:00+00:00
SET_000,PAY_0004,24804.00,434.07,78.13,0,0,24291.80,2026-08-19T12:38:00+00:00
SET_000,PAY_0005,45003.00,787.55,141.76,0,0,44073.69,2026-08-19T13:25:00+00:00
SET_001,PAY_0006,56882.00,995.44,179.18,0,0,55707.38,2026-08-19T14:12:00+00:00
SET_001,PAY_0007,10762.00,188.34,33.90,0,0,10539.76,2026-08-19T14:59:00+00:00
SET_001,PAY_0008,1427.00,24.97,4.49,0,0,1397.54,2026-08-19T15:46:00+00:00
SET_001,PAY_0009,26120.00,457.10,82.28,0,0,25580.62,2026-08-19T16:33:00+00:00
SET_001,PAY_0010,37319.00,653.08,117.55,0,0,36548.37,2026-08-19T17:20:00+00:00
SET_001,PAY_0011,42602.00,745.54,134.20,0,0,41722.26,2026-08-19T18:07:00+00:00
SET_002,PAY_0012,13265.00,232.14,41.79,0,0,12991.07,2026-08-19T18:54:00+00:00
SET_002,PAY_0013,7573.00,132.53,23.86,0,0,7416.61,2026-08-19T19:41:00+00:00
SET_002,PAY_0014,46255.00,809.46,145.70,0,0,45299.84,2026-08-19T20:28:00+00:00
SET_002,PAY_0015,30309.00,530.41,95.47,0,0,29683.12,2026-08-19T21:15:00+00:00
SET_002,PAY_0016,21294.00,372.65,67.08,0,0,20854.27,2026-08-19T22:02:00+00:00
SET_002,PAY_0017,61401.00,1074.52,193.41,0,0,60133.07,2026-08-19T22:49:00+00:00
SET_003,PAY_0018,34166.00,597.91,107.62,0,0,33460.47,2026-08-19T23:36:00+00:00
SET_003,PAY_0019,23440.00,410.20,73.84,0,0,22955.96,2026-08-20T00:23:00+00:00
SET_003,PAY_0020,12726.00,222.71,40.09,0,0,12463.20,2026-08-20T01:10:00+00:00
SET_003,PAY_0021,58853.00,1029.93,185.39,0,0,57637.68,2026-08-20T01:57:00+00:00
SET_003,PAY_0022,14125.00,247.19,44.49,0,0,13833.32,2026-08-20T02:44:00+00:00
SET_003,PAY_0023,82300.00,1440.25,259.25,0,0,80600.50,2026-08-20T03:31:00+00:00
SET_004,PAY_0024,74199.00,1298.48,233.73,0,0,72666.79,2026-08-20T04:18:00+00:00
SET_004,PAY_0025,66043.00,1023.67,204.73,0,0,64814.60,2026-08-20T05:05:00+00:00
SET_004,PAY_0026,41711.00,646.52,129.30,0,0,40935.18,2026-08-20T05:52:00+00:00
SET_004,PAY_0027,19050.00,295.28,59.06,0,0,18695.66,2026-08-20T06:39:00+00:00
SET_004,PAY_0028,62669.00,971.37,194.27,0,0,61503.36,2026-08-20T07:26:00+00:00
SET_004,PAY_0029,56680.00,878.54,175.71,0,0,55625.75,2026-08-20T08:13:00+00:00
SET_005,PAY_0030,44927.00,696.37,139.27,0,0,44091.36,2026-08-20T09:00:00+00:00
SET_005,PAY_0031,5774.00,89.50,17.90,0,0,5666.60,2026-08-20T09:47:00+00:00
SET_005,PAY_0032,76167.00,1180.59,236.12,0,0,74750.29,2026-08-20T10:34:00+00:00
SET_005,PAY_0033,3649.00,56.56,10.18,1459.60,0,2122.66,2026-08-20T11:21:00+00:00
SET_005,PAY_0034,72062.00,1116.96,201.05,5000.00,0,65743.99,2026-08-20T12:08:00+00:00
SET_005,PAY_0035,18758.00,290.75,52.34,5000.00,0,13414.91,2026-08-20T12:55:00+00:00
SET_1042,PAY_0036,74129.00,1149.00,206.82,5000.00,0,67773.18,2026-08-20T13:42:00+00:00
SET_1042,PAY_0037,36053.00,558.82,100.59,5000.00,0,30393.59,2026-08-20T14:29:00+00:00
SET_1042,PAY_0038,38480.00,596.44,107.36,0,0,37776.20,2026-08-25T15:16:00+00:00
SET_1042,PAY_0039,58912.00,913.14,164.37,0,0,57834.49,2026-08-25T16:03:00+00:00
SET_1042,PAY_0040,83665.00,1296.81,233.43,0,0,82134.76,2026-08-25T16:50:00+00:00
SET_1042,PAY_0041,13127.00,203.47,36.62,0,0,12886.91,2026-08-25T17:37:00+00:00
SET_007,PAY_0042,47861.00,741.85,133.53,0,0,46985.62,2026-08-25T18:24:00+00:00
SET_007,PAY_0043,39365.00,610.16,109.83,0,0,38645.01,2026-08-25T19:11:00+00:00
SET_007,PAY_0044,46139.00,715.15,128.73,0,0,45295.12,2026-08-25T19:58:00+00:00
SET_007,PAY_0045,37964.00,588.44,105.92,0,0,37269.64,2026-08-25T20:45:00+00:00
SET_007,PAY_0046,48980.00,759.19,136.65,0,0,48084.16,2026-08-25T21:32:00+00:00
SET_007,PAY_0047,60415.00,936.43,168.56,0,0,59310.01,2026-08-25T22:19:00+00:00
SET_008,PAY_0048,46583.00,722.04,129.97,0,49.00,45681.99,2026-08-20T23:06:00+00:00
SET_008,PAY_0049,26326.00,408.05,73.45,0,49.00,25795.50,2026-08-20T23:53:00+00:00
SET_008,PAY_0050,2116.00,32.80,5.90,0,49.00,2028.30,2026-08-21T00:40:00+00:00
SET_008,PAY_0051,70431.00,1091.68,196.50,0,49.00,69093.82,2026-08-21T01:27:00+00:00
SET_008,PAY_0052,60564.00,938.74,168.97,0,49.00,59407.29,2026-08-21T02:14:00+00:00
SET_008,PAY_0053,78371.00,1214.75,218.66,0,49.00,76888.59,2026-08-21T03:01:00+00:00
SET_009,PAY_0054,8131.00,126.03,22.69,0,49.00,7933.28,2026-08-21T03:48:00+00:00
SET_009,PAY_0055,76531.00,1186.23,213.52,0,49.00,75082.25,2026-08-21T04:35:00+00:00
SET_009,PAY_0056,82661.00,1281.25,230.63,0,0,81149.12,2026-08-21T05:22:00+00:00
SET_009,PAY_0057,16978.00,263.16,47.37,0,0,16667.47,2026-08-21T06:09:00+00:00
SET_009,PAY_0058,54905.00,851.03,153.19,0,0,53900.78,2026-08-21T06:56:00+00:00
SET_009,PAY_0059,16777.00,260.04,46.81,0,0,16470.15,2026-08-21T07:43:00+00:00
SET_010,PAY_0060,77935.00,1207.99,217.44,0,0,76509.57,2026-08-21T08:30:00+00:00
SET_010,PAY_0061,48106.00,745.64,134.22,0,0,47226.14,2026-08-21T09:17:00+00:00
SET_010,PAY_0062,1397.00,21.65,3.90,0,0,1371.45,2026-08-21T10:04:00+00:00
SET_010,PAY_0063,38237.00,592.67,106.68,0,0,37537.65,2026-08-21T10:51:00+00:00
SET_010,PAY_0064,52924.00,820.32,147.66,0,0,51956.02,2026-08-21T11:38:00+00:00
SET_010,PAY_0065,51358.00,796.05,143.29,0,0,50418.66,2026-08-21T12:25:00+00:00
SET_011,PAY_0066,77142.00,1195.70,215.23,0,0,75731.07,2026-08-21T13:12:00+00:00
SET_011,PAY_0067,65106.00,1009.14,181.65,0,0,63915.21,2026-08-21T13:59:00+00:00
SET_011,PAY_0068,76391.00,1184.06,213.13,0,0,74993.81,2026-08-21T14:46:00+00:00
SET_011,PAY_0069,57763.00,895.33,161.16,0,0,56706.51,2026-08-21T15:33:00+00:00
SET_011,PAY_0070,79804.00,1236.96,222.65,0,0,78344.39,2026-08-21T16:20:00+00:00
SET_011,PAY_0071,61427.00,952.12,171.38,0,0,60303.50,2026-08-21T17:07:00+00:00
SET_012,PAY_0072,74097.00,1148.50,206.73,0,0,72741.77,2026-08-21T17:54:00+00:00
SET_012,PAY_0073,29405.00,455.78,82.04,0,0,28867.18,2026-08-21T18:41:00+00:00
SET_012,PAY_0074,32116.00,497.80,89.60,0,0,31528.60,2026-08-21T19:28:00+00:00
SET_012,PAY_0075,74496.00,1154.69,207.84,0,0,73133.47,2026-08-21T20:15:00+00:00
SET_012,PAY_0076,4484.00,69.50,12.51,0,0,4401.99,2026-08-21T21:02:00+00:00
SET_012,PAY_0077,47721.00,739.68,133.14,0,0,46848.18,2026-08-21T21:49:00+00:00
SET_013,PAY_0078,32826.00,508.80,91.58,0,0,32225.62,2026-08-21T22:36:00+00:00
SET_013,PAY_0079,68066.00,1055.02,189.90,0,0,66821.08,2026-08-21T23:23:00+00:00
SET_013,PAY_0080,58161.00,901.50,162.27,0,0,57097.23,2026-08-24T00:10:00+00:00
SET_013,PAY_0081,10297.00,159.60,28.73,0,0,10108.67,2026-08-24T00:57:00+00:00
SET_013,PAY_0082,9599.00,148.78,26.78,0,0,9423.44,2026-08-24T01:44:00+00:00
SET_013,PAY_0083,54661.00,847.25,152.51,0,0,53661.24,2026-08-24T02:31:00+00:00
SET_014,PAY_0084,55236.00,856.16,154.11,0,0,54225.73,2026-08-24T03:18:00+00:00
SET_014,PAY_0085,68307.00,1058.76,190.58,0,0,67057.66,2026-08-24T04:05:00+00:00
SET_014,PAY_0086,41228.00,639.03,115.03,0,0,40473.94,2026-08-24T04:52:00+00:00
SET_014,PAY_0087,26490.00,410.60,73.91,0,0,26005.49,2026-08-24T05:39:00+00:00
SET_014,PAY_0088,17141.00,265.69,47.82,0,0,16827.49,2026-08-24T06:26:00+00:00
SET_014,PAY_0089,32743.00,507.52,91.35,0,0,32144.13,2026-08-24T07:13:00+00:00
SET_015,PAY_0090,84311.00,1306.82,235.23,0,0,82768.95,2026-08-24T08:00:00+00:00
SET_015,PAY_0091,44222.00,685.44,123.38,0,0,43413.18,2026-08-24T08:47:00+00:00
SET_015,PAY_0092,49591.00,768.66,138.36,0,0,48683.98,2026-08-24T09:34:00+00:00
SET_015,PAY_0093,69819.00,1082.19,194.79,0,0,68542.02,2026-08-24T10:21:00+00:00
SET_015,PAY_0094,73773.00,1143.48,205.83,0,0,72423.69,2026-08-24T11:08:00+00:00
SET_015,PAY_0095,41458.00,642.60,115.67,0,0,40699.73,2026-08-24T11:55:00+00:00
SET_016,PAY_0096,56220.00,871.41,156.85,0,0,55191.74,2026-08-24T12:42:00+00:00
SET_016,PAY_0097,58893.00,912.84,164.31,0,0,57815.85,2026-08-24T13:29:00+00:00
SET_016,PAY_0098,49393.00,765.59,137.81,0,0,48489.60,2026-08-24T14:16:00+00:00
SET_016,PAY_0099,32022.00,496.34,89.34,0,0,31436.32,2026-08-24T15:03:00+00:00
SET_016,PAY_0100,51280.00,794.84,143.07,0,0,50342.09,2026-08-24T15:50:00+00:00
SET_016,PAY_0101,47889.00,742.28,133.61,0,0,47013.11,2026-08-24T16:37:00+00:00
SET_017,PAY_0102,74822.00,1159.74,208.75,0,0,73453.51,2026-08-24T17:24:00+00:00
SET_017,PAY_0103,29961.00,464.40,83.59,0,0,29413.01,2026-08-24T18:11:00+00:00
SET_017,PAY_0104,44683.00,692.59,124.67,0,0,43865.74,2026-08-24T18:58:00+00:00
SET_017,PAY_0105,78105.00,1210.63,217.91,0,0,76676.46,2026-08-24T19:45:00+00:00
SET_017,PAY_0106,73815.00,1144.13,205.94,0,0,72464.93,2026-08-24T20:32:00+00:00
SET_017,PAY_0107,24877.00,385.59,69.41,0,0,24422.00,2026-08-24T21:19:00+00:00
SET_018,PAY_0108,42341.00,656.29,118.13,0,0,41566.58,2026-08-24T22:06:00+00:00
SET_018,PAY_0109,78450.00,1215.98,218.88,0,0,77015.14,2026-08-24T22:53:00+00:00
SET_018,PAY_0110,18858.00,292.30,52.61,0,0,18513.09,2026-08-24T23:40:00+00:00
SET_018,PAY_0111,66242.00,1026.75,184.82,0,0,65030.43,2026-08-25T00:27:00+00:00
SET_018,PAY_0112,76403.00,1184.25,213.17,0,0,75005.58,2026-08-25T01:14:00+00:00
SET_018,PAY_0113,17881.00,277.16,49.89,0,0,17553.95,2026-08-25T02:01:00+00:00
SET_019,PAY_0114,36241.00,561.74,101.11,0,0,35578.15,2026-08-25T02:48:00+00:00
SET_019,PAY_0115,14842.00,230.05,41.41,0,0,14570.54,2026-08-25T03:35:00+00:00
SET_019,PAY_0116,44056.00,682.87,122.92,0,0,43250.21,2026-08-25T04:22:00+00:00
SET_019,PAY_0117,55143.00,854.72,153.85,0,0,54134.43,2026-08-25T05:09:00+00:00
SET_019,PAY_0118,55603.00,861.85,155.13,0,0,54586.02,2026-08-25T05:56:00+00:00
SET_019,PAY_0119,33789.00,523.73,94.27,0,0,33171.00,2026-08-25T06:43:00+00:00
SET_020,PAY_0120,64383.00,997.94,179.63,0,0,63205.43,2026-08-25T07:30:00+00:00
SET_020,PAY_0121,52889.00,819.78,147.56,0,0,51921.66,2026-08-25T08:17:00+00:00
SET_020,PAY_0122,9289.00,143.98,25.92,0,0,9119.10,2026-08-25T09:04:00+00:00
SET_020,PAY_0123,77342.00,1198.80,215.78,0,0,75927.42,2026-08-25T09:51:00+00:00
SET_020,PAY_0124,4587.00,71.10,12.80,0,0,4503.10,2026-08-25T10:38:00+00:00
SET_020,PAY_0125,14966.00,231.97,41.75,0,0,14692.28,2026-08-25T11:25:00+00:00
SET_021,PAY_0126,1342.00,20.80,3.74,0,0,1317.46,2026-08-25T12:12:00+00:00
SET_021,PAY_0127,37905.00,587.53,105.76,0,0,37211.71,2026-08-25T12:59:00+00:00
SET_021,PAY_0128,30175.00,467.71,84.19,0,0,29623.10,2026-08-25T13:46:00+00:00
SET_021,PAY_0129,5661.00,87.75,15.80,0,0,5557.45,2026-08-25T14:33:00+00:00
SET_021,PAY_0130,8310.00,128.81,23.19,0,0,8158.00,2026-08-25T15:20:00+00:00
SET_021,PAY_0131,2527.00,39.17,7.05,0,0,2480.78,2026-08-25T16:07:00+00:00
SET_022,PAY_0132,57434.00,890.23,160.24,0,0,56383.53,2026-08-25T16:54:00+00:00
SET_022,PAY_0133,78091.00,1210.41,217.87,0,0,76662.72,2026-08-25T17:41:00+00:00
SET_022,PAY_0134,47571.00,737.35,132.72,0,0,46700.93,2026-08-25T18:28:00+00:00
SET_022,PAY_0135,19878.00,308.11,55.46,0,0,19514.43,2026-08-25T19:15:00+00:00
SET_022,PAY_0136,43713.00,677.55,121.96,0,0,42913.49,2026-08-25T20:02:00+00:00
SET_022,PAY_0137,67376.00,1044.33,187.98,0,0,66143.69,2026-08-25T20:49:00+00:00
SET_023,PAY_0138,2981.00,46.21,8.32,0,0,2926.47,2026-08-25T21:36:00+00:00
SET_023,PAY_0139,7087.00,109.85,19.77,0,0,6957.38,2026-08-25T22:23:00+00:00
SET_023,PAY_0140,18765.00,290.86,52.35,0,0,18421.79,2026-08-25T23:10:00+00:00
SET_023,PAY_0141,8860.00,137.33,24.72,0,0,8697.95,2026-08-25T23:57:00+00:00
SET_023,PAY_0142,14546.00,225.46,40.58,0,0,14279.96,2026-08-25T00:44:00+00:00
SET_023,PAY_0143,84326.00,1307.05,235.27,0,0,82783.68,2026-08-25T01:31:00+00:00
SET_024,PAY_0144,9728.00,150.78,27.14,0,0,9550.08,2026-08-25T02:18:00+00:00
SET_024,PAY_0145,42501.00,658.77,118.58,0,0,41723.65,2026-08-25T03:05:00+00:00
SET_024,PAY_0146,83987.00,1301.80,234.32,0,0,82450.88,2026-08-25T03:52:00+00:00
SET_024,PAY_0147,29128.00,451.48,81.27,0,0,28595.25,2026-08-25T04:39:00+00:00
SET_024,PAY_0148,32204.00,499.16,89.85,0,0,31614.99,2026-08-25T05:26:00+00:00
SET_024,PAY_0149,3175.00,49.21,8.86,0,0,3116.93,2026-08-25T06:13:00+00:00
SET_025,PAY_0150,55349.00,857.91,154.42,0,0,54336.67,2026-08-25T07:00:00+00:00
SET_025,PAY_0151,22616.00,350.55,63.10,0,0,22202.35,2026-08-25T07:47:00+00:00
SET_025,PAY_0152,55875.00,866.06,155.89,0,0,54853.05,2026-08-25T08:34:00+00:00
SET_025,PAY_0153,1912.00,29.64,5.34,0,0,1877.02,2026-08-25T09:21:00+00:00
SET_025,PAY_0154,8829.00,136.85,24.63,0,0,8667.52,2026-08-25T10:08:00+00:00
SET_025,PAY_0155,51105.00,792.13,142.58,0,0,50170.29,2026-08-25T10:55:00+00:00
SET_026,PAY_0156,53608.00,830.92,149.57,0,0,52627.51,2026-08-25T11:42:00+00:00
SET_026,PAY_0157,65652.00,1017.61,183.17,0,0,64451.22,2026-08-25T12:29:00+00:00
SET_026,PAY_0158,64434.00,998.73,179.77,0,0,63255.50,2026-08-25T13:16:00+00:00
SET_026,PAY_0159,77995.00,1208.92,217.61,0,0,76568.47,2026-08-25T14:03:00+00:00
SET_026,PAY_0160,4630.00,71.77,12.92,0,0,4545.31,2026-08-25T14:50:00+00:00
SET_026,PAY_0161,69554.00,1078.09,194.06,0,0,68281.85,2026-08-25T15:37:00+00:00
SET_027,PAY_0162,78926.00,1223.35,220.20,0,0,77482.45,2026-08-25T16:24:00+00:00
SET_027,PAY_0163,68673.00,1064.43,191.60,0,0,67416.97,2026-08-25T17:11:00+00:00
SET_027,PAY_0164,61002.00,945.53,170.20,0,0,59886.27,2026-08-25T17:58:00+00:00
SET_027,PAY_0165,12478.00,193.41,34.81,0,0,12249.78,2026-08-25T18:45:00+00:00
SET_027,PAY_0166,6925.00,107.34,19.32,0,0,6798.34,2026-08-25T19:32:00+00:00
SET_027,PAY_0167,71999.00,1115.98,200.88,0,0,70682.14,2026-08-25T20:19:00+00:00
SET_028,PAY_0168,64458.00,999.10,179.84,0,0,63279.06,2026-08-25T21:06:00+00:00
SET_028,PAY_0169,65778.00,1019.56,183.52,0,0,64574.92,2026-08-25T21:53:00+00:00
SET_028,PAY_0170,21171.00,328.15,59.07,0,0,20783.78,2026-08-25T22:40:00+00:00
SET_028,PAY_0171,71961.00,1115.40,200.77,0,0,70644.83,2026-08-25T23:27:00+00:00
SET_028,PAY_0172,37332.00,578.65,104.16,0,0,36649.19,2026-08-25T00:14:00+00:00
SET_028,PAY_0173,2626.00,40.70,7.33,0,0,2577.97,2026-08-25T01:01:00+00:00
SET_029,PAY_0174,3100.00,48.05,8.65,0,0,3043.30,2026-08-25T01:48:00+00:00
SET_029,PAY_0175,70634.00,1094.83,197.07,0,0,69342.10,2026-08-25T02:35:00+00:00
SET_029,PAY_0176,3413.00,52.90,9.52,0,0,3350.58,2026-08-25T03:22:00+00:00
SET_029,PAY_0177,24847.00,385.13,69.32,0,0,24392.55,2026-08-25T04:09:00+00:00
SET_029,PAY_0178,47742.00,740.00,133.20,0,0,46868.80,2026-08-25T04:56:00+00:00
SET_029,PAY_0179,53553.00,830.07,149.41,0,0,52573.52,2026-08-25T05:43:00+00:00
SET_030,PAY_0180,75341.00,1167.79,210.20,0,0,73963.01,2026-08-25T06:30:00+00:00
SET_030,PAY_0181,80759.00,1251.76,225.32,0,0,79281.92,2026-08-25T07:17:00+00:00
SET_030,PAY_0182,28050.00,434.78,78.26,0,0,27536.96,2026-08-25T08:04:00+00:00
SET_030,PAY_0183,60192.00,932.98,167.94,0,0,59091.08,2026-08-25T08:51:00+00:00
SET_030,PAY_0184,30065.00,466.01,83.88,0,0,29515.11,2026-08-25T09:38:00+00:00
SET_030,PAY_0185,76869.00,1191.47,214.46,0,0,75463.07,2026-08-25T10:25:00+00:00
SET_031,PAY_0186,2395.00,37.12,6.68,0,0,2351.20,2026-08-25T11:12:00+00:00
SET_031,PAY_0187,59131.00,916.53,164.98,0,0,58049.49,2026-08-25T11:59:00+00:00
SET_031,PAY_0188,11206.00,173.69,31.26,0,0,11001.05,2026-08-25T12:46:00+00:00
SET_031,PAY_0189,52029.00,806.45,145.16,0,0,51077.39,2026-08-25T13:33:00+00:00
SET_031,PAY_0190,54147.00,839.28,151.07,0,0,53156.65,2026-08-25T14:20:00+00:00
SET_031,PAY_0191,56740.00,879.47,158.30,0,0,55702.23,2026-08-25T15:07:00+00:00
SET_032,PAY_0192,48405.00,750.28,135.05,0,0,47519.67,2026-08-25T15:54:00+00:00
SET_032,PAY_0193,25507.00,395.36,71.16,0,0,25040.48,2026-08-25T16:41:00+00:00
SET_032,PAY_0194,67857.00,1051.78,189.32,0,0,66615.90,2026-08-25T17:28:00+00:00
SET_032,PAY_0195,50872.00,788.52,141.93,0,0,49941.55,2026-08-25T18:15:00+00:00
SET_032,PAY_0196,66278.00,1027.31,184.92,0,0,65065.77,2026-08-25T19:02:00+00:00
SET_032,PAY_0197,64615.00,1001.53,180.28,0,0,63433.19,2026-08-25T19:49:00+00:00
SET_033,PAY_0198,75568.00,1171.30,210.83,0,0,74185.87,2026-08-25T20:36:00+00:00
SET_033,PAY_0199,53376.00,827.33,148.92,0,0,52399.75,2026-08-25T21:23:00+00:00
SET_033,PAY_0200,25804.00,399.96,71.99,0,0,25332.05,2026-08-25T22:10:00+00:00
SET_033,PAY_0201,2752.00,42.66,7.68,0,0,2701.66,2026-08-25T22:57:00+00:00
SET_033,PAY_0202,32126.00,497.95,89.63,0,0,31538.42,2026-08-25T23:44:00+00:00
SET_033,PAY_0203,16897.00,261.90,47.14,0,0,16587.96,2026-08-26T00:31:00+00:00
SET_034,PAY_0204,59586.00,923.58,166.24,0,0,58496.18,2026-08-26T01:18:00+00:00
SET_034,PAY_0205,51864.00,803.89,144.70,0,0,50915.41,2026-08-26T02:05:00+00:00
SET_034,PAY_0206,80713.00,1251.05,225.19,0,0,79236.76,2026-08-26T02:52:00+00:00
SET_034,PAY_0207,3634.00,56.33,10.14,0,0,3567.53,2026-08-26T03:39:00+00:00
SET_034,PAY_0208,83929.00,1300.90,234.16,0,0,82393.94,2026-08-26T04:26:00+00:00
SET_034,PAY_0209,943.00,14.62,2.63,0,0,925.75,2026-08-26T05:13:00+00:00
SET_035,PAY_0210,41646.00,645.51,116.19,0,0,40884.30,2026-08-26T06:00:00+00:00
SET_035,PAY_0211,49164.00,762.04,137.17,0,0,48264.79,2026-08-26T06:47:00+00:00
SET_035,PAY_0212,3465.00,53.71,9.67,0,0,3401.62,2026-08-26T07:34:00+00:00
SET_035,PAY_0213,60046.00,930.71,167.53,0,0,58947.76,2026-08-26T08:21:00+00:00
SET_035,PAY_0214,9376.00,145.33,26.16,0,0,9204.51,2026-08-26T09:08:00+00:00
SET_035,PAY_0215,70947.00,1099.68,197.94,0,0,69649.38,2026-08-26T09:55:00+00:00
SET_036,PAY_0216,7016.00,108.75,19.58,0,0,6887.67,2026-08-26T10:42:00+00:00
SET_036,PAY_0217,72841.00,1129.04,203.23,0,0,71508.73,2026-08-26T11:29:00+00:00
SET_036,PAY_0218,14154.00,219.39,39.49,0,0,13895.12,2026-08-26T12:16:00+00:00
SET_036,PAY_0219,54799.00,849.38,152.89,0,0,53796.73,2026-08-26T13:03:00+00:00
SET_036,PAY_0220,81687.00,1266.15,227.91,0,0,80192.94,2026-08-26T13:50:00+00:00
SET_036,PAY_0221,36772.00,569.97,102.59,0,0,36099.44,2026-08-26T14:37:00+00:00
SET_037,PAY_0222,44458.00,689.10,124.04,0,0,43644.86,2026-08-26T15:24:00+00:00
SET_037,PAY_0223,42607.00,660.41,118.87,0,0,41827.72,2026-08-26T16:11:00+00:00
SET_037,PAY_0224,66007.00,1023.11,184.16,0,0,64799.73,2026-08-26T16:58:00+00:00
SET_037,PAY_0225,54165.00,839.56,151.12,0,0,53174.32,2026-08-26T17:45:00+00:00
SET_037,PAY_0226,55435.00,859.24,154.66,0,0,54421.10,2026-08-26T18:32:00+00:00
SET_037,PAY_0227,76201.00,1181.12,212.60,0,0,74807.28,2026-08-26T19:19:00+00:00
SET_038,PAY_0228,64184.00,994.85,179.07,0,0,63010.08,2026-08-26T20:06:00+00:00
SET_038,PAY_0229,82934.00,1285.48,231.39,0,0,81417.13,2026-08-26T20:53:00+00:00
SET_038,PAY_0230,10156.00,157.42,28.34,0,0,9970.24,2026-08-26T21:40:00+00:00
SET_038,PAY_0231,17204.00,266.66,48.00,0,0,16889.34,2026-08-26T22:27:00+00:00
SET_038,PAY_0232,57823.00,896.26,161.33,0,0,56765.41,2026-08-26T23:14:00+00:00
SET_038,PAY_0233,24848.00,385.14,69.33,0,0,24393.53,2026-08-27T00:01:00+00:00
SET_039,PAY_0234,27001.00,418.52,75.33,0,0,26507.15,2026-08-27T00:48:00+00:00
SET_039,PAY_0235,60297.00,934.60,168.23,0,0,59194.17,2026-08-27T01:35:00+00:00
SET_039,PAY_0236,1779.00,27.57,4.96,0,0,1746.47,2026-08-27T02:22:00+00:00
SET_039,PAY_0237,49658.00,769.70,138.55,0,0,48749.75,2026-08-27T03:09:00+00:00
SET_039,PAY_0238,63014.00,976.72,175.81,0,0,61861.47,2026-08-27T03:56:00+00:00
SET_039,PAY_0239,37190.00,576.45,103.76,0,0,36509.79,2026-08-27T04:43:00+00:00
SET_040,PAY_0240,67776.00,1050.53,189.10,0,0,66536.37,2026-08-27T05:30:00+00:00
SET_040,PAY_0241,7616.00,118.05,21.25,0,0,7476.70,2026-08-27T06:17:00+00:00
SET_040,PAY_0242,41105.00,637.13,114.68,0,0,40353.19,2026-08-27T07:04:00+00:00
SET_040,PAY_0243,80466.00,1247.22,224.50,0,0,78994.28,2026-08-27T07:51:00+00:00
SET_040,PAY_0244,61413.00,951.90,171.34,0,0,60289.76,2026-08-27T08:38:00+00:00
SET_040,PAY_0245,23854.00,369.74,66.55,0,0,23417.71,2026-08-27T09:25:00+00:00
SET_041,PAY_0246,34940.00,541.57,97.48,0,0,34300.95,2026-08-27T10:12:00+00:00
SET_041,PAY_0247,28919.00,448.24,80.68,0,0,28390.08,2026-08-27T10:59:00+00:00
SET_041,PAY_0248,48520.00,752.06,135.37,0,0,47632.57,2026-08-27T11:46:00+00:00
SET_041,PAY_0249,34439.00,533.80,96.08,0,0,33809.12,2026-08-27T12:33:00+00:00
SET_041,PAY_0250,26612.00,412.49,74.25,0,0,26125.26,2026-08-27T13:20:00+00:00
SET_041,PAY_0251,65843.00,1020.57,183.70,0,0,64638.73,2026-08-27T14:07:00+00:00
SET_042,PAY_0252,63499.00,984.23,177.16,0,0,62337.61,2026-08-27T14:54:00+00:00
SET_042,PAY_0253,80363.00,1245.63,224.21,0,0,78893.16,2026-08-27T15:41:00+00:00
SET_042,PAY_0254,26959.00,417.86,75.21,0,0,26465.93,2026-08-27T16:28:00+00:00
SET_042,PAY_0255,18333.00,284.16,51.15,0,0,17997.69,2026-08-27T17:15:00+00:00
SET_042,PAY_0256,19093.00,295.94,53.27,0,0,18743.79,2026-08-27T18:02:00+00:00
SET_042,PAY_0257,12371.00,191.75,34.52,0,0,12144.73,2026-08-27T18:49:00+00:00
SET_043,PAY_0258,25757.00,399.23,71.86,0,0,25285.91,2026-08-27T19:36:00+00:00
SET_043,PAY_0259,73890.00,1145.30,206.15,0,0,72538.55,2026-08-27T20:23:00+00:00
SET_043,PAY_0260,51905.00,804.53,144.82,0,0,50955.65,2026-08-27T21:10:00+00:00
SET_043,PAY_0261,30137.00,467.12,84.08,0,0,29585.80,2026-08-27T21:57:00+00:00
SET_043,PAY_0262,59592.00,923.68,166.26,0,0,58502.06,2026-08-27T22:44:00+00:00
SET_043,PAY_0263,13856.00,214.77,38.66,0,0,13602.57,2026-08-27T23:31:00+00:00
SET_044,PAY_0264,74766.00,1158.87,208.60,0,0,73398.53,2026-08-28T00:18:00+00:00
SET_044,PAY_0265,68374.00,1059.80,190.76,0,0,67123.44,2026-08-28T01:05:00+00:00
SET_044,PAY_0266,78717.00,1220.11,219.62,0,0,77277.27,2026-08-28T01:52:00+00:00
SET_044,PAY_0267,32781.00,508.11,91.46,0,0,32181.43,2026-08-28T02:39:00+00:00
SET_044,PAY_0268,4130.00,64.02,11.52,0,0,4054.46,2026-08-28T03:26:00+00:00
SET_044,PAY_0269,39853.00,617.72,111.19,0,0,39124.09,2026-08-28T04:13:00+00:00
SET_045,PAY_0270,43148.00,668.79,120.38,0,0,42358.83,2026-08-28T05:00:00+00:00
SET_045,PAY_0271,10305.00,159.73,28.75,0,0,10116.52,2026-08-28T05:47:00+00:00
SET_045,PAY_0272,17456.00,270.57,48.70,0,0,17136.73,2026-08-28T06:34:00+00:00
SET_045,PAY_0273,84600.00,1311.30,236.03,0,0,83052.67,2026-08-28T07:21:00+00:00
SET_045,PAY_0274,59698.00,925.32,166.56,0,0,58606.12,2026-08-28T08:08:00+00:00
SET_045,PAY_0275,64873.00,1005.53,181.00,0,0,63686.47,2026-08-28T08:55:00+00:00
SET_046,PAY_0276,54254.00,840.94,151.37,0,0,53261.69,2026-08-28T09:42:00+00:00
SET_046,PAY_0277,26509.00,410.89,73.96,0,0,26024.15,2026-08-28T10:29:00+00:00
SET_046,PAY_0278,21527.00,333.67,60.06,0,0,21133.27,2026-08-28T11:16:00+00:00
SET_046,PAY_0279,10537.00,163.32,29.40,0,0,10344.28,2026-08-28T12:03:00+00:00
SET_046,PAY_0280,80011.00,1240.17,223.23,0,0,78547.60,2026-08-28T12:50:00+00:00
SET_046,PAY_0281,3569.00,55.32,9.96,0,0,3503.72,2026-08-28T13:37:00+00:00
SET_047,PAY_0282,21587.00,334.60,60.23,0,0,21192.17,2026-08-28T14:24:00+00:00
SET_047,PAY_0283,30734.00,476.38,85.75,0,0,30171.87,2026-08-28T15:11:00+00:00
SET_047,PAY_0284,20362.00,315.61,56.81,0,0,19989.58,2026-08-28T15:58:00+00:00
SET_047,PAY_0285,71955.00,1115.30,200.75,0,0,70638.95,2026-08-28T16:45:00+00:00
SET_047,PAY_0286,59094.00,915.96,164.87,0,0,58013.17,2026-08-28T17:32:00+00:00
SET_047,PAY_0287,68834.00,1066.93,192.05,0,0,67575.02,2026-08-28T18:19:00+00:00
SET_048,PAY_0288,13741.00,212.99,38.34,0,0,13489.67,2026-08-28T19:06:00+00:00
SET_048,PAY_0289,63288.00,980.96,176.57,0,0,62130.47,2026-08-28T19:53:00+00:00
SET_048,PAY_0290,70171.00,1087.65,195.78,0,0,68887.57,2026-08-28T20:40:00+00:00
SET_048,PAY_0291,27811.00,431.07,77.59,0,0,27302.34,2026-08-28T21:27:00+00:00
SET_048,PAY_0292,35237.00,546.17,98.31,0,0,34592.52,2026-08-28T22:14:00+00:00
SET_048,PAY_0293,45510.00,705.41,126.97,0,0,44677.62,2026-08-28T23:01:00+00:00
SET_049,PAY_0294,5047.00,78.23,14.08,0,0,4954.69,2026-08-28T23:48:00+00:00
SET_049,PAY_0295,6336.00,98.21,17.68,0,0,6220.11,2026-08-31T00:35:00+00:00
SET_049,PAY_0296,32346.00,501.36,90.24,0,0,31754.40,2026-08-31T01:22:00+00:00
SET_049,PAY_0297,21381.00,331.41,59.65,0,0,20989.94,2026-08-31T02:09:00+00:00
SET_049,PAY_0298,71383.00,1106.44,199.16,0,0,70077.40,2026-08-31T02:56:00+00:00
SET_049,PAY_0299,70638.00,1094.89,197.08,0,0,69346.03,2026-08-31T03:43:00+00:00
SET_050,PAY_0300,45786.00,709.68,127.74,0,0,44948.58,2026-08-31T04:30:00+00:00
SET_050,PAY_0301,18430.00,285.67,51.42,0,0,18092.91,2026-08-31T05:17:00+00:00
SET_050,PAY_0302,47718.00,739.63,133.13,0,0,46845.24,2026-08-31T06:04:00+00:00
SET_050,PAY_0303,41074.00,636.65,114.60,0,0,40322.75,2026-08-31T06:51:00+00:00
SET_050,PAY_0304,84205.00,1305.18,234.93,0,0,82664.89,2026-08-31T07:38:00+00:00
SET_050,PAY_0305,27709.00,429.49,77.31,0,0,27202.20,2026-08-31T08:25:00+00:00
SET_051,PAY_0306,47348.00,733.89,132.10,0,0,46482.01,2026-08-31T09:12:00+00:00
SET_051,PAY_0307,51022.00,790.84,142.35,0,0,50088.81,2026-08-31T09:59:00+00:00
SET_051,PAY_0308,79573.00,1233.38,222.01,0,0,78117.61,2026-08-31T10:46:00+00:00
SET_051,PAY_0309,56927.00,882.37,158.83,0,0,55885.80,2026-08-31T11:33:00+00:00
SET_051,PAY_0310,3832.00,59.40,10.69,0,0,3761.91,2026-08-31T12:20:00+00:00
SET_051,PAY_0311,14116.00,218.80,39.38,0,0,13857.82,2026-08-31T13:07:00+00:00
SET_052,PAY_0312,17574.00,272.40,49.03,0,0,17252.57,2026-08-31T13:54:00+00:00
SET_052,PAY_0313,81442.00,1262.35,227.22,0,0,79952.43,2026-08-31T14:41:00+00:00
SET_052,PAY_0314,70918.00,1099.23,197.86,0,0,69620.91,2026-08-31T15:28:00+00:00
SET_052,PAY_0315,57694.00,894.26,160.97,0,0,56638.77,2026-08-31T16:15:00+00:00
SET_052,PAY_0316,27833.00,431.41,77.65,0,0,27323.94,2026-08-31T17:02:00+00:00
SET_052,PAY_0317,75133.00,1164.56,209.62,0,0,73758.82,2026-08-31T17:49:00+00:00
SET_053,PAY_0318,79651.00,1234.59,222.23,0,0,78194.18,2026-08-31T18:36:00+00:00
SET_053,PAY_0319,11418.00,176.98,31.86,0,0,11209.16,2026-08-31T19:23:00+00:00
SET_053,PAY_0320,76432.00,1184.70,213.25,0,0,75034.05,2026-08-31T20:10:00+00:00
SET_053,PAY_0321,67233.00,1042.11,187.58,0,0,66003.31,2026-08-31T20:57:00+00:00
SET_053,PAY_0322,71710.00,1111.51,200.07,0,0,70398.42,2026-08-31T21:44:00+00:00
SET_053,PAY_0323,54154.00,839.39,151.09,0,0,53163.52,2026-08-31T22:31:00+00:00
SET_054,PAY_0324,4455.00,69.05,12.43,0,0,4373.52,2026-08-31T23:18:00+00:00
SET_054,PAY_0325,81211.00,1258.77,226.58,0,0,79725.65,2026-09-01T00:05:00+00:00
SET_054,PAY_0326,59954.00,929.29,167.27,0,0,58857.44,2026-09-01T00:52:00+00:00
SET_054,PAY_0327,66876.00,1036.58,186.58,0,0,65652.84,2026-09-01T01:39:00+00:00
SET_054,PAY_0328,43156.00,668.92,120.41,0,0,42366.67,2026-09-01T02:26:00+00:00
SET_054,PAY_0329,18823.00,291.76,52.52,0,0,18478.72,2026-09-01T03:13:00+00:00
SET_055,PAY_0330,57143.00,885.72,159.43,0,0,56097.85,2026-09-01T04:00:00+00:00
SET_055,PAY_0331,82124.00,1272.92,229.13,0,0,80621.95,2026-09-01T04:47:00+00:00
SET_055,PAY_0332,36428.00,564.63,101.63,0,0,35761.74,2026-09-01T05:34:00+00:00
SET_055,PAY_0333,24213.00,375.30,67.55,0,0,23770.15,2026-09-01T06:21:00+00:00
SET_055,PAY_0334,61096.00,946.99,170.46,0,0,59978.55,2026-09-01T07:08:00+00:00
SET_055,PAY_0335,19762.00,306.31,55.14,0,0,19400.55,2026-09-01T07:55:00+00:00
SET_056,PAY_0336,3444.00,53.38,9.61,0,0,3381.01,2026-09-01T08:42:00+00:00
SET_056,PAY_0337,38453.00,596.02,107.28,0,0,37749.70,2026-09-01T09:29:00+00:00
SET_056,PAY_0338,42023.00,651.36,117.24,0,0,41254.40,2026-09-01T10:16:00+00:00
SET_056,PAY_0339,59549.00,923.01,166.14,0,0,58459.85,2026-09-01T11:03:00+00:00
SET_056,PAY_0340,27277.00,422.79,76.10,0,0,26778.11,2026-09-01T11:50:00+00:00
SET_056,PAY_0341,69210.00,1072.76,193.10,0,0,67944.14,2026-09-01T12:37:00+00:00
SET_057,PAY_0342,54211.00,840.27,151.25,0,0,53219.48,2026-09-01T13:24:00+00:00
SET_057,PAY_0343,54417.00,843.46,151.82,0,0,53421.72,2026-09-01T14:11:00+00:00
SET_057,PAY_0344,50866.00,788.42,141.92,0,0,49935.66,2026-09-01T14:58:00+00:00
SET_057,PAY_0345,51027.00,790.92,142.37,0,0,50093.71,2026-09-01T15:45:00+00:00
SET_057,PAY_0346,75302.00,1167.18,210.09,0,0,73924.73,2026-09-01T16:32:00+00:00
SET_057,PAY_0347,53433.00,828.21,149.08,0,0,52455.71,2026-09-01T17:19:00+00:00
SET_058,PAY_0348,11306.00,175.24,31.54,0,0,11099.22,2026-09-01T18:06:00+00:00
SET_058,PAY_0349,40738.00,631.44,113.66,0,0,39992.90,2026-09-01T18:53:00+00:00
SET_058,PAY_0350,66998.00,1038.47,186.92,0,0,65772.61,2026-09-01T19:40:00+00:00
SET_058,PAY_0351,59201.00,917.62,165.17,0,0,58118.21,2026-09-01T20:27:00+00:00
SET_058,PAY_0352,24715.00,383.08,68.95,0,0,24262.97,2026-09-01T21:14:00+00:00
SET_058,PAY_0353,22713.00,352.05,63.37,0,0,22297.58,2026-09-01T22:01:00+00:00
SET_059,PAY_0354,46815.00,725.63,130.61,0,0,45958.76,2026-09-01T22:48:00+00:00
SET_059,PAY_0355,18952.00,293.76,52.88,0,0,18605.36,2026-09-01T23:35:00+00:00
SET_059,PAY_0356,16860.00,261.33,47.04,0,0,16551.63,2026-09-01T00:22:00+00:00
SET_059,PAY_0357,76607.00,1187.41,213.73,0,0,75205.86,2026-09-01T01:09:00+00:00
SET_059,PAY_0358,17803.00,275.95,49.67,0,0,17477.38,2026-09-01T01:56:00+00:00
SET_059,PAY_0359,11678.00,181.01,32.58,0,0,11464.41,2026-09-01T02:43:00+00:00
SET_060,PAY_0360,25418.00,393.98,70.92,0,0,24953.10,2026-09-01T03:30:00+00:00
SET_060,PAY_0361,39961.00,619.40,111.49,0,0,39230.11,2026-09-01T04:17:00+00:00
SET_060,PAY_0362,11568.00,179.30,32.27,0,0,11356.43,2026-09-01T05:04:00+00:00
SET_060,PAY_0363,8712.00,135.04,24.31,0,0,8552.65,2026-09-01T05:51:00+00:00
SET_060,PAY_0364,20008.00,310.12,55.82,0,0,19642.06,2026-09-01T06:38:00+00:00
SET_060,PAY_0365,16553.00,256.57,46.18,0,0,16250.25,2026-09-01T07:25:00+00:00
SET_061,PAY_0366,76805.00,1190.48,214.29,0,0,75400.23,2026-09-01T08:12:00+00:00
SET_061,PAY_0367,56930.00,882.42,158.84,0,0,55888.74,2026-09-01T08:59:00+00:00
SET_061,PAY_0368,51762.00,802.31,144.42,0,0,50815.27,2026-09-01T09:46:00+00:00
SET_061,PAY_0369,65660.00,1017.73,183.19,0,0,64459.08,2026-09-01T10:33:00+00:00
SET_061,PAY_0370,60165.00,932.56,167.86,0,0,59064.58,2026-09-01T11:20:00+00:00
SET_061,PAY_0371,31686.00,491.13,88.40,0,0,31106.47,2026-09-01T12:07:00+00:00
SET_062,PAY_0372,5319.00,82.44,14.84,0,0,5221.72,2026-09-01T12:54:00+00:00
SET_062,PAY_0373,52751.00,817.64,147.18,0,0,51786.18,2026-09-01T13:41:00+00:00
SET_062,PAY_0374,15608.00,241.92,43.55,0,0,15322.53,2026-09-01T14:28:00+00:00
SET_062,PAY_0375,29983.00,464.74,83.65,0,0,29434.61,2026-09-01T15:15:00+00:00
SET_062,PAY_0376,5184.00,80.35,14.46,0,0,5089.19,2026-09-01T16:02:00+00:00
SET_062,PAY_0377,81822.00,1268.24,228.28,0,0,80325.48,2026-09-01T16:49:00+00:00
SET_063,PAY_0378,71244.00,1104.28,198.77,0,0,69940.95,2026-09-01T17:36:00+00:00
SET_063,PAY_0379,37085.00,574.82,103.47,0,0,36406.71,2026-09-01T18:23:00+00:00
SET_063,PAY_0380,66527.00,1031.17,185.61,0,0,65310.22,2026-09-01T19:10:00+00:00
SET_063,PAY_0381,19690.00,305.20,54.94,0,0,19329.86,2026-09-01T19:57:00+00:00
SET_063,PAY_0382,22206.00,344.19,61.95,0,0,21799.86,2026-09-01T20:44:00+00:00
SET_063,PAY_0383,21896.00,339.39,61.09,0,0,21495.52,2026-09-01T21:31:00+00:00
SET_064,PAY_0384,38633.00,598.81,107.79,0,0,37926.40,2026-09-01T22:18:00+00:00
SET_064,PAY_0385,41424.00,642.07,115.57,0,0,40666.36,2026-09-01T23:05:00+00:00
SET_064,PAY_0386,52029.00,806.45,145.16,0,0,51077.39,2026-09-01T23:52:00+00:00
SET_064,PAY_0387,13891.00,215.31,38.76,0,0,13636.93,2026-09-01T00:39:00+00:00
SET_064,PAY_0388,17069.00,264.57,47.62,0,0,16756.81,2026-09-01T01:26:00+00:00
SET_064,PAY_0389,63313.00,981.35,176.64,0,0,62155.01,2026-09-01T02:13:00+00:00
SET_065,PAY_0390,79798.00,1236.87,222.64,0,0,78338.49,2026-09-01T03:00:00+00:00
SET_065,PAY_0391,80534.00,1248.28,224.69,0,0,79061.03,2026-09-01T03:47:00+00:00
SET_065,PAY_0392,8335.00,129.19,23.25,0,0,8182.56,2026-09-01T04:34:00+00:00
SET_065,PAY_0393,2442.00,37.85,6.81,0,0,2397.34,2026-09-01T05:21:00+00:00
SET_065,PAY_0394,15233.00,236.11,42.50,0,0,14954.39,2026-09-01T06:08:00+00:00
SET_065,PAY_0395,10322.00,159.99,28.80,0,0,10133.21,2026-09-01T06:55:00+00:00
SET_066,PAY_0396,28841.00,447.04,80.47,0,0,28313.49,2026-09-01T07:42:00+00:00
SET_066,PAY_0397,73017.00,1131.76,203.72,0,0,71681.52,2026-09-01T08:29:00+00:00
SET_066,PAY_0398,28173.00,436.68,78.60,0,0,27657.72,2026-09-01T09:16:00+00:00
SET_066,PAY_0399,37755.00,585.20,105.34,0,0,37064.46,2026-09-01T10:03:00+00:00
SET_066,PAY_0400,54976.00,852.13,153.38,0,0,53970.49,2026-09-01T10:50:00+00:00
SET_066,PAY_0401,71952.00,1115.26,200.75,0,0,70635.99,2026-09-01T11:37:00+00:00
SET_067,PAY_0402,886.00,13.73,2.47,0,0,869.80,2026-09-01T12:24:00+00:00
SET_067,PAY_0403,18034.00,279.53,50.32,0,0,17704.15,2026-09-01T13:11:00+00:00
SET_067,PAY_0404,28514.00,441.97,79.55,0,0,27992.48,2026-09-01T13:58:00+00:00
SET_067,PAY_0405,23964.00,371.44,66.86,0,0,23525.70,2026-09-01T14:45:00+00:00
SET_067,PAY_0406,75034.00,1163.03,209.35,0,0,73661.62,2026-09-01T15:32:00+00:00
SET_067,PAY_0407,49705.00,770.43,138.68,0,0,48795.89,2026-09-01T16:19:00+00:00
SET_068,PAY_0408,49876.00,773.08,139.15,0,0,48963.77,2026-09-01T17:06:00+00:00
SET_068,PAY_0409,52495.00,813.67,146.46,0,0,51534.87,2026-09-01T17:53:00+00:00
SET_068,PAY_0410,47358.00,734.05,132.13,0,0,46491.82,2026-09-01T18:40:00+00:00
SET_068,PAY_0411,23932.00,370.95,66.77,0,0,23494.28,2026-09-01T19:27:00+00:00
SET_068,PAY_0412,4528.00,70.18,12.63,0,0,4445.19,2026-09-01T20:14:00+00:00
SET_068,PAY_0413,39367.00,610.19,109.83,0,0,38646.98,2026-09-01T21:01:00+00:00
SET_069,PAY_0414,43121.00,668.38,120.31,0,0,42332.31,2026-09-01T21:48:00+00:00
SET_069,PAY_0415,71740.00,1111.97,200.15,0,0,70427.88,2026-09-01T22:35:00+00:00
SET_069,PAY_0416,65650.00,1017.58,183.16,0,0,64449.26,2026-09-01T23:22:00+00:00
SET_069,PAY_0417,26565.00,411.76,74.12,0,0,26079.12,2026-09-02T00:09:00+00:00
SET_069,PAY_0418,5530.00,85.72,15.43,0,0,5428.85,2026-09-02T00:56:00+00:00
SET_069,PAY_0419,47304.00,733.21,131.98,0,0,46438.81,2026-09-02T01:43:00+00:00
SET_070,PAY_0420,79407.00,1230.81,221.55,0,0,77954.64,2026-09-02T02:30:00+00:00
SET_070,PAY_0421,25512.00,395.44,71.18,0,0,25045.38,2026-09-02T03:17:00+00:00
SET_070,PAY_0422,12530.00,194.22,34.96,0,0,12300.82,2026-09-02T04:04:00+00:00
SET_070,PAY_0423,41575.00,644.41,115.99,0,0,40814.60,2026-09-02T04:51:00+00:00
SET_070,PAY_0424,850.00,13.18,2.37,0,0,834.45,2026-09-02T05:38:00+00:00
SET_070,PAY_0425,35904.00,556.51,100.17,0,0,35247.32,2026-09-02T06:25:00+00:00
SET_071,PAY_0426,16884.00,261.70,47.11,0,0,16575.19,2026-09-02T07:12:00+00:00
SET_071,PAY_0427,52615.00,815.53,146.80,0,0,51652.67,2026-09-02T07:59:00+00:00
SET_071,PAY_0428,32956.00,510.82,91.95,0,0,32353.23,2026-09-02T08:46:00+00:00
SET_071,PAY_0429,18873.00,292.53,52.66,0,0,18527.81,2026-09-02T09:33:00+00:00
SET_071,PAY_0430,80140.00,1242.17,223.59,0,0,78674.24,2026-09-02T10:20:00+00:00
SET_071,PAY_0431,77957.00,1208.33,217.50,0,0,76531.17,2026-09-02T11:07:00+00:00
SET_072,PAY_0432,10705.00,165.93,29.87,0,0,10509.20,2026-09-02T11:54:00+00:00
SET_072,PAY_0433,49717.00,770.61,138.71,0,0,48807.68,2026-09-02T12:41:00+00:00
SET_072,PAY_0434,54781.00,849.11,152.84,0,0,53779.05,2026-09-02T13:28:00+00:00
SET_072,PAY_0435,21154.00,327.89,59.02,0,0,20767.09,2026-09-02T14:15:00+00:00
SET_072,PAY_0436,4111.00,63.72,11.47,0,0,4035.81,2026-09-02T15:02:00+00:00
SET_072,PAY_0437,34406.00,533.29,95.99,0,0,33776.72,2026-09-02T15:49:00+00:00
SET_073,PAY_0438,23075.00,357.66,64.38,0,0,22652.96,2026-09-02T16:36:00+00:00
SET_073,PAY_0439,57191.00,886.46,159.56,0,0,56144.98,2026-09-02T17:23:00+00:00
SET_073,PAY_0440,77714.00,1204.57,216.82,0,0,76292.61,2026-09-02T18:10:00+00:00
SET_073,PAY_0441,59546.00,922.96,166.13,0,0,58456.91,2026-09-02T18:57:00+00:00
SET_073,PAY_0442,13267.00,205.64,37.02,0,0,13024.34,2026-09-02T19:44:00+00:00
SET_073,PAY_0443,52438.00,812.79,146.30,0,0,51478.91,2026-09-02T20:31:00+00:00
SET_074,PAY_0444,63255.00,980.45,176.48,0,0,62098.07,2026-09-02T21:18:00+00:00
SET_074,PAY_0445,77898.00,1207.42,217.34,0,0,76473.24,2026-09-02T22:05:00+00:00
SET_074,PAY_0446,45475.00,704.86,126.87,0,0,44643.27,2026-09-02T22:52:00+00:00
SET_074,PAY_0447,81553.00,1264.07,227.53,0,0,80061.40,2026-09-02T23:39:00+00:00
SET_074,PAY_0448,32266.00,500.12,90.02,0,0,31675.86,2026-09-03T00:26:00+00:00
SET_074,PAY_0449,60140.00,932.17,167.79,0,0,59040.04,2026-09-03T01:13:00+00:00
SET_075,PAY_0450,15022.00,232.84,41.91,0,0,14747.25,2026-09-03T02:00:00+00:00
SET_075,PAY_0451,83328.00,1291.58,232.48,0,0,81803.94,2026-09-03T02:47:00+00:00
SET_075,PAY_0452,42428.00,657.63,118.37,0,0,41652.00,2026-09-03T03:34:00+00:00
SET_075,PAY_0453,46447.00,719.93,129.59,0,0,45597.48,2026-09-03T04:21:00+00:00
SET_075,PAY_0454,12399.00,192.18,34.59,0,0,12172.23,2026-09-03T05:08:00+00:00
SET_075,PAY_0455,46311.00,717.82,129.21,0,0,45463.97,2026-09-03T05:55:00+00:00
SET_076,PAY_0456,45620.00,707.11,127.28,0,0,44785.61,2026-09-03T06:42:00+00:00
SET_076,PAY_0457,10593.00,164.19,29.55,0,0,10399.26,2026-09-03T07:29:00+00:00
SET_076,PAY_0458,64007.00,992.11,178.58,0,0,62836.31,2026-09-03T08:16:00+00:00
SET_076,PAY_0459,909.00,14.09,2.54,0,0,892.37,2026-09-03T09:03:00+00:00
SET_076,PAY_0460,28726.00,445.25,80.15,0,0,28200.60,2026-09-03T09:50:00+00:00
SET_076,PAY_0461,17344.00,268.83,48.39,0,0,17026.78,2026-09-03T10:37:00+00:00
SET_077,PAY_0462,48307.00,748.76,134.78,0,0,47423.46,2026-09-03T11:24:00+00:00
SET_077,PAY_0463,36402.00,564.23,101.56,0,0,35736.21,2026-09-03T12:11:00+00:00
SET_077,PAY_0464,23830.00,369.37,66.49,0,0,23394.14,2026-09-03T12:58:00+00:00
SET_077,PAY_0465,59574.00,923.40,166.21,0,0,58484.39,2026-09-03T13:45:00+00:00
SET_077,PAY_0466,34146.00,529.26,95.27,0,0,33521.47,2026-09-03T14:32:00+00:00
SET_077,PAY_0467,50004.00,775.06,139.51,0,0,49089.43,2026-09-03T15:19:00+00:00
SET_078,PAY_0468,8157.00,126.43,22.76,0,0,8007.81,2026-09-03T16:06:00+00:00
SET_078,PAY_0469,10915.00,169.18,30.45,0,0,10715.37,2026-09-03T16:53:00+00:00
SET_078,PAY_0470,62333.00,966.16,173.91,0,0,61192.93,2026-09-03T17:40:00+00:00
SET_078,PAY_0471,77967.00,1208.49,217.53,0,0,76540.98,2026-09-03T18:27:00+00:00
SET_078,PAY_0472,36016.00,558.25,100.49,0,0,35357.26,2026-09-03T19:14:00+00:00
SET_078,PAY_0473,78563.00,1217.73,219.19,0,0,77126.08,2026-09-03T20:01:00+00:00
SET_079,PAY_0474,43774.00,678.50,122.13,0,0,42973.37,2026-09-03T20:48:00+00:00
SET_079,PAY_0475,30848.00,478.14,86.07,0,0,30283.79,2026-09-03T21:35:00+00:00
SET_079,PAY_0476,43821.00,679.23,122.26,0,0,43019.51,2026-09-03T22:22:00+00:00
SET_079,PAY_0477,9739.00,150.95,27.17,0,0,9560.88,2026-09-03T23:09:00+00:00
SET_079,PAY_0478,9012.00,139.69,25.14,0,0,8847.17,2026-09-03T23:56:00+00:00
SET_079,PAY_0479,18900.00,292.95,52.73,0,0,18554.32,2026-09-04T00:43:00+00:00
SET_080,PAY_0480,39124.00,606.42,109.16,0,0,38408.42,2026-09-04T01:30:00+00:00
SET_080,PAY_0481,34949.00,541.71,97.51,0,0,34309.78,2026-09-04T02:17:00+00:00
SET_080,PAY_0482,29606.00,458.89,82.60,0,0,29064.51,2026-09-04T03:04:00+00:00
SET_080,PAY_0483,47165.00,731.06,131.59,0,0,46302.35,2026-09-04T03:51:00+00:00
SET_080,PAY_0484,74043.00,1147.67,206.58,0,0,72688.75,2026-09-04T04:38:00+00:00
SET_080,PAY_0485,37312.00,578.34,104.10,0,0,36629.56,2026-09-04T05:25:00+00:00
SET_081,PAY_0486,23775.00,368.51,66.33,0,0,23340.16,2026-09-04T06:12:00+00:00
SET_081,PAY_0487,77117.00,1195.31,215.16,0,0,75706.53,2026-09-04T06:59:00+00:00
SET_081,PAY_0488,2456.00,38.07,6.85,0,0,2411.08,2026-09-04T07:46:00+00:00
SET_081,PAY_0489,57459.00,890.61,160.31,0,0,56408.08,2026-09-04T08:33:00+00:00
SET_081,PAY_0490,67077.00,1039.69,187.14,0,0,65850.17,2026-09-04T09:20:00+00:00
SET_081,PAY_0491,3256.00,50.47,9.08,0,0,3196.45,2026-09-04T10:07:00+00:00
SET_082,PAY_0492,56361.00,873.60,157.25,0,0,55330.15,2026-09-04T10:54:00+00:00
SET_082,PAY_0493,3021.00,46.83,8.43,0,0,2965.74,2026-09-04T11:41:00+00:00
SET_082,PAY_0494,16251.00,251.89,45.34,0,0,15953.77,2026-09-04T12:28:00+00:00
SET_082,PAY_0495,34166.00,529.57,95.32,0,0,33541.11,2026-09-04T13:15:00+00:00
SET_082,PAY_0496,54036.00,837.56,150.76,0,0,53047.68,2026-09-04T14:02:00+00:00
SET_082,PAY_0497,39289.00,608.98,109.62,0,0,38570.40,2026-09-04T14:49:00+00:00
SET_083,PAY_0498,31495.00,488.17,87.87,0,0,30918.96,2026-09-04T15:36:00+00:00
SET_083,PAY_0499,52387.00,812.00,146.16,0,0,51428.84,2026-09-04T16:23:00+00:00
