payment_id,expected_status,violation_types,primary_violation_types,downstream_violation_types,expected_verified_loss,clause_refs,notes
PAY_CLAUSE_000001,PASS,,,,0.00,,Member of intentionally ambiguous settlement/bank relationship; should not be force-matched.
PAY_CLAUSE_000002,PASS,,,,0.00,,Member of intentionally ambiguous settlement/bank relationship; should not be force-matched.
PAY_CLAUSE_000003,PASS,,,,0.00,,Member of intentionally ambiguous settlement/bank relationship; should not be force-matched.
PAY_CLAUSE_000004,PASS,,,,0.00,,Member of intentionally ambiguous settlement/bank relationship; should not be force-matched.
PAY_CLAUSE_000005,PASS,,,,0.00,,Member of intentionally ambiguous settlement/bank relationship; should not be force-matched.
PAY_CLAUSE_000006,PASS,,,,0.00,,Member of intentionally ambiguous settlement/bank relationship; should not be force-matched.
PAY_CLAUSE_000007,PASS,,,,0.00,,Member of intentionally ambiguous settlement/bank relationship; should not be force-matched.
PAY_CLAUSE_000008,PASS,,,,0.00,,Member of intentionally ambiguous settlement/bank relationship; should not be force-matched.
PAY_CLAUSE_000009,PASS,,,,0.00,,Member of intentionally ambiguous settlement/bank relationship; should not be force-matched.
PAY_CLAUSE_000010,PASS,,,,0.00,,Member of intentionally ambiguous settlement/bank relationship; should not be force-matched.
PAY_CLAUSE_000011,PASS,,,,0.00,,Member of intentionally ambiguous settlement/bank relationship; should not be force-matched.
PAY_CLAUSE_000012,PASS,,,,0.00,,Member of intentionally ambiguous settlement/bank relationship; should not be force-matched.
PAY_CLAUSE_000013,VIOLATION,SETTLEMENT_SLA,SETTLEMENT_SLA,,0.00,6.1,Actual grouped settlement posted after this payment's T+2 due date.
PAY_CLAUSE_000014,PASS,,,,0.00,,
PAY_CLAUSE_000015,VIOLATION,SETTLEMENT_SLA,SETTLEMENT_SLA,,0.00,6.1,Actual grouped settlement posted after this payment's T+2 due date.
PAY_CLAUSE_000016,PASS,,,,0.00,,
PAY_CLAUSE_000017,VIOLATION,SETTLEMENT_SLA,SETTLEMENT_SLA,,0.00,6.1,Actual grouped settlement posted after this payment's T+2 due date.
PAY_CLAUSE_000018,VIOLATION,SETTLEMENT_SLA,SETTLEMENT_SLA,,0.00,6.1,Actual grouped settlement posted after this payment's T+2 due date.
PAY_CLAUSE_000019,VIOLATION,SETTLEMENT_SLA,SETTLEMENT_SLA,,0.00,6.1,Actual grouped settlement posted after this payment's T+2 due date.
PAY_CLAUSE_000020,VIOLATION,MISSING_BANK_SETTLEMENT;SETTLEMENT_SLA,MISSING_BANK_SETTLEMENT;SETTLEMENT_SLA,,0.00,6.1;6.4,Actual grouped settlement posted after this payment's T+2 due date. Settlement completed but no corresponding bank credit exists.
PAY_CLAUSE_000021,VIOLATION,MISSING_BANK_SETTLEMENT;SETTLEMENT_SLA,MISSING_BANK_SETTLEMENT;SETTLEMENT_SLA,,0.00,6.1;6.4,Actual grouped settlement posted after this payment's T+2 due date. Settlement completed but no corresponding bank credit exists.
PAY_CLAUSE_000022,VIOLATION,MISSING_BANK_SETTLEMENT;SETTLEMENT_SLA,MISSING_BANK_SETTLEMENT;SETTLEMENT_SLA,,0.00,6.1;6.4,Actual grouped settlement posted after this payment's T+2 due date. Settlement completed but no corresponding bank credit exists.
PAY_CLAUSE_000023,VIOLATION,MISSING_BANK_SETTLEMENT;SETTLEMENT_SLA,MISSING_BANK_SETTLEMENT;SETTLEMENT_SLA,,0.00,6.1;6.4,Actual grouped settlement posted after this payment's T+2 due date. Settlement completed but no corresponding bank credit exists.
PAY_CLAUSE_000024,VIOLATION,MISSING_BANK_SETTLEMENT;SETTLEMENT_SLA,MISSING_BANK_SETTLEMENT;SETTLEMENT_SLA,,0.00,6.1;6.4,Actual grouped settlement posted after this payment's T+2 due date. Settlement completed but no corresponding bank credit exists.
PAY_CLAUSE_000025,VIOLATION,MISSING_BANK_SETTLEMENT;SETTLEMENT_SLA,MISSING_BANK_SETTLEMENT;SETTLEMENT_SLA,,0.00,6.1;6.4,Actual grouped settlement posted after this payment's T+2 due date. Settlement completed but no corresponding bank credit exists.
PAY_CLAUSE_000026,VIOLATION,GST_ON_FEE;MDR_RATE;MISSING_BANK_SETTLEMENT,MDR_RATE;MISSING_BANK_SETTLEMENT,GST_ON_FEE,0.00,4.3;6.4;A1.2,Post-amendment transaction incorrectly charged old 1.55% MDR. Settlement completed but no corresponding bank credit exists.
PAY_CLAUSE_000027,VIOLATION,MISSING_BANK_SETTLEMENT;SETTLEMENT_SLA,MISSING_BANK_SETTLEMENT;SETTLEMENT_SLA,,0.00,6.1;6.4,Actual grouped settlement posted after this payment's T+2 due date. Settlement completed but no corresponding bank credit exists.
PAY_CLAUSE_000028,VIOLATION,MISSING_BANK_SETTLEMENT;SETTLEMENT_SLA,MISSING_BANK_SETTLEMENT;SETTLEMENT_SLA,,0.00,6.1;6.4,Actual grouped settlement posted after this payment's T+2 due date. Settlement completed but no corresponding bank credit exists.
PAY_CLAUSE_000029,VIOLATION,SETTLEMENT_SLA,SETTLEMENT_SLA,,0.00,6.1,Actual grouped settlement posted after this payment's T+2 due date.
PAY_CLAUSE_000030,VIOLATION,SETTLEMENT_SLA,SETTLEMENT_SLA,,0.00,6.1,Actual grouped settlement posted after this payment's T+2 due date.
PAY_CLAUSE_000031,VIOLATION,SETTLEMENT_SLA,SETTLEMENT_SLA,,0.00,6.1,Actual grouped settlement posted after this payment's T+2 due date.
PAY_CLAUSE_000032,VIOLATION,CHARGEBACK_FEE_OVERCHARGE;SETTLEMENT_SLA,CHARGEBACK_FEE_OVERCHARGE;SETTLEMENT_SLA,,250.00,4.7;6.1;7.4,Chargeback administration fee is INR 500 instead of permitted INR 250. Actual grouped settlement posted after this payment's T+2 due date.
PAY_CLAUSE_000033,VIOLATION,SETTLEMENT_SLA,SETTLEMENT_SLA,,0.00,6.1,Actual grouped settlement posted after this payment's T+2 due date.
PAY_CLAUSE_000034,PASS,,,,0.00,,
PAY_CLAUSE_000035,VIOLATION,SETTLEMENT_SLA,SETTLEMENT_SLA,,0.00,6.1,Actual grouped settlement posted after this payment's T+2 due date.
PAY_CLAUSE_000036,VIOLATION,SETTLEMENT_SLA,SETTLEMENT_SLA,,0.00,6.1,Actual grouped settlement posted after this payment's T+2 due date.
PAY_CLAUSE_000037,VIOLATION,SETTLEMENT_SLA,SETTLEMENT_SLA,,0.00,6.1,Actual grouped settlement posted after this payment's T+2 due date.
PAY_CLAUSE_000038,VIOLATION,SETTLEMENT_SLA,SETTLEMENT_SLA,,0.00,6.1,INR 0.01 rounding/tolerance edge; expected to pass. Actual grouped settlement posted after this payment's T+2 due date.
PAY_CLAUSE_000039,VIOLATION,SETTLEMENT_SLA,SETTLEMENT_SLA,,0.00,6.1,Actual grouped settlement posted after this payment's T+2 due date.
PAY_CLAUSE_000040,PASS,,,,0.00,,
PAY_CLAUSE_000041,VIOLATION,SETTLEMENT_SLA,SETTLEMENT_SLA,,0.00,6.1,Actual grouped settlement posted after this payment's T+2 due date.
PAY_CLAUSE_000042,VIOLATION,SETTLEMENT_SLA,SETTLEMENT_SLA,,0.00,6.1,Actual grouped settlement posted after this payment's T+2 due date.
PAY_CLAUSE_000043,VIOLATION,SETTLEMENT_SLA,SETTLEMENT_SLA,,0.00,6.1,Actual grouped settlement posted after this payment's T+2 due date.
PAY_CLAUSE_000044,VIOLATION,SETTLEMENT_SLA,SETTLEMENT_SLA,,0.00,6.1,Actual grouped settlement posted after this payment's T+2 due date.
PAY_CLAUSE_000045,VIOLATION,SETTLEMENT_SLA,SETTLEMENT_SLA,,0.00,6.1,Actual grouped settlement posted after this payment's T+2 due date.
PAY_CLAUSE_000046,PASS,,,,0.00,,
PAY_CLAUSE_000047,VIOLATION,SETTLEMENT_BANK_ARITHMETIC;SETTLEMENT_SLA,SETTLEMENT_BANK_ARITHMETIC;SETTLEMENT_SLA,,0.00,6.1;6.2,Actual grouped settlement posted after this payment's T+2 due date. Bank credit differs from expected settlement by INR 10.00.
PAY_CLAUSE_000048,VIOLATION,GST_ON_FEE;SETTLEMENT_BANK_ARITHMETIC,GST_ON_FEE;SETTLEMENT_BANK_ARITHMETIC,,8.25,4.3;6.2,GST calculated at 22% of approved fee instead of 18%. Bank credit differs from expected settlement by INR 10.00.
PAY_CLAUSE_000049,VIOLATION,SETTLEMENT_BANK_ARITHMETIC;SETTLEMENT_SLA,SETTLEMENT_BANK_ARITHMETIC;SETTLEMENT_SLA,,0.00,6.1;6.2,Actual grouped settlement posted after this payment's T+2 due date. Bank credit differs from expected settlement by INR 10.00.
PAY_CLAUSE_000050,VIOLATION,DUPLICATE_REFUND_DEDUCTION;SETTLEMENT_BANK_ARITHMETIC,DUPLICATE_REFUND_DEDUCTION;SETTLEMENT_BANK_ARITHMETIC,,200.00,6.2;7.2,Refund principal deducted twice. Bank credit differs from expected settlement by INR 10.00.
PAY_CLAUSE_000051,VIOLATION,SETTLEMENT_BANK_ARITHMETIC;SETTLEMENT_SLA,SETTLEMENT_BANK_ARITHMETIC;SETTLEMENT_SLA,,0.00,6.1;6.2,Actual grouped settlement posted after this payment's T+2 due date. Bank credit differs from expected settlement by INR 10.00.
PAY_CLAUSE_000052,VIOLATION,SETTLEMENT_BANK_ARITHMETIC;SETTLEMENT_SLA,SETTLEMENT_BANK_ARITHMETIC;SETTLEMENT_SLA,,0.00,6.1;6.2,Actual grouped settlement posted after this payment's T+2 due date. Bank credit differs from expected settlement by INR 10.00.
PAY_CLAUSE_000053,VIOLATION,SETTLEMENT_BANK_ARITHMETIC;SETTLEMENT_SLA,SETTLEMENT_BANK_ARITHMETIC;SETTLEMENT_SLA,,0.00,6.1;6.2,Actual grouped settlement posted after this payment's T+2 due date. Bank credit differs from expected settlement by INR 10.00.
PAY_CLAUSE_000054,VIOLATION,SETTLEMENT_BANK_ARITHMETIC,SETTLEMENT_BANK_ARITHMETIC,,0.00,6.2,Bank credit differs from expected settlement by INR 10.00.
PAY_CLAUSE_000055,VIOLATION,SETTLEMENT_SLA,SETTLEMENT_SLA,,0.00,6.1,Actual grouped settlement posted after this payment's T+2 due date.
PAY_CLAUSE_000056,VIOLATION,SETTLEMENT_SLA,SETTLEMENT_SLA,,0.00,6.1,Actual grouped settlement posted after this payment's T+2 due date.
PAY_CLAUSE_000057,VIOLATION,SETTLEMENT_SLA,SETTLEMENT_SLA,,0.00,6.1,Actual grouped settlement posted after this payment's T+2 due date.
PAY_CLAUSE_000058,PASS,,,,0.00,,
PAY_CLAUSE_000059,VIOLATION,SETTLEMENT_SLA,SETTLEMENT_SLA,,0.00,6.1,Actual grouped settlement posted after this payment's T+2 due date.
PAY_CLAUSE_000060,VIOLATION,SETTLEMENT_SLA,SETTLEMENT_SLA,,0.00,6.1,Actual grouped settlement posted after this payment's T+2 due date.
PAY_CLAUSE_000061,VIOLATION,SETTLEMENT_SLA,SETTLEMENT_SLA,,0.00,6.1,Actual grouped settlement posted after this payment's T+2 due date.
PAY_CLAUSE_000062,VIOLATION,GST_ON_FEE;SETTLEMENT_SLA,GST_ON_FEE;SETTLEMENT_SLA,,9.90,4.3;6.1,GST calculated at 22% of approved fee instead of 18%. Actual grouped settlement posted after this payment's T+2 due date.
PAY_CLAUSE_000063,VIOLATION,SETTLEMENT_SLA,SETTLEMENT_SLA,,0.00,6.1,Actual grouped settlement posted after this payment's T+2 due date.
PAY_CLAUSE_000064,VIOLATION,SETTLEMENT_SLA,SETTLEMENT_SLA,,0.00,6.1,Actual grouped settlement posted after this payment's T+2 due date.
PAY_CLAUSE_000065,VIOLATION,SETTLEMENT_SLA,SETTLEMENT_SLA,,0.00,6.1,Actual grouped settlement posted after this payment's T+2 due date.
PAY_CLAUSE_000066,PASS,,,,0.00,,INR 0.01 rounding/tolerance edge; expected to pass.
PAY_CLAUSE_000067,VIOLATION,SETTLEMENT_SLA;UNSUPPORTED_FEE,SETTLEMENT_SLA;UNSUPPORTED_FEE,,49.00,4.6;6.1,Unlisted settlement deduction; contractual expectation is INR 0.00. Actual grouped settlement posted after this payment's T+2 due date.
PAY_CLAUSE_000068,VIOLATION,SETTLEMENT_SLA,SETTLEMENT_SLA,,0.00,6.1,Actual grouped settlement posted after this payment's T+2 due date.
PAY_CLAUSE_000069,VIOLATION,SETTLEMENT_SLA,SETTLEMENT_SLA,,0.00,6.1,Actual grouped settlement posted after this payment's T+2 due date.
PAY_CLAUSE_000070,VIOLATION,SETTLEMENT_SLA,SETTLEMENT_SLA,,0.00,6.1,Actual grouped settlement posted after this payment's T+2 due date.
PAY_CLAUSE_000071,VIOLATION,SETTLEMENT_SLA,SETTLEMENT_SLA,,0.00,6.1,Actual grouped settlement posted after this payment's T+2 due date.
PAY_CLAUSE_000072,VIOLATION,SETTLEMENT_SLA,SETTLEMENT_SLA,,0.00,6.1,Actual grouped settlement posted after this payment's T+2 due date.
PAY_CLAUSE_000073,VIOLATION,SETTLEMENT_SLA,SETTLEMENT_SLA,,0.00,6.1,Actual grouped settlement posted after this payment's T+2 due date.
PAY_CLAUSE_000074,VIOLATION,SETTLEMENT_SLA,SETTLEMENT_SLA,,0.00,6.1,Actual grouped settlement posted after this payment's T+2 due date.
PAY_CLAUSE_000075,VIOLATION,SETTLEMENT_SLA,SETTLEMENT_SLA,,0.00,6.1,Actual grouped settlement posted after this payment's T+2 due date.
PAY_CLAUSE_000076,VIOLATION,SETTLEMENT_SLA,SETTLEMENT_SLA,,0.00,6.1,Actual grouped settlement posted after this payment's T+2 due date.
PAY_CLAUSE_000077,VIOLATION,SETTLEMENT_SLA,SETTLEMENT_SLA,,0.00,6.1,Actual grouped settlement posted after this payment's T+2 due date.
PAY_CLAUSE_000078,VIOLATION,SETTLEMENT_SLA,SETTLEMENT_SLA,,0.00,6.1,Actual grouped settlement posted after this payment's T+2 due date.
PAY_CLAUSE_000079,VIOLATION,SETTLEMENT_SLA,SETTLEMENT_SLA,,0.00,6.1,Actual grouped settlement posted after this payment's T+2 due date.
PAY_CLAUSE_000080,PASS,,,,0.00,,
PAY_CLAUSE_000081,VIOLATION,SETTLEMENT_SLA,SETTLEMENT_SLA,,0.00,6.1,Actual grouped settlement posted after this payment's T+2 due date.
PAY_CLAUSE_000082,VIOLATION,SETTLEMENT_SLA,SETTLEMENT_SLA,,0.00,6.1,Actual grouped settlement posted after this payment's T+2 due date.
PAY_CLAUSE_000083,VIOLATION,SETTLEMENT_SLA,SETTLEMENT_SLA,,0.00,6.1,Actual grouped settlement posted after this payment's T+2 due date.
PAY_CLAUSE_000084,VIOLATION,SETTLEMENT_SLA,SETTLEMENT_SLA,,0.00,6.1,Actual grouped settlement posted after this payment's T+2 due date.
PAY_CLAUSE_000085,VIOLATION,SETTLEMENT_SLA,SETTLEMENT_SLA,,0.00,6.1,Actual grouped settlement posted after this payment's T+2 due date.
PAY_CLAUSE_000086,VIOLATION,SETTLEMENT_SLA,SETTLEMENT_SLA,,0.00,6.1,Actual grouped settlement posted after this payment's T+2 due date.
PAY_CLAUSE_000087,VIOLATION,SETTLEMENT_SLA,SETTLEMENT_SLA,,0.00,6.1,Actual grouped settlement posted after this payment's T+2 due date.
PAY_CLAUSE_000088,VIOLATION,SETTLEMENT_SLA,SETTLEMENT_SLA,,0.00,6.1,Actual grouped settlement posted after this payment's T+2 due date.
PAY_CLAUSE_000089,VIOLATION,SETTLEMENT_SLA,SETTLEMENT_SLA,,0.00,6.1,Actual grouped settlement posted after this payment's T+2 due date.
PAY_CLAUSE_000090,VIOLATION,SETTLEMENT_SLA,SETTLEMENT_SLA,,0.00,6.1,Actual grouped settlement posted after this payment's T+2 due date.
PAY_CLAUSE_000091,VIOLATION,SETTLEMENT_SLA,SETTLEMENT_SLA,,0.00,6.1,Actual grouped settlement posted after this payment's T+2 due date.
PAY_CLAUSE_000092,VIOLATION,SETTLEMENT_SLA,SETTLEMENT_SLA,,0.00,6.1,Actual grouped settlement posted after this payment's T+2 due date.
PAY_CLAUSE_000093,VIOLATION,SETTLEMENT_SLA,SETTLEMENT_SLA,,0.00,6.1,Actual grouped settlement posted after this payment's T+2 due date.
PAY_CLAUSE_000094,PASS,,,,0.00,,
PAY_CLAUSE_000095,VIOLATION,GST_ON_FEE;SETTLEMENT_SLA,GST_ON_FEE;SETTLEMENT_SLA,,0.19,4.3;6.1,GST calculated at 22% of approved fee instead of 18%. Actual grouped settlement posted after this payment's T+2 due date.
PAY_CLAUSE_000096,VIOLATION,SETTLEMENT_SLA,SETTLEMENT_SLA,,0.00,6.1,Actual grouped settlement posted after this payment's T+2 due date.
PAY_CLAUSE_000097,VIOLATION,SETTLEMENT_SLA,SETTLEMENT_SLA,,0.00,6.1,Actual grouped settlement posted after this payment's T+2 due date.
PAY_CLAUSE_000098,VIOLATION,SETTLEMENT_SLA,SETTLEMENT_SLA,,0.00,6.1,Actual grouped settlement posted after this payment's T+2 due date.
PAY_CLAUSE_000099,VIOLATION,SETTLEMENT_SLA,SETTLEMENT_SLA,,0.00,6.1,Actual grouped settlement posted after this payment's T+2 due date.
PAY_CLAUSE_000100,VIOLATION,SETTLEMENT_SLA,SETTLEMENT_SLA,,0.00,6.1,Actual grouped settlement posted after this payment's T+2 due date.
PAY_CLAUSE_000101,VIOLATION,SETTLEMENT_SLA,SETTLEMENT_SLA,,0.00,6.1,Actual grouped settlement posted after this payment's T+2 due date.
PAY_CLAUSE_000102,PASS,,,,0.00,,
PAY_CLAUSE_000103,VIOLATION,SETTLEMENT_SLA,SETTLEMENT_SLA,,0.00,6.1,Actual grouped settlement posted after this payment's T+2 due date.
PAY_CLAUSE_000104,VIOLATION,GST_ON_FEE;MDR_RATE;SETTLEMENT_SLA,MDR_RATE;SETTLEMENT_SLA,GST_ON_FEE,23.60,4.3;6.1;A1.2,Post-amendment MDR exceeds approved 1.65%; GST downstream. Actual grouped settlement posted after this payment's T+2 due date.
PAY_CLAUSE_000105,VIOLATION,SETTLEMENT_SLA,SETTLEMENT_SLA,,0.00,6.1,Actual grouped settlement posted after this payment's T+2 due date.
PAY_CLAUSE_000106,PASS,,,,0.00,,
PAY_CLAUSE_000107,VIOLATION,SETTLEMENT_SLA,SETTLEMENT_SLA,,0.00,6.1,Actual grouped settlement posted after this payment's T+2 due date.
PAY_CLAUSE_000108,VIOLATION,SETTLEMENT_SLA,SETTLEMENT_SLA,,0.00,6.1,Actual grouped settlement posted after this payment's T+2 due date.
PAY_CLAUSE_000109,VIOLATION,SETTLEMENT_SLA,SETTLEMENT_SLA,,0.00,6.1,Actual grouped settlement posted after this payment's T+2 due date.
PAY_CLAUSE_000110,VIOLATION,SETTLEMENT_SLA,SETTLEMENT_SLA,,0.00,6.1,Actual grouped settlement posted after this payment's T+2 due date.
PAY_CLAUSE_000111,VIOLATION,SETTLEMENT_SLA,SETTLEMENT_SLA,,0.00,6.1,Actual grouped settlement posted after this payment's T+2 due date.
PAY_CLAUSE_000112,VIOLATION,SETTLEMENT_SLA,SETTLEMENT_SLA,,0.00,6.1,Actual grouped settlement posted after this payment's T+2 due date.
PAY_CLAUSE_000113,VIOLATION,SETTLEMENT_SLA,SETTLEMENT_SLA,,0.00,6.1,Actual grouped settlement posted after this payment's T+2 due date.
PAY_CLAUSE_000114,VIOLATION,SETTLEMENT_SLA,SETTLEMENT_SLA,,0.00,6.1,Actual grouped settlement posted after this payment's T+2 due date.
PAY_CLAUSE_000115,VIOLATION,SETTLEMENT_SLA,SETTLEMENT_SLA,,0.00,6.1,Actual grouped settlement posted after this payment's T+2 due date.
PAY_CLAUSE_000116,VIOLATION,SETTLEMENT_SLA,SETTLEMENT_SLA,,0.00,6.1,Actual grouped settlement posted after this payment's T+2 due date.
PAY_CLAUSE_000117,VIOLATION,SETTLEMENT_SLA,SETTLEMENT_SLA,,0.00,6.1,Actual grouped settlement posted after this payment's T+2 due date.
PAY_CLAUSE_000118,VIOLATION,SETTLEMENT_SLA,SETTLEMENT_SLA,,0.00,6.1,Actual grouped settlement posted after this payment's T+2 due date.
PAY_CLAUSE_000119,VIOLATION,SETTLEMENT_SLA,SETTLEMENT_SLA,,0.00,6.1,Actual grouped settlement posted after this payment's T+2 due date.
PAY_CLAUSE_000120,VIOLATION,SETTLEMENT_SLA,SETTLEMENT_SLA,,0.00,6.1,Actual grouped settlement posted after this payment's T+2 due date.
PAY_CLAUSE_000121,VIOLATION,SETTLEMENT_SLA,SETTLEMENT_SLA,,0.00,6.1,Actual grouped settlement posted after this payment's T+2 due date.
PAY_CLAUSE_000122,VIOLATION,REFUND_EXCEEDS_PAYMENT;SETTLEMENT_SLA,REFUND_EXCEEDS_PAYMENT;SETTLEMENT_SLA,,29.85,6.1;7.3,Cumulative successful refunds exceed captured payment principal. Actual grouped settlement posted after this payment's T+2 due date.
PAY_CLAUSE_000123,VIOLATION,SETTLEMENT_SLA,SETTLEMENT_SLA,,0.00,6.1,Actual grouped settlement posted after this payment's T+2 due date.
PAY_CLAUSE_000124,VIOLATION,SETTLEMENT_SLA,SETTLEMENT_SLA,,0.00,6.1,Actual grouped settlement posted after this payment's T+2 due date.
PAY_CLAUSE_000125,VIOLATION,SETTLEMENT_SLA,SETTLEMENT_SLA,,0.00,6.1,Actual grouped settlement posted after this payment's T+2 due date.
PAY_CLAUSE_000126,VIOLATION,SETTLEMENT_SLA,SETTLEMENT_SLA,,0.00,6.1,Actual grouped settlement posted after this payment's T+2 due date.
PAY_CLAUSE_000127,VIOLATION,SETTLEMENT_SLA,SETTLEMENT_SLA,,0.00,6.1,Actual grouped settlement posted after this payment's T+2 due date.
PAY_CLAUSE_000128,VIOLATION,SETTLEMENT_SLA,SETTLEMENT_SLA,,0.00,6.1,Actual grouped settlement posted after this payment's T+2 due date.
PAY_CLAUSE_000129,VIOLATION,SETTLEMENT_SLA,SETTLEMENT_SLA,,0.00,6.1,Actual grouped settlement posted after this payment's T+2 due date.
PAY_CLAUSE_000130,VIOLATION,REFUND_EXCEEDS_PAYMENT;SETTLEMENT_SLA,REFUND_EXCEEDS_PAYMENT;SETTLEMENT_SLA,,749.85,6.1;7.3,Cumulative successful refunds exceed captured payment principal. Actual grouped settlement posted after this payment's T+2 due date.
PAY_CLAUSE_000131,VIOLATION,SETTLEMENT_SLA,SETTLEMENT_SLA,,0.00,6.1,Actual grouped settlement posted after this payment's T+2 due date.
PAY_CLAUSE_000132,VIOLATION,SETTLEMENT_SLA,SETTLEMENT_SLA,,0.00,6.1,Actual grouped settlement posted after this payment's T+2 due date.
PAY_CLAUSE_000133,VIOLATION,SETTLEMENT_SLA,SETTLEMENT_SLA,,0.00,6.1,Actual grouped settlement posted after this payment's T+2 due date.
PAY_CLAUSE_000134,VIOLATION,SETTLEMENT_SLA,SETTLEMENT_SLA,,0.00,6.1,Actual grouped settlement posted after this payment's T+2 due date.
PAY_CLAUSE_000135,VIOLATION,SETTLEMENT_SLA,SETTLEMENT_SLA,,0.00,6.1,Actual grouped settlement posted after this payment's T+2 due date.
PAY_CLAUSE_000136,PASS,,,,0.00,,
PAY_CLAUSE_000137,VIOLATION,SETTLEMENT_SLA,SETTLEMENT_SLA,,0.00,6.1,Actual grouped settlement posted after this payment's T+2 due date.
PAY_CLAUSE_000138,VIOLATION,SETTLEMENT_SLA,SETTLEMENT_SLA,,0.00,6.1,Actual grouped settlement posted after this payment's T+2 due date.
PAY_CLAUSE_000139,VIOLATION,SETTLEMENT_SLA,SETTLEMENT_SLA,,0.00,6.1,Actual grouped settlement posted after this payment's T+2 due date.
PAY_CLAUSE_000140,VIOLATION,SETTLEMENT_SLA,SETTLEMENT_SLA,,0.00,6.1,Actual grouped settlement posted after this payment's T+2 due date.
PAY_CLAUSE_000141,VIOLATION,SETTLEMENT_SLA,SETTLEMENT_SLA,,0.00,6.1,Actual grouped settlement posted after this payment's T+2 due date.
PAY_CLAUSE_000142,VIOLATION,SETTLEMENT_SLA,SETTLEMENT_SLA,,0.00,6.1,Actual grouped settlement posted after this payment's T+2 due date.
PAY_CLAUSE_000143,VIOLATION,SETTLEMENT_SLA,SETTLEMENT_SLA,,0.00,6.1,Actual grouped settlement posted after this payment's T+2 due date.
PAY_CLAUSE_000144,VIOLATION,SETTLEMENT_SLA,SETTLEMENT_SLA,,0.00,6.1,Actual grouped settlement posted after this payment's T+2 due date.
PAY_CLAUSE_000145,VIOLATION,SETTLEMENT_SLA,SETTLEMENT_SLA,,0.00,6.1,Actual grouped settlement posted after this payment's T+2 due date.
PAY_CLAUSE_000146,VIOLATION,SETTLEMENT_SLA,SETTLEMENT_SLA,,0.00,6.1,Actual grouped settlement posted after this payment's T+2 due date.
PAY_CLAUSE_000147,VIOLATION,SETTLEMENT_SLA,SETTLEMENT_SLA,,0.00,6.1,Actual grouped settlement posted after this payment's T+2 due date.
PAY_CLAUSE_000148,VIOLATION,SETTLEMENT_SLA,SETTLEMENT_SLA,,0.00,6.1,Actual grouped settlement posted after this payment's T+2 due date.
PAY_CLAUSE_000149,VIOLATION,SETTLEMENT_SLA,SETTLEMENT_SLA,,0.00,6.1,Actual grouped settlement posted after this payment's T+2 due date.
PAY_CLAUSE_000150,VIOLATION,SETTLEMENT_SLA,SETTLEMENT_SLA,,0.00,6.1,Actual grouped settlement posted after this payment's T+2 due date.
PAY_CLAUSE_000151,VIOLATION,GST_ON_FEE;SETTLEMENT_SLA,GST_ON_FEE;SETTLEMENT_SLA,,0.13,4.3;6.1,GST calculated at 22% of approved fee instead of 18%. Actual grouped settlement posted after this payment's T+2 due date.
PAY_CLAUSE_000152,VIOLATION,SETTLEMENT_SLA,SETTLEMENT_SLA,,0.00,6.1,Actual grouped settlement posted after this payment's T+2 due date.
PAY_CLAUSE_000153,VIOLATION,GST_ON_FEE;MDR_RATE;SETTLEMENT_SLA,MDR_RATE;SETTLEMENT_SLA,GST_ON_FEE,47.20,4.2;4.3;6.1,Pre-amendment MDR overcharge; GST downstream of excessive fee. Actual grouped settlement posted after this payment's T+2 due date.
PAY_CLAUSE_000154,VIOLATION,SETTLEMENT_SLA,SETTLEMENT_SLA,,0.00,6.1,Actual grouped settlement posted after this payment's T+2 due date.
PAY_CLAUSE_000155,VIOLATION,SETTLEMENT_SLA,SETTLEMENT_SLA,,0.00,6.1,Actual grouped settlement posted after this payment's T+2 due date.
PAY_CLAUSE_000156,PASS,,,,0.00,,
PAY_CLAUSE_000157,VIOLATION,SETTLEMENT_SLA,SETTLEMENT_SLA,,0.00,6.1,Actual grouped settlement posted after this payment's T+2 due date.
PAY_CLAUSE_000158,PASS,,,,0.00,,
PAY_CLAUSE_000159,VIOLATION,SETTLEMENT_SLA,SETTLEMENT_SLA,,0.00,6.1,Actual grouped settlement posted after this payment's T+2 due date.
PAY_CLAUSE_000160,PASS,,,,0.00,,
PAY_CLAUSE_000161,VIOLATION,SETTLEMENT_SLA,SETTLEMENT_SLA,,0.00,6.1,Actual grouped settlement posted after this payment's T+2 due date.
PAY_CLAUSE_000162,PASS,,,,0.00,,
PAY_CLAUSE_000163,VIOLATION,SETTLEMENT_SLA,SETTLEMENT_SLA,,0.00,6.1,Actual grouped settlement posted after this payment's T+2 due date.
PAY_CLAUSE_000164,PASS,,,,0.00,,
PAY_CLAUSE_000165,VIOLATION,SETTLEMENT_SLA,SETTLEMENT_SLA,,0.00,6.1,Actual grouped settlement posted after this payment's T+2 due date.
PAY_CLAUSE_000166,VIOLATION,SETTLEMENT_SLA,SETTLEMENT_SLA,,0.00,6.1,Actual grouped settlement posted after this payment's T+2 due date.
PAY_CLAUSE_000167,VIOLATION,MISSING_BANK_SETTLEMENT;SETTLEMENT_SLA,MISSING_BANK_SETTLEMENT;SETTLEMENT_SLA,,0.00,6.1;6.4,Actual grouped settlement posted after this payment's T+2 due date. Settlement completed but no corresponding bank credit exists.
PAY_CLAUSE_000168,VIOLATION,MISSING_BANK_SETTLEMENT;SETTLEMENT_SLA,MISSING_BANK_SETTLEMENT;SETTLEMENT_SLA,,0.00,6.1;6.4,Actual grouped settlement posted after this payment's T+2 due date. Settlement completed but no corresponding bank credit exists.
PAY_CLAUSE_000169,VIOLATION,MISSING_BANK_SETTLEMENT;SETTLEMENT_SLA,MISSING_BANK_SETTLEMENT;SETTLEMENT_SLA,,0.00,6.1;6.4,Actual grouped settlement posted after this payment's T+2 due date. Settlement completed but no corresponding bank credit exists.
PAY_CLAUSE_000170,VIOLATION,MISSING_BANK_SETTLEMENT;SETTLEMENT_SLA,MISSING_BANK_SETTLEMENT;SETTLEMENT_SLA,,0.00,6.1;6.4,Actual grouped settlement posted after this payment's T+2 due date. Settlement completed but no corresponding bank credit exists.
PAY_CLAUSE_000171,VIOLATION,MISSING_BANK_SETTLEMENT;SETTLEMENT_SLA,MISSING_BANK_SETTLEMENT;SETTLEMENT_SLA,,0.00,6.1;6.4,Actual grouped settlement posted after this payment's T+2 due date. Settlement completed but no corresponding bank credit exists.
PAY_CLAUSE_000172,VIOLATION,MISSING_BANK_SETTLEMENT,MISSING_BANK_SETTLEMENT,,0.00,6.4,Settlement completed but no corresponding bank credit exists.
PAY_CLAUSE_000173,VIOLATION,MISSING_BANK_SETTLEMENT;SETTLEMENT_SLA,MISSING_BANK_SETTLEMENT;SETTLEMENT_SLA,,0.00,6.1;6.4,Actual grouped settlement posted after this payment's T+2 due date. Settlement completed but no corresponding bank credit exists.
PAY_CLAUSE_000174,VIOLATION,DUPLICATE_REFUND_DEDUCTION;MISSING_BANK_SETTLEMENT;SETTLEMENT_SLA,DUPLICATE_REFUND_DEDUCTION;MISSING_BANK_SETTLEMENT;SETTLEMENT_SLA,,4999.60,6.1;6.4;7.2,Refund principal deducted twice. Actual grouped settlement posted after this payment's T+2 due date. Settlement completed but no corresponding bank credit exists.
PAY_CLAUSE_000175,VIOLATION,MISSING_BANK_SETTLEMENT;SETTLEMENT_SLA,MISSING_BANK_SETTLEMENT;SETTLEMENT_SLA,,0.00,6.1;6.4,Actual grouped settlement posted after this payment's T+2 due date. Settlement completed but no corresponding bank credit exists.
PAY_CLAUSE_000176,VIOLATION,SETTLEMENT_SLA,SETTLEMENT_SLA,,0.00,6.1,Actual grouped settlement posted after this payment's T+2 due date.
PAY_CLAUSE_000177,VIOLATION,SETTLEMENT_SLA,SETTLEMENT_SLA,,0.00,6.1,Actual grouped settlement posted after this payment's T+2 due date.
PAY_CLAUSE_000178,VIOLATION,SETTLEMENT_SLA,SETTLEMENT_SLA,,0.00,6.1,Actual grouped settlement posted after this payment's T+2 due date.
PAY_CLAUSE_000179,VIOLATION,SETTLEMENT_SLA,SETTLEMENT_SLA,,0.00,6.1,Actual grouped settlement posted after this payment's T+2 due date.
PAY_CLAUSE_000180,VIOLATION,SETTLEMENT_SLA,SETTLEMENT_SLA,,0.00,6.1,Actual grouped settlement posted after this payment's T+2 due date.
PAY_CLAUSE_000181,VIOLATION,SETTLEMENT_SLA,SETTLEMENT_SLA,,0.00,6.1,Actual grouped settlement posted after this payment's T+2 due date.
PAY_CLAUSE_000182,VIOLATION,SETTLEMENT_SLA,SETTLEMENT_SLA,,0.00,6.1,Actual grouped settlement posted after this payment's T+2 due date.
PAY_CLAUSE_000183,VIOLATION,SETTLEMENT_SLA,SETTLEMENT_SLA,,0.00,6.1,Actual grouped settlement posted after this payment's T+2 due date.
PAY_CLAUSE_000184,VIOLATION,CHARGEBACK_FEE_OVERCHARGE,CHARGEBACK_FEE_OVERCHARGE,,250.00,4.7;7.4,Chargeback administration fee is INR 500 instead of permitted INR 250.
PAY_CLAUSE_000185,VIOLATION,SETTLEMENT_SLA,SETTLEMENT_SLA,,0.00,6.1,Actual grouped settlement posted after this payment's T+2 due date.
PAY_CLAUSE_000186,PASS,,,,0.00,,
PAY_CLAUSE_000187,VIOLATION,SETTLEMENT_SLA,SETTLEMENT_SLA,,0.00,6.1,Actual grouped settlement posted after this payment's T+2 due date.
PAY_CLAUSE_000188,VIOLATION,SETTLEMENT_SLA,SETTLEMENT_SLA,,0.00,6.1,INR 0.01 rounding/tolerance edge; expected to pass. Actual grouped settlement posted after this payment's T+2 due date.
PAY_CLAUSE_000189,VIOLATION,SETTLEMENT_SLA,SETTLEMENT_SLA,,0.00,6.1,Actual grouped settlement posted after this payment's T+2 due date.
PAY_CLAUSE_000190,VIOLATION,SETTLEMENT_SLA,SETTLEMENT_SLA,,0.00,6.1,Actual grouped settlement posted after this payment's T+2 due date.
PAY_CLAUSE_000191,VIOLATION,SETTLEMENT_SLA,SETTLEMENT_SLA,,0.00,6.1,Actual grouped settlement posted after this payment's T+2 due date.
PAY_CLAUSE_000192,VIOLATION,SETTLEMENT_SLA,SETTLEMENT_SLA,,0.00,6.1,Actual grouped settlement posted after this payment's T+2 due date.
PAY_CLAUSE_000193,VIOLATION,SETTLEMENT_SLA,SETTLEMENT_SLA,,0.00,6.1,Actual grouped settlement posted after this payment's T+2 due date.
PAY_CLAUSE_000194,VIOLATION,SETTLEMENT_SLA,SETTLEMENT_SLA,,0.00,6.1,Actual grouped settlement posted after this payment's T+2 due date.
PAY_CLAUSE_000195,VIOLATION,SETTLEMENT_SLA,SETTLEMENT_SLA,,0.00,6.1,Actual grouped settlement posted after this payment's T+2 due date.
PAY_CLAUSE_000196,VIOLATION,SETTLEMENT_SLA,SETTLEMENT_SLA,,0.00,6.1,Actual grouped settlement posted after this payment's T+2 due date.
PAY_CLAUSE_000197,VIOLATION,SETTLEMENT_SLA,SETTLEMENT_SLA,,0.00,6.1,Actual grouped settlement posted after this payment's T+2 due date.
PAY_CLAUSE_000198,PASS,,,,0.00,,
PAY_CLAUSE_000199,VIOLATION,SETTLEMENT_SLA,SETTLEMENT_SLA,,0.00,6.1,Actual grouped settlement posted after this payment's T+2 due date.
PAY_CLAUSE_000200,VIOLATION,GST_ON_FEE,GST_ON_FEE,,6.60,4.3,GST calculated at 22% of approved fee instead of 18%.
PAY_CLAUSE_000201,VIOLATION,SETTLEMENT_SLA,SETTLEMENT_SLA,,0.00,6.1,Actual grouped settlement posted after this payment's T+2 due date.
PAY_CLAUSE_000202,VIOLATION,SETTLEMENT_SLA,SETTLEMENT_SLA,,0.00,6.1,Actual grouped settlement posted after this payment's T+2 due date.
PAY_CLAUSE_000203,VIOLATION,SETTLEMENT_SLA,SETTLEMENT_SLA,,0.00,6.1,Actual grouped settlement posted after this payment's T+2 due date.
PAY_CLAUSE_000204,PASS,,,,0.00,,
PAY_CLAUSE_000205,VIOLATION,SETTLEMENT_SLA,SETTLEMENT_SLA,,0.00,6.1,Actual grouped settlement posted after this payment's T+2 due date.
PAY_CLAUSE_000206,VIOLATION,SETTLEMENT_SLA,SETTLEMENT_SLA,,0.00,6.1,Actual grouped settlement posted after this payment's T+2 due date.
PAY_CLAUSE_000207,VIOLATION,SETTLEMENT_SLA,SETTLEMENT_SLA,,0.00,6.1,Actual grouped settlement posted after this payment's T+2 due date.
PAY_CLAUSE_000208,PASS,,,,0.00,,
PAY_CLAUSE_000209,VIOLATION,SETTLEMENT_SLA,SETTLEMENT_SLA,,0.00,6.1,Actual grouped settlement posted after this payment's T+2 due date.
PAY_CLAUSE_000210,VIOLATION,SETTLEMENT_SLA,SETTLEMENT_SLA,,0.00,6.1,Actual grouped settlement posted after this payment's T+2 due date.
PAY_CLAUSE_000211,VIOLATION,SETTLEMENT_SLA,SETTLEMENT_SLA,,0.00,6.1,Actual grouped settlement posted after this payment's T+2 due date.
PAY_CLAUSE_000212,VIOLATION,GST_ON_FEE;MDR_RATE;SETTLEMENT_SLA,MDR_RATE;SETTLEMENT_SLA,GST_ON_FEE,0.00,4.3;6.1;A1.2,Post-amendment transaction incorrectly charged old 1.55% MDR. Actual grouped settlement posted after this payment's T+2 due date.
PAY_CLAUSE_000213,VIOLATION,SETTLEMENT_SLA,SETTLEMENT_SLA,,0.00,6.1,Actual grouped settlement posted after this payment's T+2 due date.
PAY_CLAUSE_000214,VIOLATION,GST_ON_FEE;SETTLEMENT_SLA,GST_ON_FEE;SETTLEMENT_SLA,,8.25,4.3;6.1,GST calculated at 22% of approved fee instead of 18%. Actual grouped settlement posted after this payment's T+2 due date.
PAY_CLAUSE_000215,VIOLATION,SETTLEMENT_SLA,SETTLEMENT_SLA,,0.00,6.1,Actual grouped settlement posted after this payment's T+2 due date.
PAY_CLAUSE_000216,VIOLATION,SETTLEMENT_SLA,SETTLEMENT_SLA,,0.00,6.1,Actual grouped settlement posted after this payment's T+2 due date.
PAY_CLAUSE_000217,VIOLATION,SETTLEMENT_SLA,SETTLEMENT_SLA,,0.00,6.1,Actual grouped settlement posted after this payment's T+2 due date.
PAY_CLAUSE_000218,PASS,,,,0.00,,
PAY_CLAUSE_000219,VIOLATION,SETTLEMENT_SLA,SETTLEMENT_SLA,,0.00,6.1,Actual grouped settlement posted after this payment's T+2 due date.
PAY_CLAUSE_000220,PASS,,,,0.00,,
PAY_CLAUSE_000221,VIOLATION,SETTLEMENT_SLA,SETTLEMENT_SLA,,0.00,6.1,Actual grouped settlement posted after this payment's T+2 due date.
PAY_CLAUSE_000222,PASS,,,,0.00,,
PAY_CLAUSE_000223,VIOLATION,SETTLEMENT_SLA,SETTLEMENT_SLA,,0.00,6.1,Actual grouped settlement posted after this payment's T+2 due date.
PAY_CLAUSE_000224,VIOLATION,SETTLEMENT_SLA,SETTLEMENT_SLA,,0.00,6.1,Actual grouped settlement posted after this payment's T+2 due date.
PAY_CLAUSE_000225,VIOLATION,SETTLEMENT_SLA,SETTLEMENT_SLA,,0.00,6.1,INR 0.01 rounding/tolerance edge; expected to pass. Actual grouped settlement posted after this payment's T+2 due date.
PAY_CLAUSE_000226,PASS,,,,0.00,,
PAY_CLAUSE_000227,VIOLATION,SETTLEMENT_SLA,SETTLEMENT_SLA,,0.00,6.1,Actual grouped settlement posted after this payment's T+2 due date.
PAY_CLAUSE_000228,PASS,,,,0.00,,
PAY_CLAUSE_000229,VIOLATION,SETTLEMENT_SLA,SETTLEMENT_SLA,,0.00,6.1,Actual grouped settlement posted after this payment's T+2 due date.
PAY_CLAUSE_000230,VIOLATION,SETTLEMENT_SLA,SETTLEMENT_SLA,,0.00,6.1,Actual grouped settlement posted after this payment's T+2 due date.
PAY_CLAUSE_000231,VIOLATION,REFUND_EXCEEDS_PAYMENT;SETTLEMENT_SLA,REFUND_EXCEEDS_PAYMENT;SETTLEMENT_SLA,,749.85,6.1;7.3,Cumulative successful refunds exceed captured payment principal. Actual grouped settlement posted after this payment's T+2 due date.
PAY_CLAUSE_000232,PASS,,,,0.00,,
PAY_CLAUSE_000233,VIOLATION,SETTLEMENT_SLA,SETTLEMENT_SLA,,0.00,6.1,Actual grouped settlement posted after this payment's T+2 due date.
PAY_CLAUSE_000234,VIOLATION,SETTLEMENT_SLA,SETTLEMENT_SLA,,0.00,6.1,Actual grouped settlement posted after this payment's T+2 due date.
PAY_CLAUSE_000235,VIOLATION,SETTLEMENT_SLA,SETTLEMENT_SLA,,0.00,6.1,Actual grouped settlement posted after this payment's T+2 due date.
PAY_CLAUSE_000236,PASS,,,,0.00,,
PAY_CLAUSE_000237,VIOLATION,SETTLEMENT_SLA,SETTLEMENT_SLA,,0.00,6.1,Actual grouped settlement posted after this payment's T+2 due date.
PAY_CLAUSE_000238,VIOLATION,SETTLEMENT_SLA,SETTLEMENT_SLA,,0.00,6.1,Actual grouped settlement posted after this payment's T+2 due date.
PAY_CLAUSE_000239,VIOLATION,SETTLEMENT_SLA,SETTLEMENT_SLA,,0.00,6.1,Actual grouped settlement posted after this payment's T+2 due date.
PAY_CLAUSE_000240,VIOLATION,SETTLEMENT_SLA,SETTLEMENT_SLA,,0.00,6.1,Actual grouped settlement posted after this payment's T+2 due date.
PAY_CLAUSE_000241,VIOLATION,SETTLEMENT_SLA,SETTLEMENT_SLA,,0.00,6.1,Actual grouped settlement posted after this payment's T+2 due date.
PAY_CLAUSE_000242,VIOLATION,SETTLEMENT_SLA,SETTLEMENT_SLA,,0.00,6.1,Actual grouped settlement posted after this payment's T+2 due date.
PAY_CLAUSE_000243,VIOLATION,SETTLEMENT_SLA,SETTLEMENT_SLA,,0.00,6.1,Actual grouped settlement posted after this payment's T+2 due date.
PAY_CLAUSE_000244,VIOLATION,SETTLEMENT_SLA,SETTLEMENT_SLA,,0.00,6.1,Actual grouped settlement posted after this payment's T+2 due date.
PAY_CLAUSE_000245,VIOLATION,SETTLEMENT_SLA,SETTLEMENT_SLA,,0.00,6.1,Actual grouped settlement posted after this payment's T+2 due date.
PAY_CLAUSE_000246,VIOLATION,SETTLEMENT_SLA,SETTLEMENT_SLA,,0.00,6.1,Actual grouped settlement posted after this payment's T+2 due date.
PAY_CLAUSE_000247,VIOLATION,GST_ON_FEE;SETTLEMENT_SLA,GST_ON_FEE;SETTLEMENT_SLA,,0.49,4.3;6.1,GST calculated at 22% of approved fee instead of 18%. Actual grouped settlement posted after this payment's T+2 due date.
PAY_CLAUSE_000248,PASS,,,,0.00,,
PAY_CLAUSE_000249,VIOLATION,SETTLEMENT_SLA,SETTLEMENT_SLA,,0.00,6.1,Actual grouped settlement posted after this payment's T+2 due date.
PAY_CLAUSE_000250,PASS,,,,0.00,,
PAY_CLAUSE_000251,VIOLATION,SETTLEMENT_SLA,SETTLEMENT_SLA,,0.00,6.1,Actual grouped settlement posted after this payment's T+2 due date.
PAY_CLAUSE_000252,VIOLATION,SETTLEMENT_SLA,SETTLEMENT_SLA,,0.00,6.1,Actual grouped settlement posted after this payment's T+2 due date.
PAY_CLAUSE_000253,VIOLATION,SETTLEMENT_SLA,SETTLEMENT_SLA,,0.00,6.1,Actual grouped settlement posted after this payment's T+2 due date.
PAY_CLAUSE_000254,VIOLATION,SETTLEMENT_SLA,SETTLEMENT_SLA,,0.00,6.1,Actual grouped settlement posted after this payment's T+2 due date.
PAY_CLAUSE_000255,VIOLATION,SETTLEMENT_SLA,SETTLEMENT_SLA,,0.00,6.1,Actual grouped settlement posted after this payment's T+2 due date.
PAY_CLAUSE_000256,VIOLATION,SETTLEMENT_SLA,SETTLEMENT_SLA,,0.00,6.1,Actual grouped settlement posted after this payment's T+2 due date.
PAY_CLAUSE_000257,VIOLATION,SETTLEMENT_SLA,SETTLEMENT_SLA,,0.00,6.1,Actual grouped settlement posted after this payment's T+2 due date.
PAY_CLAUSE_000258,VIOLATION,SETTLEMENT_SLA,SETTLEMENT_SLA,,0.00,6.1,Actual grouped settlement posted after this payment's T+2 due date.
PAY_CLAUSE_000259,VIOLATION,SETTLEMENT_SLA,SETTLEMENT_SLA,,0.00,6.1,Actual grouped settlement posted after this payment's T+2 due date.
PAY_CLAUSE_000260,VIOLATION,SETTLEMENT_SLA,SETTLEMENT_SLA,,0.00,6.1,Actual grouped settlement posted after this payment's T+2 due date.
PAY_CLAUSE_000261,VIOLATION,SETTLEMENT_SLA,SETTLEMENT_SLA,,0.00,6.1,Actual grouped settlement posted after this payment's T+2 due date.
PAY_CLAUSE_000262,VIOLATION,SETTLEMENT_SLA,SETTLEMENT_SLA,,0.00,6.1,Actual grouped settlement posted after this payment's T+2 due date.
PAY_CLAUSE_000263,VIOLATION,SETTLEMENT_SLA,SETTLEMENT_SLA,,0.00,6.1,Actual grouped settlement posted after this payment's T+2 due date.
PAY_CLAUSE_000264,VIOLATION,GST_ON_FEE;MDR_RATE;SETTLEMENT_SLA,MDR_RATE;SETTLEMENT_SLA,GST_ON_FEE,0.00,4.3;6.1;A1.2,Post-amendment transaction incorrectly charged old 1.55% MDR. Actual grouped settlement posted after this payment's T+2 due date.
PAY_CLAUSE_000265,VIOLATION,SETTLEMENT_SLA,SETTLEMENT_SLA,,0.00,6.1,Actual grouped settlement posted after this payment's T+2 due date.
PAY_CLAUSE_000266,PASS,,,,0.00,,
PAY_CLAUSE_000267,VIOLATION,SETTLEMENT_SLA,SETTLEMENT_SLA,,0.00,6.1,Actual grouped settlement posted after this payment's T+2 due date.
PAY_CLAUSE_000268,VIOLATION,MISSING_BANK_SETTLEMENT,MISSING_BANK_SETTLEMENT,,0.00,6.4,Settlement completed but no corresponding bank credit exists.
PAY_CLAUSE_000269,VIOLATION,MISSING_BANK_SETTLEMENT;SETTLEMENT_SLA,MISSING_BANK_SETTLEMENT;SETTLEMENT_SLA,,0.00,6.1;6.4,Actual grouped settlement posted after this payment's T+2 due date. Settlement completed but no corresponding bank credit exists.
PAY_CLAUSE_000270,VIOLATION,MISSING_BANK_SETTLEMENT,MISSING_BANK_SETTLEMENT,,0.00,6.4,Settlement completed but no corresponding bank credit exists.
PAY_CLAUSE_000271,VIOLATION,DUPLICATE_REFUND_DEDUCTION;MISSING_BANK_SETTLEMENT;SETTLEMENT_SLA,DUPLICATE_REFUND_DEDUCTION;MISSING_BANK_SETTLEMENT;SETTLEMENT_SLA,,2999.90,6.1;6.4;7.2,Refund principal deducted twice. Actual grouped settlement posted after this payment's T+2 due date. Settlement completed but no corresponding bank credit exists.
PAY_CLAUSE_000272,VIOLATION,MISSING_BANK_SETTLEMENT,MISSING_BANK_SETTLEMENT,,0.00,6.4,Settlement completed but no corresponding bank credit exists.
PAY_CLAUSE_000273,VIOLATION,MISSING_BANK_SETTLEMENT;SETTLEMENT_SLA,MISSING_BANK_SETTLEMENT;SETTLEMENT_SLA,,0.00,6.1;6.4,Actual grouped settlement posted after this payment's T+2 due date. Settlement completed but no corresponding bank credit exists.
PAY_CLAUSE_000274,VIOLATION,MISSING_BANK_SETTLEMENT;SETTLEMENT_SLA;UNSUPPORTED_FEE,MISSING_BANK_SETTLEMENT;SETTLEMENT_SLA;UNSUPPORTED_FEE,,99.00,4.6;6.1;6.4,Unlisted settlement deduction; contractual expectation is INR 0.00. Actual grouped settlement posted after this payment's T+2 due date. Settlement completed but no corresponding bank credit exists.
PAY_CLAUSE_000275,VIOLATION,MISSING_BANK_SETTLEMENT;REFUND_EXCEEDS_PAYMENT;SETTLEMENT_SLA,MISSING_BANK_SETTLEMENT;REFUND_EXCEEDS_PAYMENT;SETTLEMENT_SLA,,300.00,6.1;6.4;7.3,Cumulative successful refunds exceed captured payment principal. Actual grouped settlement posted after this payment's T+2 due date. Settlement completed but no corresponding bank credit exists.
PAY_CLAUSE_000276,PASS,,,,0.00,,
PAY_CLAUSE_000277,VIOLATION,SETTLEMENT_SLA,SETTLEMENT_SLA,,0.00,6.1,Actual grouped settlement posted after this payment's T+2 due date.
PAY_CLAUSE_000278,VIOLATION,SETTLEMENT_SLA,SETTLEMENT_SLA,,0.00,6.1,Actual grouped settlement posted after this payment's T+2 due date.
PAY_CLAUSE_000279,VIOLATION,SETTLEMENT_SLA,SETTLEMENT_SLA,,0.00,6.1,Actual grouped settlement posted after this payment's T+2 due date.
PAY_CLAUSE_000280,VIOLATION,SETTLEMENT_SLA,SETTLEMENT_SLA,,0.00,6.1,Actual grouped settlement posted after this payment's T+2 due date.
PAY_CLAUSE_000281,VIOLATION,SETTLEMENT_SLA,SETTLEMENT_SLA,,0.00,6.1,Actual grouped settlement posted after this payment's T+2 due date.
PAY_CLAUSE_000282,VIOLATION,SETTLEMENT_SLA,SETTLEMENT_SLA,,0.00,6.1,Actual grouped settlement posted after this payment's T+2 due date.
PAY_CLAUSE_000283,VIOLATION,SETTLEMENT_SLA,SETTLEMENT_SLA,,0.00,6.1,Actual grouped settlement posted after this payment's T+2 due date.
PAY_CLAUSE_000284,VIOLATION,SETTLEMENT_SLA,SETTLEMENT_SLA,,0.00,6.1,Actual grouped settlement posted after this payment's T+2 due date.
PAY_CLAUSE_000285,VIOLATION,SETTLEMENT_SLA,SETTLEMENT_SLA,,0.00,6.1,Actual grouped settlement posted after this payment's T+2 due date.
PAY_CLAUSE_000286,VIOLATION,SETTLEMENT_SLA,SETTLEMENT_SLA,,0.00,6.1,Actual grouped settlement posted after this payment's T+2 due date.
PAY_CLAUSE_000287,VIOLATION,SETTLEMENT_SLA,SETTLEMENT_SLA,,0.00,6.1,Actual grouped settlement posted after this payment's T+2 due date.
PAY_CLAUSE_000288,VIOLATION,SETTLEMENT_SLA,SETTLEMENT_SLA,,0.00,6.1,Actual grouped settlement posted after this payment's T+2 due date.
PAY_CLAUSE_000289,VIOLATION,SETTLEMENT_SLA,SETTLEMENT_SLA,,0.00,6.1,Actual grouped settlement posted after this payment's T+2 due date.
PAY_CLAUSE_000290,PASS,,,,0.00,,
PAY_CLAUSE_000291,VIOLATION,SETTLEMENT_SLA,SETTLEMENT_SLA,,0.00,6.1,Actual grouped settlement posted after this payment's T+2 due date.
PAY_CLAUSE_000292,VIOLATION,SETTLEMENT_SLA,SETTLEMENT_SLA,,0.00,6.1,Actual grouped settlement posted after this payment's T+2 due date.
PAY_CLAUSE_000293,VIOLATION,SETTLEMENT_SLA,SETTLEMENT_SLA,,0.00,6.1,Actual grouped settlement posted after this payment's T+2 due date.
PAY_CLAUSE_000294,VIOLATION,SETTLEMENT_SLA,SETTLEMENT_SLA,,0.00,6.1,Actual grouped settlement posted after this payment's T+2 due date.
PAY_CLAUSE_000295,VIOLATION,SETTLEMENT_SLA,SETTLEMENT_SLA,,0.00,6.1,Actual grouped settlement posted after this payment's T+2 due date.
PAY_CLAUSE_000296,VIOLATION,SETTLEMENT_SLA,SETTLEMENT_SLA,,0.00,6.1,Actual grouped settlement posted after this payment's T+2 due date.
PAY_CLAUSE_000297,VIOLATION,SETTLEMENT_SLA,SETTLEMENT_SLA,,0.00,6.1,Actual grouped settlement posted after this payment's T+2 due date.
PAY_CLAUSE_000298,VIOLATION,SETTLEMENT_SLA,SETTLEMENT_SLA,,0.00,6.1,Actual grouped settlement posted after this payment's T+2 due date.
PAY_CLAUSE_000299,VIOLATION,DUPLICATE_REFUND_DEDUCTION;SETTLEMENT_SLA,DUPLICATE_REFUND_DEDUCTION;SETTLEMENT_SLA,,1999.95,6.1;7.2,Refund principal deducted twice. Actual grouped settlement posted after this payment's T+2 due date.
PAY_CLAUSE_000300,PASS,,,,0.00,,
PAY_CLAUSE_000301,VIOLATION,SETTLEMENT_SLA,SETTLEMENT_SLA,,0.00,6.1,Actual grouped settlement posted after this payment's T+2 due date.
PAY_CLAUSE_000302,VIOLATION,SETTLEMENT_SLA,SETTLEMENT_SLA,,0.00,6.1,INR 0.01 rounding/tolerance edge; expected to pass. Actual grouped settlement posted after this payment's T+2 due date.
PAY_CLAUSE_000303,VIOLATION,SETTLEMENT_SLA,SETTLEMENT_SLA,,0.00,6.1,Actual grouped settlement posted after this payment's T+2 due date.
PAY_CLAUSE_000304,VIOLATION,SETTLEMENT_SLA,SETTLEMENT_SLA,,0.00,6.1,Actual grouped settlement posted after this payment's T+2 due date.
PAY_CLAUSE_000305,VIOLATION,SETTLEMENT_SLA,SETTLEMENT_SLA,,0.00,6.1,Actual grouped settlement posted after this payment's T+2 due date.
PAY_CLAUSE_000306,PASS,,,,0.00,,
PAY_CLAUSE_000307,VIOLATION,SETTLEMENT_SLA,SETTLEMENT_SLA,,0.00,6.1,Actual grouped settlement posted after this payment's T+2 due date.
PAY_CLAUSE_000308,PASS,,,,0.00,,
PAY_CLAUSE_000309,VIOLATION,SETTLEMENT_SLA,SETTLEMENT_SLA,,0.00,6.1,Actual grouped settlement posted after this payment's T+2 due date.
PAY_CLAUSE_000310,PASS,,,,0.00,,
PAY_CLAUSE_000311,VIOLATION,SETTLEMENT_SLA,SETTLEMENT_SLA,,0.00,6.1,Actual grouped settlement posted after this payment's T+2 due date.
PAY_CLAUSE_000312,PASS,,,,0.00,,INR 0.01 rounding/tolerance edge; expected to pass.
PAY_CLAUSE_000313,VIOLATION,SETTLEMENT_SLA,SETTLEMENT_SLA,,0.00,6.1,Actual grouped settlement posted after this payment's T+2 due date.
PAY_CLAUSE_000314,VIOLATION,SETTLEMENT_SLA,SETTLEMENT_SLA,,0.00,6.1,Actual grouped settlement posted after this payment's T+2 due date.
PAY_CLAUSE_000315,VIOLATION,SETTLEMENT_SLA,SETTLEMENT_SLA,,0.00,6.1,Actual grouped settlement posted after this payment's T+2 due date.
PAY_CLAUSE_000316,VIOLATION,SETTLEMENT_SLA,SETTLEMENT_SLA,,0.00,6.1,Actual grouped settlement posted after this payment's T+2 due date.
PAY_CLAUSE_000317,VIOLATION,GST_ON_FEE;MDR_RATE;SETTLEMENT_SLA,MDR_RATE;SETTLEMENT_SLA,GST_ON_FEE,23.60,4.2;4.3;6.1,Pre-amendment MDR overcharge; GST downstream of excessive fee. Actual grouped settlement posted after this payment's T+2 due date.
PAY_CLAUSE_000318,PASS,,,,0.00,,
PAY_CLAUSE_000319,VIOLATION,SETTLEMENT_BANK_ARITHMETIC;SETTLEMENT_SLA,SETTLEMENT_BANK_ARITHMETIC;SETTLEMENT_SLA,,0.00,6.1;6.2,Actual grouped settlement posted after this payment's T+2 due date. Bank credit differs from expected settlement by INR 10.00.
PAY_CLAUSE_000320,VIOLATION,SETTLEMENT_BANK_ARITHMETIC,SETTLEMENT_BANK_ARITHMETIC,,0.00,6.2,Bank credit differs from expected settlement by INR 10.00.
PAY_CLAUSE_000321,VIOLATION,SETTLEMENT_BANK_ARITHMETIC;SETTLEMENT_SLA;UNSUPPORTED_FEE,SETTLEMENT_BANK_ARITHMETIC;SETTLEMENT_SLA;UNSUPPORTED_FEE,,149.00,4.6;6.1;6.2,Unlisted settlement deduction; contractual expectation is INR 0.00. Actual grouped settlement posted after this payment's T+2 due date. Bank credit differs from expected settlement by INR 10.00.
PAY_CLAUSE_000322,VIOLATION,SETTLEMENT_BANK_ARITHMETIC;SETTLEMENT_SLA,SETTLEMENT_BANK_ARITHMETIC;SETTLEMENT_SLA,,0.00,6.1;6.2,Actual grouped settlement posted after this payment's T+2 due date. Bank credit differs from expected settlement by INR 10.00.
PAY_CLAUSE_000323,VIOLATION,SETTLEMENT_BANK_ARITHMETIC;SETTLEMENT_SLA,SETTLEMENT_BANK_ARITHMETIC;SETTLEMENT_SLA,,0.00,6.1;6.2,Actual grouped settlement posted after this payment's T+2 due date. Bank credit differs from expected settlement by INR 10.00.
PAY_CLAUSE_000324,VIOLATION,SETTLEMENT_BANK_ARITHMETIC;SETTLEMENT_SLA,SETTLEMENT_BANK_ARITHMETIC;SETTLEMENT_SLA,,0.00,6.1;6.2,Actual grouped settlement posted after this payment's T+2 due date. Bank credit differs from expected settlement by INR 10.00.
PAY_CLAUSE_000325,VIOLATION,SETTLEMENT_BANK_ARITHMETIC;SETTLEMENT_SLA,SETTLEMENT_BANK_ARITHMETIC;SETTLEMENT_SLA,,0.00,6.1;6.2,Actual grouped settlement posted after this payment's T+2 due date. Bank credit differs from expected settlement by INR 10.00.
PAY_CLAUSE_000326,VIOLATION,SETTLEMENT_BANK_ARITHMETIC;SETTLEMENT_SLA,SETTLEMENT_BANK_ARITHMETIC;SETTLEMENT_SLA,,0.00,6.1;6.2,Actual grouped settlement posted after this payment's T+2 due date. Bank credit differs from expected settlement by INR 10.00.
PAY_CLAUSE_000327,VIOLATION,SETTLEMENT_BANK_ARITHMETIC;SETTLEMENT_SLA;UNSUPPORTED_FEE,SETTLEMENT_BANK_ARITHMETIC;SETTLEMENT_SLA;UNSUPPORTED_FEE,,99.00,4.6;6.1;6.2,Unlisted settlement deduction; contractual expectation is INR 0.00. Actual grouped settlement posted after this payment's T+2 due date. Bank credit differs from expected settlement by INR 10.00.
PAY_CLAUSE_000328,VIOLATION,SETTLEMENT_BANK_ARITHMETIC;SETTLEMENT_SLA,SETTLEMENT_BANK_ARITHMETIC;SETTLEMENT_SLA,,0.00,6.1;6.2,Actual grouped settlement posted after this payment's T+2 due date. Bank credit differs from expected settlement by INR 10.00.
PAY_CLAUSE_000329,VIOLATION,SETTLEMENT_SLA,SETTLEMENT_SLA,,0.00,6.1,Actual grouped settlement posted after this payment's T+2 due date.
PAY_CLAUSE_000330,PASS,,,,0.00,,
PAY_CLAUSE_000331,VIOLATION,GST_ON_FEE;MDR_RATE;SETTLEMENT_SLA,MDR_RATE;SETTLEMENT_SLA,GST_ON_FEE,2.36,4.2;4.3;6.1,Pre-amendment MDR overcharge; GST downstream of excessive fee. Actual grouped settlement posted after this payment's T+2 due date.
PAY_CLAUSE_000332,PASS,,,,0.00,,
PAY_CLAUSE_000333,VIOLATION,SETTLEMENT_SLA,SETTLEMENT_SLA,,0.00,6.1,Actual grouped settlement posted after this payment's T+2 due date.
PAY_CLAUSE_000334,PASS,,,,0.00,,
PAY_CLAUSE_000335,VIOLATION,SETTLEMENT_SLA,SETTLEMENT_SLA,,0.00,6.1,Actual grouped settlement posted after this payment's T+2 due date.
PAY_CLAUSE_000336,PASS,,,,0.00,,
PAY_CLAUSE_000337,VIOLATION,SETTLEMENT_SLA,SETTLEMENT_SLA,,0.00,6.1,Actual grouped settlement posted after this payment's T+2 due date.
PAY_CLAUSE_000338,VIOLATION,SETTLEMENT_SLA,SETTLEMENT_SLA,,0.00,6.1,Actual grouped settlement posted after this payment's T+2 due date.
PAY_CLAUSE_000339,VIOLATION,SETTLEMENT_SLA,SETTLEMENT_SLA,,0.00,6.1,Actual grouped settlement posted after this payment's T+2 due date.
PAY_CLAUSE_000340,VIOLATION,SETTLEMENT_SLA,SETTLEMENT_SLA,,0.00,6.1,Actual grouped settlement posted after this payment's T+2 due date.
PAY_CLAUSE_000341,VIOLATION,SETTLEMENT_SLA,SETTLEMENT_SLA,,0.00,6.1,Actual grouped settlement posted after this payment's T+2 due date.
PAY_CLAUSE_000342,PASS,,,,0.00,,
PAY_CLAUSE_000343,VIOLATION,SETTLEMENT_SLA,SETTLEMENT_SLA,,0.00,6.1,Actual grouped settlement posted after this payment's T+2 due date.
PAY_CLAUSE_000344,VIOLATION,SETTLEMENT_SLA,SETTLEMENT_SLA,,0.00,6.1,Actual grouped settlement posted after this payment's T+2 due date.
PAY_CLAUSE_000345,VIOLATION,SETTLEMENT_SLA,SETTLEMENT_SLA,,0.00,6.1,Actual grouped settlement posted after this payment's T+2 due date.
PAY_CLAUSE_000346,VIOLATION,CHARGEBACK_FEE_OVERCHARGE;SETTLEMENT_SLA,CHARGEBACK_FEE_OVERCHARGE;SETTLEMENT_SLA,,250.00,4.7;6.1;7.4,Chargeback administration fee is INR 500 instead of permitted INR 250. Actual grouped settlement posted after this payment's T+2 due date.
PAY_CLAUSE_000347,VIOLATION,SETTLEMENT_SLA,SETTLEMENT_SLA,,0.00,6.1,Actual grouped settlement posted after this payment's T+2 due date.
PAY_CLAUSE_000348,PASS,,,,0.00,,
PAY_CLAUSE_000349,VIOLATION,SETTLEMENT_SLA,SETTLEMENT_SLA,,0.00,6.1,Actual grouped settlement posted after this payment's T+2 due date.
PAY_CLAUSE_000350,VIOLATION,SETTLEMENT_SLA,SETTLEMENT_SLA,,0.00,6.1,Actual grouped settlement posted after this payment's T+2 due date.
PAY_CLAUSE_000351,VIOLATION,SETTLEMENT_SLA,SETTLEMENT_SLA,,0.00,6.1,Actual grouped settlement posted after this payment's T+2 due date.
PAY_CLAUSE_000352,PASS,,,,0.00,,
PAY_CLAUSE_000353,VIOLATION,SETTLEMENT_SLA,SETTLEMENT_SLA,,0.00,6.1,Actual grouped settlement posted after this payment's T+2 due date.
PAY_CLAUSE_000354,VIOLATION,SETTLEMENT_SLA,SETTLEMENT_SLA,,0.00,6.1,Actual grouped settlement posted after this payment's T+2 due date.
PAY_CLAUSE_000355,VIOLATION,SETTLEMENT_SLA,SETTLEMENT_SLA,,0.00,6.1,Actual grouped settlement posted after this payment's T+2 due date.
PAY_CLAUSE_000356,VIOLATION,SETTLEMENT_SLA,SETTLEMENT_SLA,,0.00,6.1,Actual grouped settlement posted after this payment's T+2 due date.
PAY_CLAUSE_000357,VIOLATION,SETTLEMENT_SLA,SETTLEMENT_SLA,,0.00,6.1,Actual grouped settlement posted after this payment's T+2 due date.
PAY_CLAUSE_000358,VIOLATION,SETTLEMENT_SLA,SETTLEMENT_SLA,,0.00,6.1,Actual grouped settlement posted after this payment's T+2 due date.
PAY_CLAUSE_000359,VIOLATION,SETTLEMENT_SLA,SETTLEMENT_SLA,,0.00,6.1,Actual grouped settlement posted after this payment's T+2 due date.
PAY_CLAUSE_000360,VIOLATION,SETTLEMENT_SLA,SETTLEMENT_SLA,,0.00,6.1,Actual grouped settlement posted after this payment's T+2 due date.
PAY_CLAUSE_000361,VIOLATION,SETTLEMENT_SLA,SETTLEMENT_SLA,,0.00,6.1,Actual grouped settlement posted after this payment's T+2 due date.
PAY_CLAUSE_000362,VIOLATION,SETTLEMENT_SLA,SETTLEMENT_SLA,,0.00,6.1,Actual grouped settlement posted after this payment's T+2 due date.
PAY_CLAUSE_000363,VIOLATION,SETTLEMENT_SLA,SETTLEMENT_SLA,,0.00,6.1,Actual grouped settlement posted after this payment's T+2 due date.
PAY_CLAUSE_000364,PASS,,,,0.00,,
PAY_CLAUSE_000365,VIOLATION,SETTLEMENT_SLA,SETTLEMENT_SLA,,0.00,6.1,Actual grouped settlement posted after this payment's T+2 due date.
PAY_CLAUSE_000366,VIOLATION,SETTLEMENT_SLA,SETTLEMENT_SLA,,0.00,6.1,Actual grouped settlement posted after this payment's T+2 due date.
PAY_CLAUSE_000367,VIOLATION,SETTLEMENT_SLA,SETTLEMENT_SLA,,0.00,6.1,Actual grouped settlement posted after this payment's T+2 due date.
PAY_CLAUSE_000368,VIOLATION,SETTLEMENT_SLA,SETTLEMENT_SLA,,0.00,6.1,Actual grouped settlement posted after this payment's T+2 due date.
PAY_CLAUSE_000369,VIOLATION,SETTLEMENT_SLA,SETTLEMENT_SLA,,0.00,6.1,Actual grouped settlement posted after this payment's T+2 due date.
PAY_CLAUSE_000370,PASS,,,,0.00,,
PAY_CLAUSE_000371,VIOLATION,SETTLEMENT_SLA,SETTLEMENT_SLA,,0.00,6.1,Actual grouped settlement posted after this payment's T+2 due date.
PAY_CLAUSE_000372,VIOLATION,SETTLEMENT_SLA,SETTLEMENT_SLA,,0.00,6.1,Actual grouped settlement posted after this payment's T+2 due date.
PAY_CLAUSE_000373,VIOLATION,SETTLEMENT_SLA,SETTLEMENT_SLA,,0.00,6.1,Actual grouped settlement posted after this payment's T+2 due date.
PAY_CLAUSE_000374,PASS,,,,0.00,,
PAY_CLAUSE_000375,VIOLATION,SETTLEMENT_SLA,SETTLEMENT_SLA,,0.00,6.1,Actual grouped settlement posted after this payment's T+2 due date.
PAY_CLAUSE_000376,VIOLATION,SETTLEMENT_SLA,SETTLEMENT_SLA,,0.00,6.1,Actual grouped settlement posted after this payment's T+2 due date.
PAY_CLAUSE_000377,VIOLATION,SETTLEMENT_SLA,SETTLEMENT_SLA,,0.00,6.1,Actual grouped settlement posted after this payment's T+2 due date.
PAY_CLAUSE_000378,VIOLATION,SETTLEMENT_SLA,SETTLEMENT_SLA,,0.00,6.1,Actual grouped settlement posted after this payment's T+2 due date.
PAY_CLAUSE_000379,VIOLATION,SETTLEMENT_SLA,SETTLEMENT_SLA,,0.00,6.1,Actual grouped settlement posted after this payment's T+2 due date.
PAY_CLAUSE_000380,PASS,,,,0.00,,
PAY_CLAUSE_000381,VIOLATION,SETTLEMENT_SLA,SETTLEMENT_SLA,,0.00,6.1,Actual grouped settlement posted after this payment's T+2 due date.
PAY_CLAUSE_000382,PASS,,,,0.00,,
PAY_CLAUSE_000383,VIOLATION,SETTLEMENT_SLA,SETTLEMENT_SLA,,0.00,6.1,Actual grouped settlement posted after this payment's T+2 due date.
PAY_CLAUSE_000384,VIOLATION,SETTLEMENT_SLA,SETTLEMENT_SLA,,0.00,6.1,Actual grouped settlement posted after this payment's T+2 due date.
PAY_CLAUSE_000385,VIOLATION,SETTLEMENT_SLA,SETTLEMENT_SLA,,0.00,6.1,Actual grouped settlement posted after this payment's T+2 due date.
PAY_CLAUSE_000386,VIOLATION,SETTLEMENT_SLA,SETTLEMENT_SLA,,0.00,6.1,Actual grouped settlement posted after this payment's T+2 due date.
PAY_CLAUSE_000387,VIOLATION,SETTLEMENT_SLA,SETTLEMENT_SLA,,0.00,6.1,INR 0.01 rounding/tolerance edge; expected to pass. Actual grouped settlement posted after this payment's T+2 due date.
PAY_CLAUSE_000388,VIOLATION,SETTLEMENT_SLA,SETTLEMENT_SLA,,0.00,6.1,Actual grouped settlement posted after this payment's T+2 due date.
PAY_CLAUSE_000389,VIOLATION,SETTLEMENT_SLA,SETTLEMENT_SLA,,0.00,6.1,Actual grouped settlement posted after this payment's T+2 due date.
PAY_CLAUSE_000390,VIOLATION,SETTLEMENT_SLA,SETTLEMENT_SLA,,0.00,6.1,Actual grouped settlement posted after this payment's T+2 due date.
PAY_CLAUSE_000391,VIOLATION,SETTLEMENT_SLA,SETTLEMENT_SLA,,0.00,6.1,Actual grouped settlement posted after this payment's T+2 due date.
PAY_CLAUSE_000392,VIOLATION,SETTLEMENT_SLA,SETTLEMENT_SLA,,0.00,6.1,Actual grouped settlement posted after this payment's T+2 due date.
PAY_CLAUSE_000393,VIOLATION,SETTLEMENT_SLA,SETTLEMENT_SLA,,0.00,6.1,Actual grouped settlement posted after this payment's T+2 due date.
PAY_CLAUSE_000394,VIOLATION,SETTLEMENT_SLA,SETTLEMENT_SLA,,0.00,6.1,Actual grouped settlement posted after this payment's T+2 due date.
PAY_CLAUSE_000395,VIOLATION,SETTLEMENT_SLA,SETTLEMENT_SLA,,0.00,6.1,Actual grouped settlement posted after this payment's T+2 due date.
PAY_CLAUSE_000396,VIOLATION,SETTLEMENT_SLA,SETTLEMENT_SLA,,0.00,6.1,Actual grouped settlement posted after this payment's T+2 due date.
PAY_CLAUSE_000397,VIOLATION,SETTLEMENT_SLA,SETTLEMENT_SLA,,0.00,6.1,Actual grouped settlement posted after this payment's T+2 due date.
PAY_CLAUSE_000398,VIOLATION,SETTLEMENT_SLA,SETTLEMENT_SLA,,0.00,6.1,Actual grouped settlement posted after this payment's T+2 due date.
PAY_CLAUSE_000399,VIOLATION,SETTLEMENT_SLA,SETTLEMENT_SLA,,0.00,6.1,Actual grouped settlement posted after this payment's T+2 due date.
PAY_CLAUSE_000400,VIOLATION,SETTLEMENT_SLA,SETTLEMENT_SLA,,0.00,6.1,Actual grouped settlement posted after this payment's T+2 due date.
PAY_CLAUSE_000401,VIOLATION,SETTLEMENT_SLA,SETTLEMENT_SLA,,0.00,6.1,Actual grouped settlement posted after this payment's T+2 due date.
PAY_CLAUSE_000402,VIOLATION,SETTLEMENT_SLA,SETTLEMENT_SLA,,0.00,6.1,Actual grouped settlement posted after this payment's T+2 due date.
PAY_CLAUSE_000403,VIOLATION,SETTLEMENT_SLA,SETTLEMENT_SLA,,0.00,6.1,Actual grouped settlement posted after this payment's T+2 due date.
PAY_CLAUSE_000404,VIOLATION,SETTLEMENT_SLA,SETTLEMENT_SLA,,0.00,6.1,Actual grouped settlement posted after this payment's T+2 due date.
PAY_CLAUSE_000405,VIOLATION,SETTLEMENT_SLA,SETTLEMENT_SLA,,0.00,6.1,Actual grouped settlement posted after this payment's T+2 due date.
PAY_CLAUSE_000406,PASS,,,,0.00,,
PAY_CLAUSE_000407,VIOLATION,SETTLEMENT_SLA,SETTLEMENT_SLA,,0.00,6.1,Actual grouped settlement posted after this payment's T+2 due date.
PAY_CLAUSE_000408,VIOLATION,SETTLEMENT_SLA,SETTLEMENT_SLA,,0.00,6.1,Actual grouped settlement posted after this payment's T+2 due date.
PAY_CLAUSE_000409,VIOLATION,SETTLEMENT_SLA,SETTLEMENT_SLA,,0.00,6.1,Actual grouped settlement posted after this payment's T+2 due date.
PAY_CLAUSE_000410,PASS,,,,0.00,,
PAY_CLAUSE_000411,VIOLATION,GST_ON_FEE;MDR_RATE;SETTLEMENT_SLA,MDR_RATE;SETTLEMENT_SLA,GST_ON_FEE,0.71,4.2;4.3;6.1,Pre-amendment MDR overcharge; GST downstream of excessive fee. Actual grouped settlement posted after this payment's T+2 due date.
PAY_CLAUSE_000412,PASS,,,,0.00,,
PAY_CLAUSE_000413,VIOLATION,SETTLEMENT_SLA,SETTLEMENT_SLA,,0.00,6.1,Actual grouped settlement posted after this payment's T+2 due date.
PAY_CLAUSE_000414,VIOLATION,SETTLEMENT_SLA,SETTLEMENT_SLA,,0.00,6.1,Actual grouped settlement posted after this payment's T+2 due date.
PAY_CLAUSE_000415,VIOLATION,SETTLEMENT_SLA,SETTLEMENT_SLA,,0.00,6.1,Actual grouped settlement posted after this payment's T+2 due date.
PAY_CLAUSE_000416,VIOLATION,SETTLEMENT_SLA,SETTLEMENT_SLA,,0.00,6.1,Actual grouped settlement posted after this payment's T+2 due date.
PAY_CLAUSE_000417,VIOLATION,SETTLEMENT_SLA,SETTLEMENT_SLA,,0.00,6.1,Actual grouped settlement posted after this payment's T+2 due date.
PAY_CLAUSE_000418,PASS,,,,0.00,,
PAY_CLAUSE_000419,VIOLATION,SETTLEMENT_SLA,SETTLEMENT_SLA,,0.00,6.1,Actual grouped settlement posted after this payment's T+2 due date.
PAY_CLAUSE_000420,VIOLATION,DUPLICATE_REFUND_DEDUCTION;SETTLEMENT_SLA,DUPLICATE_REFUND_DEDUCTION;SETTLEMENT_SLA,,749.95,6.1;7.2,Refund principal deducted twice. Actual grouped settlement posted after this payment's T+2 due date.
PAY_CLAUSE_000421,VIOLATION,SETTLEMENT_SLA,SETTLEMENT_SLA,,0.00,6.1,Actual grouped settlement posted after this payment's T+2 due date.
PAY_CLAUSE_000422,VIOLATION,SETTLEMENT_SLA,SETTLEMENT_SLA,,0.00,6.1,Actual grouped settlement posted after this payment's T+2 due date.
PAY_CLAUSE_000423,VIOLATION,SETTLEMENT_SLA,SETTLEMENT_SLA,,0.00,6.1,Actual grouped settlement posted after this payment's T+2 due date.
PAY_CLAUSE_000424,VIOLATION,SETTLEMENT_SLA,SETTLEMENT_SLA,,0.00,6.1,Actual grouped settlement posted after this payment's T+2 due date.
PAY_CLAUSE_000425,VIOLATION,SETTLEMENT_SLA,SETTLEMENT_SLA,,0.00,6.1,Actual grouped settlement posted after this payment's T+2 due date.
PAY_CLAUSE_000426,PASS,,,,0.00,,
PAY_CLAUSE_000427,VIOLATION,SETTLEMENT_SLA,SETTLEMENT_SLA,,0.00,6.1,Actual grouped settlement posted after this payment's T+2 due date.
PAY_CLAUSE_000428,VIOLATION,CHARGEBACK_FEE_OVERCHARGE;SETTLEMENT_SLA,CHARGEBACK_FEE_OVERCHARGE;SETTLEMENT_SLA,,250.00,4.7;6.1;7.4,Chargeback administration fee is INR 500 instead of permitted INR 250. Actual grouped settlement posted after this payment's T+2 due date.
PAY_CLAUSE_000429,VIOLATION,SETTLEMENT_SLA,SETTLEMENT_SLA,,0.00,6.1,Actual grouped settlement posted after this payment's T+2 due date.
PAY_CLAUSE_000430,VIOLATION,SETTLEMENT_SLA,SETTLEMENT_SLA,,0.00,6.1,Actual grouped settlement posted after this payment's T+2 due date.
PAY_CLAUSE_000431,VIOLATION,SETTLEMENT_SLA,SETTLEMENT_SLA,,0.00,6.1,Actual grouped settlement posted after this payment's T+2 due date.
PAY_CLAUSE_000432,VIOLATION,SETTLEMENT_SLA,SETTLEMENT_SLA,,0.00,6.1,Actual grouped settlement posted after this payment's T+2 due date.
PAY_CLAUSE_000433,VIOLATION,SETTLEMENT_SLA,SETTLEMENT_SLA,,0.00,6.1,Actual grouped settlement posted after this payment's T+2 due date.
PAY_CLAUSE_000434,VIOLATION,SETTLEMENT_BANK_ARITHMETIC;SETTLEMENT_SLA,SETTLEMENT_BANK_ARITHMETIC;SETTLEMENT_SLA,,0.00,6.1;6.2,Actual grouped settlement posted after this payment's T+2 due date. Bank credit differs from expected settlement by INR 10.00.
PAY_CLAUSE_000435,VIOLATION,SETTLEMENT_BANK_ARITHMETIC;SETTLEMENT_SLA,SETTLEMENT_BANK_ARITHMETIC;SETTLEMENT_SLA,,0.00,6.1;6.2,Actual grouped settlement posted after this payment's T+2 due date. Bank credit differs from expected settlement by INR 10.00.
PAY_CLAUSE_000436,VIOLATION,SETTLEMENT_BANK_ARITHMETIC,SETTLEMENT_BANK_ARITHMETIC,,0.00,6.2,Bank credit differs from expected settlement by INR 10.00.
PAY_CLAUSE_000437,VIOLATION,SETTLEMENT_BANK_ARITHMETIC;SETTLEMENT_SLA,SETTLEMENT_BANK_ARITHMETIC;SETTLEMENT_SLA,,0.00,6.1;6.2,Actual grouped settlement posted after this payment's T+2 due date. Bank credit differs from expected settlement by INR 10.00.
PAY_CLAUSE_000438,VIOLATION,SETTLEMENT_BANK_ARITHMETIC;SETTLEMENT_SLA,SETTLEMENT_BANK_ARITHMETIC;SETTLEMENT_SLA,,0.00,6.1;6.2,Actual grouped settlement posted after this payment's T+2 due date. Bank credit differs from expected settlement by INR 10.00.
PAY_CLAUSE_000439,VIOLATION,SETTLEMENT_BANK_ARITHMETIC;SETTLEMENT_SLA,SETTLEMENT_BANK_ARITHMETIC;SETTLEMENT_SLA,,0.00,6.1;6.2,Actual grouped settlement posted after this payment's T+2 due date. Bank credit differs from expected settlement by INR 10.00.
PAY_CLAUSE_000440,VIOLATION,SETTLEMENT_BANK_ARITHMETIC;SETTLEMENT_SLA,SETTLEMENT_BANK_ARITHMETIC;SETTLEMENT_SLA,,0.00,6.1;6.2,Actual grouped settlement posted after this payment's T+2 due date. Bank credit differs from expected settlement by INR 10.00.
PAY_CLAUSE_000441,VIOLATION,SETTLEMENT_SLA,SETTLEMENT_SLA,,0.00,6.1,Actual grouped settlement posted after this payment's T+2 due date.
PAY_CLAUSE_000442,VIOLATION,SETTLEMENT_SLA,SETTLEMENT_SLA,,0.00,6.1,Actual grouped settlement posted after this payment's T+2 due date.
PAY_CLAUSE_000443,VIOLATION,SETTLEMENT_SLA,SETTLEMENT_SLA,,0.00,6.1,Actual grouped settlement posted after this payment's T+2 due date.
PAY_CLAUSE_000444,VIOLATION,SETTLEMENT_SLA,SETTLEMENT_SLA,,0.00,6.1,Actual grouped settlement posted after this payment's T+2 due date.
PAY_CLAUSE_000445,VIOLATION,SETTLEMENT_SLA,SETTLEMENT_SLA,,0.00,6.1,Actual grouped settlement posted after this payment's T+2 due date.
PAY_CLAUSE_000446,VIOLATION,GST_ON_FEE;SETTLEMENT_SLA,GST_ON_FEE;SETTLEMENT_SLA,,1.32,4.3;6.1,GST calculated at 22% of approved fee instead of 18%. Actual grouped settlement posted after this payment's T+2 due date.
PAY_CLAUSE_000447,VIOLATION,SETTLEMENT_SLA,SETTLEMENT_SLA,,0.00,6.1,Actual grouped settlement posted after this payment's T+2 due date.
PAY_CLAUSE_000448,VIOLATION,SETTLEMENT_SLA,SETTLEMENT_SLA,,0.00,6.1,Actual grouped settlement posted after this payment's T+2 due date.
PAY_CLAUSE_000449,VIOLATION,SETTLEMENT_SLA,SETTLEMENT_SLA,,0.00,6.1,Actual grouped settlement posted after this payment's T+2 due date.
PAY_CLAUSE_000450,VIOLATION,SETTLEMENT_SLA,SETTLEMENT_SLA,,0.00,6.1,Actual grouped settlement posted after this payment's T+2 due date.
PAY_CLAUSE_000451,VIOLATION,SETTLEMENT_SLA,SETTLEMENT_SLA,,0.00,6.1,Actual grouped settlement posted after this payment's T+2 due date.
PAY_CLAUSE_000452,VIOLATION,SETTLEMENT_SLA,SETTLEMENT_SLA,,0.00,6.1,Actual grouped settlement posted after this payment's T+2 due date.
PAY_CLAUSE_000453,VIOLATION,SETTLEMENT_SLA,SETTLEMENT_SLA,,0.00,6.1,Actual grouped settlement posted after this payment's T+2 due date.
PAY_CLAUSE_000454,VIOLATION,SETTLEMENT_SLA,SETTLEMENT_SLA,,0.00,6.1,Actual grouped settlement posted after this payment's T+2 due date.
PAY_CLAUSE_000455,VIOLATION,SETTLEMENT_SLA,SETTLEMENT_SLA,,0.00,6.1,Actual grouped settlement posted after this payment's T+2 due date.
PAY_CLAUSE_000456,VIOLATION,SETTLEMENT_SLA,SETTLEMENT_SLA,,0.00,6.1,Actual grouped settlement posted after this payment's T+2 due date.
PAY_CLAUSE_000457,VIOLATION,SETTLEMENT_SLA,SETTLEMENT_SLA,,0.00,6.1,Actual grouped settlement posted after this payment's T+2 due date.
PAY_CLAUSE_000458,VIOLATION,SETTLEMENT_SLA,SETTLEMENT_SLA,,0.00,6.1,Actual grouped settlement posted after this payment's T+2 due date.
PAY_CLAUSE_000459,VIOLATION,SETTLEMENT_SLA,SETTLEMENT_SLA,,0.00,6.1,Actual grouped settlement posted after this payment's T+2 due date.
PAY_CLAUSE_000460,VIOLATION,SETTLEMENT_SLA,SETTLEMENT_SLA,,0.00,6.1,Actual grouped settlement posted after this payment's T+2 due date.
PAY_CLAUSE_000461,VIOLATION,SETTLEMENT_SLA,SETTLEMENT_SLA,,0.00,6.1,Actual grouped settlement posted after this payment's T+2 due date.
PAY_CLAUSE_000462,VIOLATION,SETTLEMENT_SLA,SETTLEMENT_SLA,,0.00,6.1,Actual grouped settlement posted after this payment's T+2 due date.
PAY_CLAUSE_000463,VIOLATION,SETTLEMENT_SLA,SETTLEMENT_SLA,,0.00,6.1,Actual grouped settlement posted after this payment's T+2 due date.
PAY_CLAUSE_000464,PASS,,,,0.00,,
PAY_CLAUSE_000465,VIOLATION,SETTLEMENT_SLA,SETTLEMENT_SLA,,0.00,6.1,Actual grouped settlement posted after this payment's T+2 due date.
PAY_CLAUSE_000466,VIOLATION,SETTLEMENT_SLA,SETTLEMENT_SLA,,0.00,6.1,Actual grouped settlement posted after this payment's T+2 due date.
PAY_CLAUSE_000467,VIOLATION,SETTLEMENT_SLA,SETTLEMENT_SLA,,0.00,6.1,Actual grouped settlement posted after this payment's T+2 due date.
PAY_CLAUSE_000468,PASS,,,,0.00,,INR 0.01 rounding/tolerance edge; expected to pass.
PAY_CLAUSE_000469,VIOLATION,SETTLEMENT_SLA,SETTLEMENT_SLA,,0.00,6.1,Actual grouped settlement posted after this payment's T+2 due date.
PAY_CLAUSE_000470,VIOLATION,DUPLICATE_REFUND_DEDUCTION;SETTLEMENT_SLA,DUPLICATE_REFUND_DEDUCTION;SETTLEMENT_SLA,,320.00,6.1;7.2,Refund principal deducted twice. Actual grouped settlement posted after this payment's T+2 due date.
PAY_CLAUSE_000471,VIOLATION,SETTLEMENT_SLA,SETTLEMENT_SLA,,0.00,6.1,Actual grouped settlement posted after this payment's T+2 due date.
PAY_CLAUSE_000472,VIOLATION,SETTLEMENT_SLA,SETTLEMENT_SLA,,0.00,6.1,Actual grouped settlement posted after this payment's T+2 due date.
PAY_CLAUSE_000473,VIOLATION,SETTLEMENT_SLA,SETTLEMENT_SLA,,0.00,6.1,Actual grouped settlement posted after this payment's T+2 due date.
PAY_CLAUSE_000474,VIOLATION,SETTLEMENT_SLA,SETTLEMENT_SLA,,0.00,6.1,Actual grouped settlement posted after this payment's T+2 due date.
PAY_CLAUSE_000475,VIOLATION,SETTLEMENT_SLA,SETTLEMENT_SLA,,0.00,6.1,Actual grouped settlement posted after this payment's T+2 due date.
PAY_CLAUSE_000476,VIOLATION,SETTLEMENT_SLA,SETTLEMENT_SLA,,0.00,6.1,Actual grouped settlement posted after this payment's T+2 due date.
PAY_CLAUSE_000477,VIOLATION,SETTLEMENT_SLA,SETTLEMENT_SLA,,0.00,6.1,Actual grouped settlement posted after this payment's T+2 due date.
PAY_CLAUSE_000478,PASS,,,,0.00,,
PAY_CLAUSE_000479,VIOLATION,SETTLEMENT_SLA,SETTLEMENT_SLA,,0.00,6.1,Actual grouped settlement posted after this payment's T+2 due date.
PAY_CLAUSE_000480,VIOLATION,SETTLEMENT_SLA,SETTLEMENT_SLA,,0.00,6.1,Actual grouped settlement posted after this payment's T+2 due date.
PAY_CLAUSE_000481,VIOLATION,SETTLEMENT_SLA,SETTLEMENT_SLA,,0.00,6.1,Actual grouped settlement posted after this payment's T+2 due date.
PAY_CLAUSE_000482,VIOLATION,GST_ON_FEE;MDR_RATE;SETTLEMENT_SLA,MDR_RATE;SETTLEMENT_SLA,GST_ON_FEE,23.60,4.3;6.1;A1.2,Post-amendment MDR exceeds approved 1.65%; GST downstream. Actual grouped settlement posted after this payment's T+2 due date.
PAY_CLAUSE_000483,VIOLATION,SETTLEMENT_SLA,SETTLEMENT_SLA,,0.00,6.1,Actual grouped settlement posted after this payment's T+2 due date.
PAY_CLAUSE_000484,VIOLATION,SETTLEMENT_SLA,SETTLEMENT_SLA,,0.00,6.1,Actual grouped settlement posted after this payment's T+2 due date.
PAY_CLAUSE_000485,VIOLATION,SETTLEMENT_SLA,SETTLEMENT_SLA,,0.00,6.1,Actual grouped settlement posted after this payment's T+2 due date.
PAY_CLAUSE_000486,VIOLATION,SETTLEMENT_SLA,SETTLEMENT_SLA,,0.00,6.1,Actual grouped settlement posted after this payment's T+2 due date.
PAY_CLAUSE_000487,VIOLATION,SETTLEMENT_SLA,SETTLEMENT_SLA,,0.00,6.1,Actual grouped settlement posted after this payment's T+2 due date.
PAY_CLAUSE_000488,PASS,,,,0.00,,
PAY_CLAUSE_000489,VIOLATION,SETTLEMENT_SLA,SETTLEMENT_SLA,,0.00,6.1,Actual grouped settlement posted after this payment's T+2 due date.
PAY_CLAUSE_000490,VIOLATION,SETTLEMENT_SLA,SETTLEMENT_SLA,,0.00,6.1,Actual grouped settlement posted after this payment's T+2 due date.
PAY_CLAUSE_000491,VIOLATION,SETTLEMENT_SLA,SETTLEMENT_SLA,,0.00,6.1,Actual grouped settlement posted after this payment's T+2 due date.
PAY_CLAUSE_000492,VIOLATION,GST_ON_FEE;MDR_RATE;SETTLEMENT_SLA,MDR_RATE;SETTLEMENT_SLA,GST_ON_FEE,5.90,4.3;6.1;A1.2,Post-amendment MDR exceeds approved 1.65%; GST downstream. Actual grouped settlement posted after this payment's T+2 due date.
PAY_CLAUSE_000493,VIOLATION,SETTLEMENT_SLA,SETTLEMENT_SLA,,0.00,6.1,Actual grouped settlement posted after this payment's T+2 due date.
PAY_CLAUSE_000494,VIOLATION,SETTLEMENT_SLA,SETTLEMENT_SLA,,0.00,6.1,Actual grouped settlement posted after this payment's T+2 due date.
PAY_CLAUSE_000495,VIOLATION,SETTLEMENT_SLA,SETTLEMENT_SLA,,0.00,6.1,Actual grouped settlement posted after this payment's T+2 due date.
PAY_CLAUSE_000496,PASS,,,,0.00,,
PAY_CLAUSE_000497,VIOLATION,SETTLEMENT_SLA,SETTLEMENT_SLA,,0.00,6.1,Actual grouped settlement posted after this payment's T+2 due date.
PAY_CLAUSE_000498,VIOLATION,SETTLEMENT_SLA,SETTLEMENT_SLA,,0.00,6.1,Actual grouped settlement posted after this payment's T+2 due date.
PAY_CLAUSE_000499,VIOLATION,GST_ON_FEE;MDR_RATE;SETTLEMENT_SLA,MDR_RATE;SETTLEMENT_SLA,GST_ON_FEE,1.89,4.2;4.3;6.1,Pre-amendment MDR overcharge; GST downstream of excessive fee. Actual grouped settlement posted after this payment's T+2 due date.
PAY_CLAUSE_000500,VIOLATION,SETTLEMENT_SLA,SETTLEMENT_SLA,,0.00,6.1,Actual grouped settlement posted after this payment's T+2 due date.
PAY_CLAUSE_000501,VIOLATION,SETTLEMENT_SLA,SETTLEMENT_SLA,,0.00,6.1,Actual grouped settlement posted after this payment's T+2 due date.
PAY_CLAUSE_000502,PASS,,,,0.00,,
PAY_CLAUSE_000503,VIOLATION,SETTLEMENT_SLA,SETTLEMENT_SLA,,0.00,6.1,Actual grouped settlement posted after this payment's T+2 due date.
PAY_CLAUSE_000504,PASS,,,,0.00,,
PAY_CLAUSE_000505,VIOLATION,GST_ON_FEE;MDR_RATE;SETTLEMENT_SLA,MDR_RATE;SETTLEMENT_SLA,GST_ON_FEE,5.90,4.2;4.3;6.1,Pre-amendment MDR overcharge; GST downstream of excessive fee. Actual grouped settlement posted after this payment's T+2 due date.
PAY_CLAUSE_000506,VIOLATION,SETTLEMENT_SLA,SETTLEMENT_SLA,,0.00,6.1,Actual grouped settlement posted after this payment's T+2 due date.
PAY_CLAUSE_000507,VIOLATION,SETTLEMENT_SLA,SETTLEMENT_SLA,,0.00,6.1,Actual grouped settlement posted after this payment's T+2 due date.
PAY_CLAUSE_000508,VIOLATION,GST_ON_FEE;SETTLEMENT_SLA,GST_ON_FEE;SETTLEMENT_SLA,,0.99,4.3;6.1,GST calculated at 22% of approved fee instead of 18%. Actual grouped settlement posted after this payment's T+2 due date.
PAY_CLAUSE_000509,VIOLATION,SETTLEMENT_SLA,SETTLEMENT_SLA,,0.00,6.1,Actual grouped settlement posted after this payment's T+2 due date.
PAY_CLAUSE_000510,PASS,,,,0.00,,
PAY_CLAUSE_000511,VIOLATION,SETTLEMENT_SLA,SETTLEMENT_SLA,,0.00,6.1,Actual grouped settlement posted after this payment's T+2 due date.
PAY_CLAUSE_000512,VIOLATION,GST_ON_FEE;SETTLEMENT_SLA,GST_ON_FEE;SETTLEMENT_SLA,,1.65,4.3;6.1,GST calculated at 22% of approved fee instead of 18%. Actual grouped settlement posted after this payment's T+2 due date.
PAY_CLAUSE_000513,VIOLATION,SETTLEMENT_SLA,SETTLEMENT_SLA,,0.00,6.1,Actual grouped settlement posted after this payment's T+2 due date.
PAY_CLAUSE_000514,VIOLATION,SETTLEMENT_SLA,SETTLEMENT_SLA,,0.00,6.1,Actual grouped settlement posted after this payment's T+2 due date.
PAY_CLAUSE_000515,VIOLATION,SETTLEMENT_SLA,SETTLEMENT_SLA,,0.00,6.1,Actual grouped settlement posted after this payment's T+2 due date.
PAY_CLAUSE_000516,VIOLATION,SETTLEMENT_SLA,SETTLEMENT_SLA,,0.00,6.1,Actual grouped settlement posted after this payment's T+2 due date.
PAY_CLAUSE_000517,VIOLATION,SETTLEMENT_SLA;UNSUPPORTED_FEE,SETTLEMENT_SLA;UNSUPPORTED_FEE,,99.00,4.6;6.1,Unlisted settlement deduction; contractual expectation is INR 0.00. Actual grouped settlement posted after this payment's T+2 due date.
PAY_CLAUSE_000518,VIOLATION,SETTLEMENT_SLA,SETTLEMENT_SLA,,0.00,6.1,Actual grouped settlement posted after this payment's T+2 due date.
PAY_CLAUSE_000519,VIOLATION,SETTLEMENT_SLA,SETTLEMENT_SLA,,0.00,6.1,Actual grouped settlement posted after this payment's T+2 due date.
PAY_CLAUSE_000520,VIOLATION,SETTLEMENT_SLA,SETTLEMENT_SLA,,0.00,6.1,Actual grouped settlement posted after this payment's T+2 due date.
PAY_CLAUSE_000521,VIOLATION,SETTLEMENT_SLA,SETTLEMENT_SLA,,0.00,6.1,Actual grouped settlement posted after this payment's T+2 due date.
PAY_CLAUSE_000522,PASS,,,,0.00,,
PAY_CLAUSE_000523,VIOLATION,SETTLEMENT_SLA,SETTLEMENT_SLA,,0.00,6.1,Actual grouped settlement posted after this payment's T+2 due date.
PAY_CLAUSE_000524,VIOLATION,SETTLEMENT_SLA,SETTLEMENT_SLA,,0.00,6.1,INR 0.01 rounding/tolerance edge; expected to pass. Actual grouped settlement posted after this payment's T+2 due date.
PAY_CLAUSE_000525,VIOLATION,SETTLEMENT_SLA,SETTLEMENT_SLA,,0.00,6.1,Actual grouped settlement posted after this payment's T+2 due date.
PAY_CLAUSE_000526,VIOLATION,SETTLEMENT_SLA,SETTLEMENT_SLA,,0.00,6.1,Actual grouped settlement posted after this payment's T+2 due date.
PAY_CLAUSE_000527,VIOLATION,SETTLEMENT_SLA,SETTLEMENT_SLA,,0.00,6.1,Actual grouped settlement posted after this payment's T+2 due date.
PAY_CLAUSE_000528,VIOLATION,SETTLEMENT_SLA,SETTLEMENT_SLA,,0.00,6.1,Actual grouped settlement posted after this payment's T+2 due date.
PAY_CLAUSE_000529,VIOLATION,SETTLEMENT_SLA,SETTLEMENT_SLA,,0.00,6.1,Actual grouped settlement posted after this payment's T+2 due date.
PAY_CLAUSE_000530,PASS,,,,0.00,,
PAY_CLAUSE_000531,VIOLATION,SETTLEMENT_SLA,SETTLEMENT_SLA,,0.00,6.1,Actual grouped settlement posted after this payment's T+2 due date.
PAY_CLAUSE_000532,VIOLATION,SETTLEMENT_SLA,SETTLEMENT_SLA,,0.00,6.1,Actual grouped settlement posted after this payment's T+2 due date.
PAY_CLAUSE_000533,VIOLATION,SETTLEMENT_SLA,SETTLEMENT_SLA,,0.00,6.1,INR 0.01 rounding/tolerance edge; expected to pass. Actual grouped settlement posted after this payment's T+2 due date.
PAY_CLAUSE_000534,VIOLATION,SETTLEMENT_SLA,SETTLEMENT_SLA,,0.00,6.1,Actual grouped settlement posted after this payment's T+2 due date.
PAY_CLAUSE_000535,VIOLATION,SETTLEMENT_SLA,SETTLEMENT_SLA,,0.00,6.1,Actual grouped settlement posted after this payment's T+2 due date.
PAY_CLAUSE_000536,PASS,,,,0.00,,
PAY_CLAUSE_000537,VIOLATION,SETTLEMENT_SLA,SETTLEMENT_SLA,,0.00,6.1,Actual grouped settlement posted after this payment's T+2 due date.
PAY_CLAUSE_000538,VIOLATION,SETTLEMENT_SLA,SETTLEMENT_SLA,,0.00,6.1,Actual grouped settlement posted after this payment's T+2 due date.
PAY_CLAUSE_000539,VIOLATION,CHARGEBACK_FEE_OVERCHARGE;SETTLEMENT_SLA,CHARGEBACK_FEE_OVERCHARGE;SETTLEMENT_SLA,,250.00,4.7;6.1;7.4,Chargeback administration fee is INR 500 instead of permitted INR 250. Actual grouped settlement posted after this payment's T+2 due date.
PAY_CLAUSE_000540,VIOLATION,SETTLEMENT_SLA,SETTLEMENT_SLA,,0.00,6.1,Actual grouped settlement posted after this payment's T+2 due date.
PAY_CLAUSE_000541,VIOLATION,SETTLEMENT_SLA;UNSUPPORTED_FEE,SETTLEMENT_SLA;UNSUPPORTED_FEE,,99.00,4.6;6.1,Unlisted settlement deduction; contractual expectation is INR 0.00. Actual grouped settlement posted after this payment's T+2 due date.
PAY_CLAUSE_000542,VIOLATION,SETTLEMENT_SLA,SETTLEMENT_SLA,,0.00,6.1,Actual grouped settlement posted after this payment's T+2 due date.
PAY_CLAUSE_000543,VIOLATION,SETTLEMENT_SLA,SETTLEMENT_SLA,,0.00,6.1,Actual grouped settlement posted after this payment's T+2 due date.
PAY_CLAUSE_000544,VIOLATION,SETTLEMENT_SLA,SETTLEMENT_SLA,,0.00,6.1,Actual grouped settlement posted after this payment's T+2 due date.
PAY_CLAUSE_000545,VIOLATION,SETTLEMENT_SLA,SETTLEMENT_SLA,,0.00,6.1,Actual grouped settlement posted after this payment's T+2 due date.
PAY_CLAUSE_000546,VIOLATION,SETTLEMENT_SLA,SETTLEMENT_SLA,,0.00,6.1,Actual grouped settlement posted after this payment's T+2 due date.
PAY_CLAUSE_000547,VIOLATION,SETTLEMENT_SLA,SETTLEMENT_SLA,,0.00,6.1,Actual grouped settlement posted after this payment's T+2 due date.
PAY_CLAUSE_000548,VIOLATION,SETTLEMENT_SLA,SETTLEMENT_SLA,,0.00,6.1,Actual grouped settlement posted after this payment's T+2 due date.
PAY_CLAUSE_000549,VIOLATION,SETTLEMENT_SLA,SETTLEMENT_SLA,,0.00,6.1,Actual grouped settlement posted after this payment's T+2 due date.
PAY_CLAUSE_000550,VIOLATION,SETTLEMENT_SLA,SETTLEMENT_SLA,,0.00,6.1,Actual grouped settlement posted after this payment's T+2 due date.
PAY_CLAUSE_000551,VIOLATION,SETTLEMENT_SLA,SETTLEMENT_SLA,,0.00,6.1,Actual grouped settlement posted after this payment's T+2 due date.
PAY_CLAUSE_000552,PASS,,,,0.00,,
PAY_CLAUSE_000553,VIOLATION,DUPLICATE_REFUND_DEDUCTION;SETTLEMENT_SLA,DUPLICATE_REFUND_DEDUCTION;SETTLEMENT_SLA,,99.90,6.1;7.2,Refund principal deducted twice. Actual grouped settlement posted after this payment's T+2 due date.
PAY_CLAUSE_000554,VIOLATION,SETTLEMENT_SLA,SETTLEMENT_SLA,,0.00,6.1,Actual grouped settlement posted after this payment's T+2 due date.
PAY_CLAUSE_000555,VIOLATION,SETTLEMENT_SLA,SETTLEMENT_SLA,,0.00,6.1,Actual grouped settlement posted after this payment's T+2 due date.
PAY_CLAUSE_000556,PASS,,,,0.00,,
PAY_CLAUSE_000557,VIOLATION,SETTLEMENT_SLA,SETTLEMENT_SLA,,0.00,6.1,Actual grouped settlement posted after this payment's T+2 due date.
PAY_CLAUSE_000558,PASS,,,,0.00,,
PAY_CLAUSE_000559,VIOLATION,SETTLEMENT_SLA,SETTLEMENT_SLA,,0.00,6.1,Actual grouped settlement posted after this payment's T+2 due date.
PAY_CLAUSE_000560,VIOLATION,SETTLEMENT_SLA,SETTLEMENT_SLA,,0.00,6.1,Actual grouped settlement posted after this payment's T+2 due date.
PAY_CLAUSE_000561,VIOLATION,SETTLEMENT_SLA,SETTLEMENT_SLA,,0.00,6.1,Actual grouped settlement posted after this payment's T+2 due date.
PAY_CLAUSE_000562,PASS,,,,0.00,,
PAY_CLAUSE_000563,VIOLATION,SETTLEMENT_SLA,SETTLEMENT_SLA,,0.00,6.1,Actual grouped settlement posted after this payment's T+2 due date.
PAY_CLAUSE_000564,PASS,,,,0.00,,
PAY_CLAUSE_000565,VIOLATION,SETTLEMENT_SLA,SETTLEMENT_SLA,,0.00,6.1,Actual grouped settlement posted after this payment's T+2 due date.
PAY_CLAUSE_000566,VIOLATION,SETTLEMENT_SLA,SETTLEMENT_SLA,,0.00,6.1,Actual grouped settlement posted after this payment's T+2 due date.
PAY_CLAUSE_000567,VIOLATION,SETTLEMENT_SLA,SETTLEMENT_SLA,,0.00,6.1,Actual grouped settlement posted after this payment's T+2 due date.
PAY_CLAUSE_000568,VIOLATION,SETTLEMENT_SLA,SETTLEMENT_SLA,,0.00,6.1,Actual grouped settlement posted after this payment's T+2 due date.
PAY_CLAUSE_000569,VIOLATION,SETTLEMENT_SLA,SETTLEMENT_SLA,,0.00,6.1,Actual grouped settlement posted after this payment's T+2 due date.
PAY_CLAUSE_000570,PASS,,,,0.00,,
PAY_CLAUSE_000571,VIOLATION,SETTLEMENT_SLA,SETTLEMENT_SLA,,0.00,6.1,Actual grouped settlement posted after this payment's T+2 due date.
PAY_CLAUSE_000572,VIOLATION,SETTLEMENT_SLA,SETTLEMENT_SLA,,0.00,6.1,Actual grouped settlement posted after this payment's T+2 due date.
PAY_CLAUSE_000573,VIOLATION,GST_ON_FEE;SETTLEMENT_SLA,GST_ON_FEE;SETTLEMENT_SLA,,1.24,4.3;6.1,GST calculated at 22% of approved fee instead of 18%. Actual grouped settlement posted after this payment's T+2 due date.
PAY_CLAUSE_000574,VIOLATION,SETTLEMENT_SLA,SETTLEMENT_SLA,,0.00,6.1,Actual grouped settlement posted after this payment's T+2 due date.
PAY_CLAUSE_000575,VIOLATION,SETTLEMENT_SLA,SETTLEMENT_SLA,,0.00,6.1,Actual grouped settlement posted after this payment's T+2 due date.
PAY_CLAUSE_000576,PASS,,,,0.00,,
PAY_CLAUSE_000577,VIOLATION,SETTLEMENT_SLA,SETTLEMENT_SLA,,0.00,6.1,Actual grouped settlement posted after this payment's T+2 due date.
PAY_CLAUSE_000578,VIOLATION,SETTLEMENT_SLA,SETTLEMENT_SLA,,0.00,6.1,Actual grouped settlement posted after this payment's T+2 due date.
PAY_CLAUSE_000579,VIOLATION,SETTLEMENT_SLA;UNSUPPORTED_FEE,SETTLEMENT_SLA;UNSUPPORTED_FEE,,99.00,4.6;6.1,Unlisted settlement deduction; contractual expectation is INR 0.00. Actual grouped settlement posted after this payment's T+2 due date.
PAY_CLAUSE_000580,VIOLATION,SETTLEMENT_SLA,SETTLEMENT_SLA,,0.00,6.1,Actual grouped settlement posted after this payment's T+2 due date.
PAY_CLAUSE_000581,VIOLATION,SETTLEMENT_SLA,SETTLEMENT_SLA,,0.00,6.1,Actual grouped settlement posted after this payment's T+2 due date.
PAY_CLAUSE_000582,VIOLATION,SETTLEMENT_SLA,SETTLEMENT_SLA,,0.00,6.1,Actual grouped settlement posted after this payment's T+2 due date.
PAY_CLAUSE_000583,VIOLATION,SETTLEMENT_SLA,SETTLEMENT_SLA,,0.00,6.1,Actual grouped settlement posted after this payment's T+2 due date.
PAY_CLAUSE_000584,VIOLATION,SETTLEMENT_SLA,SETTLEMENT_SLA,,0.00,6.1,Actual grouped settlement posted after this payment's T+2 due date.
PAY_CLAUSE_000585,VIOLATION,SETTLEMENT_SLA,SETTLEMENT_SLA,,0.00,6.1,Actual grouped settlement posted after this payment's T+2 due date.
PAY_CLAUSE_000586,VIOLATION,SETTLEMENT_SLA,SETTLEMENT_SLA,,0.00,6.1,Actual grouped settlement posted after this payment's T+2 due date.
PAY_CLAUSE_000587,VIOLATION,SETTLEMENT_SLA,SETTLEMENT_SLA,,0.00,6.1,Actual grouped settlement posted after this payment's T+2 due date.
PAY_CLAUSE_000588,PASS,,,,0.00,,
PAY_CLAUSE_000589,VIOLATION,SETTLEMENT_SLA,SETTLEMENT_SLA,,0.00,6.1,Actual grouped settlement posted after this payment's T+2 due date.
PAY_CLAUSE_000590,VIOLATION,SETTLEMENT_SLA,SETTLEMENT_SLA,,0.00,6.1,Actual grouped settlement posted after this payment's T+2 due date.
PAY_CLAUSE_000591,VIOLATION,SETTLEMENT_SLA,SETTLEMENT_SLA,,0.00,6.1,Actual grouped settlement posted after this payment's T+2 due date.
PAY_CLAUSE_000592,PASS,,,,0.00,,
PAY_CLAUSE_000593,VIOLATION,SETTLEMENT_SLA,SETTLEMENT_SLA,,0.00,6.1,Actual grouped settlement posted after this payment's T+2 due date.
PAY_CLAUSE_000594,VIOLATION,SETTLEMENT_SLA,SETTLEMENT_SLA,,0.00,6.1,Actual grouped settlement posted after this payment's T+2 due date.
PAY_CLAUSE_000595,VIOLATION,SETTLEMENT_SLA,SETTLEMENT_SLA,,0.00,6.1,Actual grouped settlement posted after this payment's T+2 due date.
PAY_CLAUSE_000596,VIOLATION,SETTLEMENT_SLA,SETTLEMENT_SLA,,0.00,6.1,Actual grouped settlement posted after this payment's T+2 due date.
PAY_CLAUSE_000597,VIOLATION,SETTLEMENT_SLA,SETTLEMENT_SLA,,0.00,6.1,Actual grouped settlement posted after this payment's T+2 due date.
PAY_CLAUSE_000598,VIOLATION,SETTLEMENT_SLA,SETTLEMENT_SLA,,0.00,6.1,Actual grouped settlement posted after this payment's T+2 due date.
PAY_CLAUSE_000599,VIOLATION,SETTLEMENT_SLA,SETTLEMENT_SLA,,0.00,6.1,Actual grouped settlement posted after this payment's T+2 due date.
PAY_CLAUSE_000600,VIOLATION,SETTLEMENT_SLA,SETTLEMENT_SLA,,0.00,6.1,Actual grouped settlement posted after this payment's T+2 due date.
PAY_CLAUSE_000601,VIOLATION,SETTLEMENT_SLA,SETTLEMENT_SLA,,0.00,6.1,Actual grouped settlement posted after this payment's T+2 due date.
PAY_CLAUSE_000602,PASS,,,,0.00,,
PAY_CLAUSE_000603,VIOLATION,SETTLEMENT_SLA,SETTLEMENT_SLA,,0.00,6.1,INR 0.01 rounding/tolerance edge; expected to pass. Actual grouped settlement posted after this payment's T+2 due date.
PAY_CLAUSE_000604,VIOLATION,SETTLEMENT_SLA,SETTLEMENT_SLA,,0.00,6.1,Actual grouped settlement posted after this payment's T+2 due date.
PAY_CLAUSE_000605,VIOLATION,SETTLEMENT_SLA,SETTLEMENT_SLA,,0.00,6.1,Actual grouped settlement posted after this payment's T+2 due date.
PAY_CLAUSE_000606,PASS,,,,0.00,,
PAY_CLAUSE_000607,VIOLATION,SETTLEMENT_SLA,SETTLEMENT_SLA,,0.00,6.1,Actual grouped settlement posted after this payment's T+2 due date.
PAY_CLAUSE_000608,VIOLATION,SETTLEMENT_SLA,SETTLEMENT_SLA,,0.00,6.1,Actual grouped settlement posted after this payment's T+2 due date.
PAY_CLAUSE_000609,VIOLATION,SETTLEMENT_SLA,SETTLEMENT_SLA,,0.00,6.1,Actual grouped settlement posted after this payment's T+2 due date.
PAY_CLAUSE_000610,VIOLATION,SETTLEMENT_SLA,SETTLEMENT_SLA,,0.00,6.1,Actual grouped settlement posted after this payment's T+2 due date.
PAY_CLAUSE_000611,VIOLATION,SETTLEMENT_SLA,SETTLEMENT_SLA,,0.00,6.1,Actual grouped settlement posted after this payment's T+2 due date.
PAY_CLAUSE_000612,VIOLATION,SETTLEMENT_SLA,SETTLEMENT_SLA,,0.00,6.1,Actual grouped settlement posted after this payment's T+2 due date.
PAY_CLAUSE_000613,VIOLATION,SETTLEMENT_SLA,SETTLEMENT_SLA,,0.00,6.1,Actual grouped settlement posted after this payment's T+2 due date.
PAY_CLAUSE_000614,PASS,,,,0.00,,
PAY_CLAUSE_000615,VIOLATION,SETTLEMENT_SLA,SETTLEMENT_SLA,,0.00,6.1,Actual grouped settlement posted after this payment's T+2 due date.
PAY_CLAUSE_000616,VIOLATION,SETTLEMENT_SLA,SETTLEMENT_SLA,,0.00,6.1,Actual grouped settlement posted after this payment's T+2 due date.
PAY_CLAUSE_000617,VIOLATION,SETTLEMENT_SLA,SETTLEMENT_SLA,,0.00,6.1,Actual grouped settlement posted after this payment's T+2 due date.
PAY_CLAUSE_000618,VIOLATION,SETTLEMENT_SLA,SETTLEMENT_SLA,,0.00,6.1,Actual grouped settlement posted after this payment's T+2 due date.
PAY_CLAUSE_000619,VIOLATION,SETTLEMENT_SLA,SETTLEMENT_SLA,,0.00,6.1,Actual grouped settlement posted after this payment's T+2 due date.
PAY_CLAUSE_000620,PASS,,,,0.00,,
PAY_CLAUSE_000621,VIOLATION,SETTLEMENT_SLA,SETTLEMENT_SLA,,0.00,6.1,Actual grouped settlement posted after this payment's T+2 due date.
PAY_CLAUSE_000622,PASS,,,,0.00,,
PAY_CLAUSE_000623,VIOLATION,SETTLEMENT_SLA,SETTLEMENT_SLA,,0.00,6.1,Actual grouped settlement posted after this payment's T+2 due date.
PAY_CLAUSE_000624,VIOLATION,SETTLEMENT_SLA,SETTLEMENT_SLA,,0.00,6.1,Actual grouped settlement posted after this payment's T+2 due date.
PAY_CLAUSE_000625,VIOLATION,SETTLEMENT_SLA,SETTLEMENT_SLA,,0.00,6.1,Actual grouped settlement posted after this payment's T+2 due date.
PAY_CLAUSE_000626,VIOLATION,SETTLEMENT_SLA,SETTLEMENT_SLA,,0.00,6.1,Actual grouped settlement posted after this payment's T+2 due date.
PAY_CLAUSE_000627,VIOLATION,SETTLEMENT_SLA,SETTLEMENT_SLA,,0.00,6.1,Actual grouped settlement posted after this payment's T+2 due date.
PAY_CLAUSE_000628,VIOLATION,SETTLEMENT_SLA;UNSUPPORTED_FEE,SETTLEMENT_SLA;UNSUPPORTED_FEE,,149.00,4.6;6.1,Unlisted settlement deduction; contractual expectation is INR 0.00. Actual grouped settlement posted after this payment's T+2 due date.
PAY_CLAUSE_000629,VIOLATION,SETTLEMENT_SLA,SETTLEMENT_SLA,,0.00,6.1,Actual grouped settlement posted after this payment's T+2 due date.
PAY_CLAUSE_000630,VIOLATION,SETTLEMENT_SLA,SETTLEMENT_SLA,,0.00,6.1,Actual grouped settlement posted after this payment's T+2 due date.
PAY_CLAUSE_000631,VIOLATION,SETTLEMENT_SLA,SETTLEMENT_SLA,,0.00,6.1,Actual grouped settlement posted after this payment's T+2 due date.
PAY_CLAUSE_000632,PASS,,,,0.00,,
PAY_CLAUSE_000633,VIOLATION,SETTLEMENT_SLA,SETTLEMENT_SLA,,0.00,6.1,Actual grouped settlement posted after this payment's T+2 due date.
PAY_CLAUSE_000634,PASS,,,,0.00,,
PAY_CLAUSE_000635,VIOLATION,SETTLEMENT_SLA,SETTLEMENT_SLA,,0.00,6.1,INR 0.01 rounding/tolerance edge; expected to pass. Actual grouped settlement posted after this payment's T+2 due date.
PAY_CLAUSE_000636,VIOLATION,SETTLEMENT_SLA,SETTLEMENT_SLA,,0.00,6.1,Actual grouped settlement posted after this payment's T+2 due date.
PAY_CLAUSE_000637,VIOLATION,GST_ON_FEE;MDR_RATE;SETTLEMENT_SLA,MDR_RATE;SETTLEMENT_SLA,GST_ON_FEE,2.36,4.2;4.3;6.1,Pre-amendment MDR overcharge; GST downstream of excessive fee. Actual grouped settlement posted after this payment's T+2 due date.
PAY_CLAUSE_000638,VIOLATION,SETTLEMENT_SLA,SETTLEMENT_SLA,,0.00,6.1,Actual grouped settlement posted after this payment's T+2 due date.
PAY_CLAUSE_000639,VIOLATION,GST_ON_FEE;SETTLEMENT_SLA,GST_ON_FEE;SETTLEMENT_SLA,,9.30,4.3;6.1,GST calculated at 22% of approved fee instead of 18%. Actual grouped settlement posted after this payment's T+2 due date.
PAY_CLAUSE_000640,VIOLATION,SETTLEMENT_SLA;UNSUPPORTED_FEE,SETTLEMENT_SLA;UNSUPPORTED_FEE,,149.00,4.6;6.1,Unlisted settlement deduction; contractual expectation is INR 0.00. Actual grouped settlement posted after this payment's T+2 due date.
PAY_CLAUSE_000641,VIOLATION,SETTLEMENT_SLA,SETTLEMENT_SLA,,0.00,6.1,Actual grouped settlement posted after this payment's T+2 due date.
PAY_CLAUSE_000642,VIOLATION,SETTLEMENT_SLA,SETTLEMENT_SLA,,0.00,6.1,Actual grouped settlement posted after this payment's T+2 due date.
PAY_CLAUSE_000643,VIOLATION,SETTLEMENT_SLA,SETTLEMENT_SLA,,0.00,6.1,Actual grouped settlement posted after this payment's T+2 due date.
PAY_CLAUSE_000644,PASS,,,,0.00,,
PAY_CLAUSE_000645,VIOLATION,SETTLEMENT_SLA,SETTLEMENT_SLA,,0.00,6.1,Actual grouped settlement posted after this payment's T+2 due date.
PAY_CLAUSE_000646,VIOLATION,CHARGEBACK_FEE_OVERCHARGE,CHARGEBACK_FEE_OVERCHARGE,,250.00,4.7;7.4,Chargeback administration fee is INR 500 instead of permitted INR 250.
PAY_CLAUSE_000647,VIOLATION,SETTLEMENT_SLA,SETTLEMENT_SLA,,0.00,6.1,Actual grouped settlement posted after this payment's T+2 due date.
PAY_CLAUSE_000648,VIOLATION,SETTLEMENT_SLA,SETTLEMENT_SLA,,0.00,6.1,Actual grouped settlement posted after this payment's T+2 due date.
PAY_CLAUSE_000649,VIOLATION,SETTLEMENT_SLA,SETTLEMENT_SLA,,0.00,6.1,Actual grouped settlement posted after this payment's T+2 due date.
PAY_CLAUSE_000650,VIOLATION,SETTLEMENT_SLA,SETTLEMENT_SLA,,0.00,6.1,Actual grouped settlement posted after this payment's T+2 due date.
PAY_CLAUSE_000651,VIOLATION,SETTLEMENT_SLA,SETTLEMENT_SLA,,0.00,6.1,Actual grouped settlement posted after this payment's T+2 due date.
PAY_CLAUSE_000652,VIOLATION,SETTLEMENT_SLA,SETTLEMENT_SLA,,0.00,6.1,Actual grouped settlement posted after this payment's T+2 due date.
PAY_CLAUSE_000653,VIOLATION,SETTLEMENT_SLA,SETTLEMENT_SLA,,0.00,6.1,Actual grouped settlement posted after this payment's T+2 due date.
PAY_CLAUSE_000654,VIOLATION,SETTLEMENT_SLA,SETTLEMENT_SLA,,0.00,6.1,Actual grouped settlement posted after this payment's T+2 due date.
PAY_CLAUSE_000655,VIOLATION,SETTLEMENT_SLA,SETTLEMENT_SLA,,0.00,6.1,Actual grouped settlement posted after this payment's T+2 due date.
PAY_CLAUSE_000656,VIOLATION,SETTLEMENT_SLA,SETTLEMENT_SLA,,0.00,6.1,Actual grouped settlement posted after this payment's T+2 due date.
PAY_CLAUSE_000657,VIOLATION,SETTLEMENT_SLA,SETTLEMENT_SLA,,0.00,6.1,Actual grouped settlement posted after this payment's T+2 due date.
PAY_CLAUSE_000658,VIOLATION,SETTLEMENT_SLA,SETTLEMENT_SLA,,0.00,6.1,Actual grouped settlement posted after this payment's T+2 due date.
PAY_CLAUSE_000659,VIOLATION,SETTLEMENT_SLA,SETTLEMENT_SLA,,0.00,6.1,Actual grouped settlement posted after this payment's T+2 due date.
PAY_CLAUSE_000660,VIOLATION,SETTLEMENT_SLA,SETTLEMENT_SLA,,0.00,6.1,Actual grouped settlement posted after this payment's T+2 due date.
PAY_CLAUSE_000661,VIOLATION,SETTLEMENT_SLA,SETTLEMENT_SLA,,0.00,6.1,Actual grouped settlement posted after this payment's T+2 due date.
PAY_CLAUSE_000662,VIOLATION,SETTLEMENT_SLA,SETTLEMENT_SLA,,0.00,6.1,Actual grouped settlement posted after this payment's T+2 due date.
PAY_CLAUSE_000663,VIOLATION,SETTLEMENT_SLA,SETTLEMENT_SLA,,0.00,6.1,Actual grouped settlement posted after this payment's T+2 due date.
PAY_CLAUSE_000664,VIOLATION,SETTLEMENT_SLA,SETTLEMENT_SLA,,0.00,6.1,Actual grouped settlement posted after this payment's T+2 due date.
PAY_CLAUSE_000665,VIOLATION,SETTLEMENT_SLA,SETTLEMENT_SLA,,0.00,6.1,Actual grouped settlement posted after this payment's T+2 due date.
PAY_CLAUSE_000666,VIOLATION,GST_ON_FEE;MDR_RATE,MDR_RATE,GST_ON_FEE,35.40,4.3;A1.2,Post-amendment MDR exceeds approved 1.65%; GST downstream.
PAY_CLAUSE_000667,VIOLATION,SETTLEMENT_SLA,SETTLEMENT_SLA,,0.00,6.1,Actual grouped settlement posted after this payment's T+2 due date.
PAY_CLAUSE_000668,VIOLATION,SETTLEMENT_SLA,SETTLEMENT_SLA,,0.00,6.1,Actual grouped settlement posted after this payment's T+2 due date.
PAY_CLAUSE_000669,VIOLATION,SETTLEMENT_SLA,SETTLEMENT_SLA,,0.00,6.1,Actual grouped settlement posted after this payment's T+2 due date.
PAY_CLAUSE_000670,VIOLATION,SETTLEMENT_SLA,SETTLEMENT_SLA,,0.00,6.1,Actual grouped settlement posted after this payment's T+2 due date.
PAY_CLAUSE_000671,VIOLATION,SETTLEMENT_SLA,SETTLEMENT_SLA,,0.00,6.1,Actual grouped settlement posted after this payment's T+2 due date.
PAY_CLAUSE_000672,VIOLATION,SETTLEMENT_SLA,SETTLEMENT_SLA,,0.00,6.1,Actual grouped settlement posted after this payment's T+2 due date.
PAY_CLAUSE_000673,VIOLATION,SETTLEMENT_SLA,SETTLEMENT_SLA,,0.00,6.1,Actual grouped settlement posted after this payment's T+2 due date.
PAY_CLAUSE_000674,PASS,,,,0.00,,
PAY_CLAUSE_000675,VIOLATION,SETTLEMENT_SLA,SETTLEMENT_SLA,,0.00,6.1,Actual grouped settlement posted after this payment's T+2 due date.
PAY_CLAUSE_000676,VIOLATION,SETTLEMENT_SLA,SETTLEMENT_SLA,,0.00,6.1,Actual grouped settlement posted after this payment's T+2 due date.
PAY_CLAUSE_000677,VIOLATION,GST_ON_FEE;SETTLEMENT_SLA,GST_ON_FEE;SETTLEMENT_SLA,,0.50,4.3;6.1,GST calculated at 22% of approved fee instead of 18%. Actual grouped settlement posted after this payment's T+2 due date.
PAY_CLAUSE_000678,PASS,,,,0.00,,
PAY_CLAUSE_000679,VIOLATION,SETTLEMENT_SLA,SETTLEMENT_SLA,,0.00,6.1,Actual grouped settlement posted after this payment's T+2 due date.
PAY_CLAUSE_000680,VIOLATION,SETTLEMENT_SLA,SETTLEMENT_SLA,,0.00,6.1,Actual grouped settlement posted after this payment's T+2 due date.
PAY_CLAUSE_000681,VIOLATION,SETTLEMENT_SLA,SETTLEMENT_SLA,,0.00,6.1,Actual grouped settlement posted after this payment's T+2 due date.
PAY_CLAUSE_000682,VIOLATION,SETTLEMENT_SLA,SETTLEMENT_SLA,,0.00,6.1,Actual grouped settlement posted after this payment's T+2 due date.
PAY_CLAUSE_000683,VIOLATION,SETTLEMENT_SLA,SETTLEMENT_SLA,,0.00,6.1,Actual grouped settlement posted after this payment's T+2 due date.
PAY_CLAUSE_000684,VIOLATION,REFUND_EXCEEDS_PAYMENT;SETTLEMENT_SLA,REFUND_EXCEEDS_PAYMENT;SETTLEMENT_SLA,,1874.93,6.1;7.3,Cumulative successful refunds exceed captured payment principal. Actual grouped settlement posted after this payment's T+2 due date.
PAY_CLAUSE_000685,VIOLATION,SETTLEMENT_SLA,SETTLEMENT_SLA,,0.00,6.1,Actual grouped settlement posted after this payment's T+2 due date.
PAY_CLAUSE_000686,VIOLATION,SETTLEMENT_SLA,SETTLEMENT_SLA,,0.00,6.1,Actual grouped settlement posted after this payment's T+2 due date.
PAY_CLAUSE_000687,VIOLATION,SETTLEMENT_SLA,SETTLEMENT_SLA,,0.00,6.1,Actual grouped settlement posted after this payment's T+2 due date.
PAY_CLAUSE_000688,PASS,,,,0.00,,
PAY_CLAUSE_000689,VIOLATION,SETTLEMENT_SLA,SETTLEMENT_SLA,,0.00,6.1,Actual grouped settlement posted after this payment's T+2 due date.
PAY_CLAUSE_000690,VIOLATION,SETTLEMENT_SLA,SETTLEMENT_SLA,,0.00,6.1,Actual grouped settlement posted after this payment's T+2 due date.
PAY_CLAUSE_000691,VIOLATION,SETTLEMENT_SLA,SETTLEMENT_SLA,,0.00,6.1,Actual grouped settlement posted after this payment's T+2 due date.
PAY_CLAUSE_000692,VIOLATION,SETTLEMENT_SLA,SETTLEMENT_SLA,,0.00,6.1,Actual grouped settlement posted after this payment's T+2 due date.
PAY_CLAUSE_000693,VIOLATION,SETTLEMENT_SLA,SETTLEMENT_SLA,,0.00,6.1,Actual grouped settlement posted after this payment's T+2 due date.
PAY_CLAUSE_000694,VIOLATION,SETTLEMENT_SLA,SETTLEMENT_SLA,,0.00,6.1,Actual grouped settlement posted after this payment's T+2 due date.
PAY_CLAUSE_000695,VIOLATION,SETTLEMENT_SLA,SETTLEMENT_SLA,,0.00,6.1,Actual grouped settlement posted after this payment's T+2 due date.
PAY_CLAUSE_000696,PASS,,,,0.00,,
PAY_CLAUSE_000697,VIOLATION,GST_ON_FEE;MDR_RATE;SETTLEMENT_SLA,MDR_RATE;SETTLEMENT_SLA,GST_ON_FEE,35.40,4.2;4.3;6.1,Pre-amendment MDR overcharge; GST downstream of excessive fee. Actual grouped settlement posted after this payment's T+2 due date.
PAY_CLAUSE_000698,VIOLATION,SETTLEMENT_SLA,SETTLEMENT_SLA,,0.00,6.1,Actual grouped settlement posted after this payment's T+2 due date.
PAY_CLAUSE_000699,VIOLATION,SETTLEMENT_SLA,SETTLEMENT_SLA,,0.00,6.1,Actual grouped settlement posted after this payment's T+2 due date.
PAY_CLAUSE_000700,VIOLATION,GST_ON_FEE,GST_ON_FEE,,0.33,4.3,GST calculated at 22% of approved fee instead of 18%.
PAY_CLAUSE_000701,VIOLATION,FAILED_PAYMENT_IN_SETTLEMENT,FAILED_PAYMENT_IN_SETTLEMENT,,0.00,1.3;6.2,Failed payment was erroneously included in a settlement; captured-only eligibility test.
PAY_CLAUSE_000702,VIOLATION,FAILED_PAYMENT_IN_SETTLEMENT,FAILED_PAYMENT_IN_SETTLEMENT,,0.00,1.3;6.2,Failed payment was erroneously included in a settlement; captured-only eligibility test.
PAY_CLAUSE_000703,VIOLATION,FAILED_PAYMENT_IN_SETTLEMENT,FAILED_PAYMENT_IN_SETTLEMENT,,0.00,1.3;6.2,Failed payment was erroneously included in a settlement; captured-only eligibility test.
PAY_CLAUSE_000704,VIOLATION,FAILED_PAYMENT_IN_SETTLEMENT,FAILED_PAYMENT_IN_SETTLEMENT,,0.00,1.3;6.2,Failed payment was erroneously included in a settlement; captured-only eligibility test.
PAY_CLAUSE_000705,PASS,,,,0.00,,
PAY_CLAUSE_000706,PASS,,,,0.00,,
PAY_CLAUSE_000707,PASS,,,,0.00,,
PAY_CLAUSE_000708,PASS,,,,0.00,,
PAY_CLAUSE_000709,PASS,,,,0.00,,
PAY_CLAUSE_000710,PASS,,,,0.00,,
PAY_CLAUSE_000711,PASS,,,,0.00,,
PAY_CLAUSE_000712,PASS,,,,0.00,,
PAY_CLAUSE_000713,PASS,,,,0.00,,
PAY_CLAUSE_000714,PASS,,,,0.00,,
PAY_CLAUSE_000715,PASS,,,,0.00,,
PAY_CLAUSE_000716,PASS,,,,0.00,,
PAY_CLAUSE_000717,PASS,,,,0.00,,
PAY_CLAUSE_000718,PASS,,,,0.00,,
PAY_CLAUSE_000719,PASS,,,,0.00,,
PAY_CLAUSE_000720,PASS,,,,0.00,,
PAY_CLAUSE_000721,PASS,,,,0.00,,
PAY_CLAUSE_000722,PASS,,,,0.00,,
PAY_CLAUSE_000723,PASS,,,,0.00,,
PAY_CLAUSE_000724,PASS,,,,0.00,,
PAY_CLAUSE_000725,PASS,,,,0.00,,
PAY_CLAUSE_000726,PASS,,,,0.00,,
PAY_CLAUSE_000727,PASS,,,,0.00,,
PAY_CLAUSE_000728,PASS,,,,0.00,,
PAY_CLAUSE_000729,PASS,,,,0.00,,
PAY_CLAUSE_000730,PASS,,,,0.00,,
PAY_CLAUSE_000731,PASS,,,,0.00,,
PAY_CLAUSE_000732,PASS,,,,0.00,,
PAY_CLAUSE_000733,PASS,,,,0.00,,
PAY_CLAUSE_000734,PASS,,,,0.00,,
PAY_CLAUSE_000735,PASS,,,,0.00,,
PAY_CLAUSE_000736,PASS,,,,0.00,,
PAY_CLAUSE_000737,PASS,,,,0.00,,
PAY_CLAUSE_000738,PASS,,,,0.00,,
PAY_CLAUSE_000739,PASS,,,,0.00,,
PAY_CLAUSE_000740,PASS,,,,0.00,,
PAY_CLAUSE_000741,PASS,,,,0.00,,
PAY_CLAUSE_000742,PASS,,,,0.00,,
PAY_CLAUSE_000743,PASS,,,,0.00,,
PAY_CLAUSE_000744,PASS,,,,0.00,,
PAY_CLAUSE_000745,PASS,,,,0.00,,
PAY_CLAUSE_000746,PASS,,,,0.00,,
PAY_CLAUSE_000747,PASS,,,,0.00,,
PAY_CLAUSE_000748,PASS,,,,0.00,,
PAY_CLAUSE_000749,PASS,,,,0.00,,
PAY_CLAUSE_000750,PASS,,,,0.00,,
